{"type":"FeatureCollection","bbox":[139.75,35.535,139.805,35.57],"features":[{"type":"Feature","properties":{"gmlId":"bldg_85660669-ad73-413e-b750-b1c28309955a","name":"東京消防庁蒲田消防署ターミナル分駐所","usage":"運輸倉庫施設","majorUsage":null,"usageCode":"431","majorUsageCode":null,"usageCodeSpace":"https://assets.cms.plateau.reearth.io/assets/2c/6a2f27-a1e1-466a-a8cf-4627060f7ca4/13111_ota-ku_pref_2025_citygml_1_op/codelists/Building_usage.xml","majorUsageCodeSpace":null,"measuredHeight":39.4,"storeysAboveGround":6,"rawMeasuredHeight":"39.4","rawStoreysAboveGround":"6","category":"PUBLIC_TRANSPORT","city":"大田区","dataYear":2025,"geometrySource":"lod0RoofEdge","sourceMesh":"53392652"},"geometry":{"type":"Polygon","coordinates":[[[139.785672,35.5448082],[139.7856991,35.5448014],[139.7857355,35.5448134],[139.7857215,35.5448417],[139.7856794,35.5448278],[139.785678,35.544824],[139.7856627,35.5448282],[139.7856629,35.5448291],[139.7856609,35.5448299],[139.7856598,35.5448291],[139.7854637,35.5448841],[139.7854648,35.5448883],[139.7854465,35.5448959],[139.7854514,35.5449107],[139.7854736,35.5449082],[139.7854752,35.5449107],[139.7855765,35.5448817],[139.7855774,35.54488],[139.7855797,35.5448802],[139.7855798,35.5448808],[139.7855875,35.5448786],[139.7855873,35.5448782],[139.7856151,35.5448699],[139.7856511,35.5448841],[139.785636,35.5449141],[139.7856035,35.5449012],[139.7855983,35.5449102],[139.7855865,35.5449142],[139.7855855,35.5449144],[139.7855135,35.5449314],[139.7855125,35.5449316],[139.785512,35.5449308],[139.7855064,35.5449209],[139.7854855,35.5449269],[139.7854641,35.5449376],[139.7854469,35.5449285],[139.7854463,35.5449303],[139.7854381,35.544937],[139.7854606,35.5451828],[139.7860786,35.5454752],[139.7859996,35.5452321],[139.7859951,35.5452312],[139.7859795,35.5452184],[139.7859738,35.545201],[139.7859795,35.5451835],[139.7859951,35.5451708],[139.7860165,35.5451661],[139.7860284,35.5451687],[139.7860304,35.5451561],[139.786046,35.5451425],[139.7860483,35.5451443],[139.7861707,35.5450533],[139.7861683,35.5450512],[139.7861636,35.5450469],[139.7861569,35.5450407],[139.7861664,35.5450338],[139.7861793,35.5450339],[139.7861871,35.5450411],[139.7861907,35.5450384],[139.78619,35.5450377],[139.7862081,35.5450217],[139.786252,35.5450239],[139.7862493,35.5450566],[139.7862054,35.545053],[139.7862043,35.5450518],[139.7861882,35.5450642],[139.7861882,35.5450645],[139.7861872,35.5450649],[139.7860662,35.545158],[139.7860681,35.5451595],[139.7860485,35.5451796],[139.7860534,35.5451835],[139.7860567,35.5451937],[139.7860808,35.5451859],[139.7860817,35.5451875],[139.7861958,35.545147],[139.7861966,35.5451456],[139.7861988,35.5451459],[139.7862198,35.5451384],[139.7862294,35.54513],[139.7862733,35.5451322],[139.7862706,35.545165],[139.7862267,35.5451613],[139.7862224,35.545157],[139.7862197,35.545158],[139.7862239,35.5451656],[139.7862188,35.5451753],[139.7862073,35.5451796],[139.7862062,35.5451799],[139.786129,35.5452019],[139.7861279,35.5452022],[139.7861274,35.5452014],[139.7861225,35.5451935],[139.7860919,35.5452047],[139.7860937,35.5452077],[139.7860707,35.5452172],[139.7860563,35.5452096],[139.7860534,35.5452184],[139.7860479,35.5452229],[139.7861393,35.5455039],[139.78628,35.5455705],[139.7866271,35.5454964],[139.7866294,35.5454892],[139.786645,35.5454765],[139.7866664,35.5454718],[139.7866877,35.5454765],[139.7867033,35.5454892],[139.786709,35.5455067],[139.7867049,35.5455191],[139.7867145,35.5455295],[139.7869532,35.5454481],[139.7869538,35.5454472],[139.7869553,35.5454474],[139.7869793,35.5454392],[139.7869787,35.5454373],[139.7870048,35.5454307],[139.7870407,35.5454457],[139.7870233,35.5454753],[139.7869865,35.5454592],[139.7869856,35.5454566],[139.7869769,35.5454594],[139.7869815,35.5454686],[139.7869759,35.5454781],[139.7869641,35.545482],[139.7869631,35.5454822],[139.7868861,35.5455021],[139.7868851,35.5455024],[139.7868846,35.5455015],[139.7868792,35.5454918],[139.7867265,35.5455425],[139.7867271,35.5455432],[139.7867043,35.5455573],[139.7866858,35.5455373],[139.7866663,35.5455415],[139.786645,35.5455369],[139.7866411,35.5455337],[139.78634,35.5455989],[139.7867384,35.5457874],[139.7871833,35.5457536],[139.7871839,35.5457519],[139.7871995,35.5457391],[139.7872208,35.5457344],[139.7872421,35.5457391],[139.7872577,35.5457519],[139.7872592,35.5457564],[139.7872914,35.545755],[139.7872917,35.5457586],[139.7875675,35.5457318],[139.7875682,35.5457306],[139.7875705,35.5457309],[139.7875706,35.5457315],[139.7875812,35.5457305],[139.787588,35.5457298],[139.7875877,35.5457266],[139.7876138,35.5457251],[139.7876565,35.5457421],[139.7876401,35.5457698],[139.7875897,35.5457498],[139.7875896,35.5457488],[139.7875888,35.5457488],[139.7875903,35.5457572],[139.7875821,35.5457654],[139.7875695,35.5457668],[139.7875684,35.5457669],[139.787489,35.5457714],[139.7874879,35.5457714],[139.7874877,35.5457705],[139.7874852,35.5457596],[139.7874863,35.5457595],[139.7875671,35.545753],[139.7875667,35.5457508],[139.7874211,35.5457639],[139.7872946,35.5457753],[139.7872927,35.5457754],[139.787293,35.5457789],[139.7872598,35.5457803],[139.7872577,35.5457867],[139.7872421,35.5457995],[139.7872208,35.5458041],[139.7871995,35.5457995],[139.7871903,35.545792],[139.7868051,35.5458189],[139.7868456,35.5458381],[139.7868375,35.5458495],[139.786844,35.5458526],[139.786873,35.5458668],[139.7867009,35.5461057],[139.786674,35.5460927],[139.7866703,35.5460978],[139.7866071,35.5460679],[139.7865937,35.5460866],[139.7864681,35.5460261],[139.786481,35.5460082],[139.7863746,35.5459579],[139.7863615,35.5459759],[139.7862221,35.5459078],[139.7861765,35.5459702],[139.7861911,35.5459772],[139.7860859,35.5461232],[139.7860702,35.5461156],[139.7860176,35.5461876],[139.7863461,35.5463387],[139.7860202,35.5468118],[139.7860027,35.5468037],[139.7859915,35.5468199],[139.7859122,35.5469352],[139.7859116,35.5469349],[139.785909,35.5469386],[139.7857368,35.5468572],[139.785704,35.5469029],[139.7858014,35.5469525],[139.7857998,35.546955],[139.7858749,35.5469905],[139.7858652,35.5470057],[139.7858796,35.5470125],[139.785843,35.547064],[139.7858972,35.5470896],[139.7852338,35.5480249],[139.7856701,35.5482321],[139.7856681,35.5482349],[139.7856673,35.5482361],[139.7856926,35.5482482],[139.7856642,35.5482879],[139.785639,35.5482759],[139.7856355,35.5482809],[139.7856337,35.5482833],[139.7851974,35.5480761],[139.7849072,35.5484853],[139.7846567,35.5488384],[139.7846722,35.5488457],[139.7843649,35.5492829],[139.7843472,35.5492746],[139.7841101,35.5496089],[139.7838061,35.5500375],[139.7842437,35.5502441],[139.7842404,35.5502488],[139.784264,35.5502599],[139.7842345,35.5503015],[139.784211,35.5502904],[139.7842084,35.550294],[139.7837707,35.5500873],[139.7831066,35.5510234],[139.7830515,35.5509973],[139.7830173,35.5510454],[139.783053,35.5510623],[139.7830316,35.5510923],[139.7826632,35.5509174],[139.7825295,35.5511055],[139.7825237,35.5511136],[139.7825433,35.5511229],[139.7824788,35.5512136],[139.7824359,35.551274],[139.7824275,35.5512859],[139.7824236,35.551284],[139.7824079,35.5512766],[139.7822958,35.5514343],[139.7822873,35.5514462],[139.7822834,35.5514444],[139.7822666,35.5514364],[139.7821677,35.5515756],[139.7821941,35.5515878],[139.7821261,35.5516855],[139.7820986,35.5516727],[139.7819741,35.5518479],[139.7824337,35.5520656],[139.7822609,35.5523098],[139.782253,35.5523061],[139.7822462,35.5523167],[139.782201,35.5522953],[139.7822618,35.5525296],[139.7822661,35.5525306],[139.7822817,35.5525433],[139.7822874,35.5525607],[139.7822817,35.5525782],[139.782266,35.552591],[139.7822643,35.5525913],[139.7822707,35.5526085],[139.7822617,35.5526203],[139.7822447,35.5526232],[139.7820157,35.5527586],[139.7820159,35.5527598],[139.7820139,35.5527606],[139.7820132,35.5527601],[139.7820034,35.5527658],[139.7820076,35.5527706],[139.7819933,35.5527783],[139.7819937,35.5527787],[139.7819946,35.5527782],[139.7820561,35.5527438],[139.7820568,35.5527445],[139.7820624,35.5527509],[139.782063,35.5527516],[139.7820621,35.5527521],[139.7820031,35.552788],[139.7820022,35.5527885],[139.7819917,35.5527945],[139.7819789,35.5527933],[139.7819728,35.5527864],[139.7819627,35.5527878],[139.7819442,35.5527808],[139.7819259,35.5527637],[139.7819556,35.5527387],[139.7819738,35.5527552],[139.7819874,35.5527473],[139.7819893,35.5527495],[139.7820006,35.5527428],[139.7819994,35.5527418],[139.7820005,35.5527402],[139.7820027,35.5527404],[139.7820029,35.5527414],[139.7822308,35.5526065],[139.7822336,35.5525932],[139.7822234,35.552591],[139.7822078,35.5525782],[139.7822021,35.5525608],[139.7822078,35.5525433],[139.7822132,35.5525389],[139.7821412,35.5522669],[139.781721,35.552068],[139.781724,35.5522751],[139.7817342,35.5522834],[139.7817399,35.5523008],[139.7817342,35.5523183],[139.7817186,35.552331],[139.7816972,35.5523357],[139.7816934,35.5523349],[139.7816943,35.5523356],[139.7816681,35.5523583],[139.7816658,35.5523566],[139.7815735,35.5524372],[139.7815795,35.5524417],[139.7816305,35.5523971],[139.7816313,35.5523964],[139.7816321,35.552397],[139.781639,35.5524024],[139.7816398,35.5524031],[139.7816391,35.5524037],[139.7815908,35.5524492],[139.78159,35.5524498],[139.7815814,35.5524575],[139.7815686,35.5524584],[139.7815609,35.5524526],[139.7815574,35.5524564],[139.7815134,35.5524601],[139.7815093,35.5524296],[139.7815518,35.5524237],[139.7815542,35.5524259],[139.7815643,35.5524173],[139.781564,35.552417],[139.781565,35.5524153],[139.7815663,35.5524155],[139.7816105,35.5523777],[139.7816497,35.5523442],[139.7816467,35.5523418],[139.7816672,35.552324],[139.7816603,35.5523183],[139.7816576,35.55231],[139.7816288,35.5523153],[139.7816277,35.552313],[139.781447,35.5523679],[139.7814436,35.5523689],[139.7814442,35.5523702],[139.7814172,35.5523779],[139.7813803,35.5523664],[139.7813949,35.5523333],[139.7814351,35.5523478],[139.7814355,35.5523487],[139.7814374,35.5523481],[139.7814357,35.5523436],[139.7814346,35.5523408],[139.7814411,35.5523316],[139.7814532,35.5523285],[139.7815155,35.5523102],[139.7815166,35.5523099],[139.7815169,35.5523108],[139.7815199,35.5523182],[139.7815203,35.5523191],[139.7815193,35.5523194],[139.7814588,35.5523395],[139.7814578,35.5523398],[139.7814586,35.5523421],[139.7814641,35.5523405],[139.7816202,35.552296],[139.7816198,35.552295],[139.7816306,35.5522876],[139.7816434,35.5522864],[139.7816577,35.5522913],[139.7816603,35.5522834],[139.7816751,35.5522713],[139.7816709,35.5520443],[139.7814937,35.5519603],[139.7812217,35.5520643],[139.7812182,35.5520749],[139.7812026,35.5520876],[139.7811812,35.5520923],[139.7811599,35.5520876],[139.7811521,35.5520812],[139.7811193,35.552095],[139.7811179,35.5520928],[139.7808902,35.5521836],[139.7808873,35.5521847],[139.7808896,35.5521899],[139.7809548,35.5521683],[139.7809559,35.5521679],[139.7809562,35.5521688],[139.7809595,35.5521762],[139.7809598,35.552177],[139.7809588,35.5521774],[139.7808894,35.5522028],[139.7808884,35.5522031],[139.7808766,35.5522068],[139.7808646,35.552203],[139.7808627,35.552199],[139.7808477,35.5522035],[139.7808079,35.5521911],[139.7808217,35.5521616],[139.7808519,35.552171],[139.7808776,35.5521633],[139.7808788,35.5521658],[139.7808859,35.552163],[139.7809087,35.5521539],[139.7811067,35.552075],[139.7811044,35.5520715],[139.7811387,35.5520571],[139.7811443,35.55204],[139.7811599,35.5520272],[139.7811812,35.5520225],[139.7812026,35.5520272],[139.7812035,35.552028],[139.7814414,35.5519356],[139.7808914,35.5516751],[139.7806512,35.5517872],[139.780646,35.5518032],[139.7806303,35.5518159],[139.7806275,35.5518165],[139.7806289,35.5518339],[139.7806065,35.5518519],[139.7806038,35.5518493],[139.7804454,35.5519638],[139.7804455,35.551964],[139.7804444,35.5519645],[139.7804413,35.5519668],[139.7804433,35.5519691],[139.7804352,35.5519741],[139.7804375,35.5519763],[139.7804465,35.5519856],[139.7804367,35.5519922],[139.7804238,35.5519916],[139.7804174,35.5519852],[139.7804059,35.5519923],[139.7803658,35.5519874],[139.7803723,35.5519545],[139.7804066,35.5519596],[139.7804185,35.551955],[139.7804181,35.5519547],[139.7804327,35.5519445],[139.7805892,35.5518352],[139.7805885,35.5518345],[139.7805895,35.5518163],[139.7805877,35.5518159],[139.7805844,35.5518132],[139.7805542,35.5518221],[139.780553,35.5518194],[139.7804492,35.5518517],[139.7804493,35.5518522],[139.7804473,35.551853],[139.7804466,35.5518525],[139.7804363,35.5518557],[139.7804375,35.5518585],[139.7804099,35.5518679],[139.7803736,35.5518467],[139.7803988,35.5518204],[139.7804298,35.5518395],[139.7804318,35.5518389],[139.780428,35.551829],[139.7804345,35.5518199],[139.7804466,35.5518168],[139.7805068,35.5517974],[139.7805079,35.5517971],[139.7805082,35.551798],[139.7805112,35.5518054],[139.7805116,35.5518063],[139.7805106,35.5518066],[139.7804522,35.5518277],[139.7804512,35.5518281],[139.7804526,35.5518321],[139.7805453,35.5518018],[139.7805442,35.5517993],[139.7805685,35.5517922],[139.7805663,35.5517857],[139.7805721,35.5517683],[139.7805877,35.5517555],[139.780609,35.5517509],[139.7806287,35.5517552],[139.7808452,35.5516532],[139.7807965,35.5516302],[139.7808047,35.5516185],[139.7805115,35.5516774],[139.7805066,35.5516841],[139.7804862,35.5516945],[139.7804631,35.5516939],[139.7804479,35.5516877],[139.780439,35.5516795],[139.7804091,35.5516872],[139.7804068,35.5516814],[139.7803307,35.551697],[139.7801988,35.5517242],[139.7801112,35.5517423],[139.7801127,35.5517474],[139.7801137,35.5517472],[139.7801859,35.5517368],[139.7801861,35.5517377],[139.780188,35.5517454],[139.7801882,35.5517463],[139.7801871,35.5517465],[139.7801166,35.5517588],[139.7801156,35.551759],[139.7801032,35.5517612],[139.780092,35.551756],[139.7800895,35.5517468],[139.7800807,35.5517486],[139.7800813,35.5517501],[139.7800518,35.551759],[139.7800264,35.5517202],[139.7800655,35.5517071],[139.7800734,35.5517288],[139.780108,35.551722],[139.7801248,35.5517187],[139.7804004,35.5516647],[139.7803998,35.551663],[139.7804333,35.5516544],[139.7804334,35.5516496],[139.7804687,35.5516001],[139.7804421,35.5515833],[139.7804436,35.5515818],[139.7802913,35.551476],[139.7802832,35.5514836],[139.7802736,35.5514926],[139.7802639,35.5514857],[139.7802624,35.5514752],[139.7802741,35.5514641],[139.7802644,35.5514575],[139.7802405,35.5514405],[139.780241,35.5514081],[139.7802802,35.5514063],[139.7802801,35.5514409],[139.780279,35.5514421],[139.7802965,35.5514542],[139.7802969,35.5514544],[139.7804581,35.5515664],[139.780462,35.5515623],[139.7804852,35.5515769],[139.7804863,35.5515753],[139.7804966,35.5515685],[139.7804813,35.5515448],[139.7804833,35.5515436],[139.7804187,35.5514867],[139.7804157,35.551484],[139.7804143,35.5514846],[139.7804127,35.5514833],[139.7804135,35.551482],[139.7804042,35.5514738],[139.7804036,35.5514744],[139.7803836,35.5514539],[139.7803868,35.5514233],[139.780425,35.5514243],[139.7804218,35.5514575],[139.7804197,35.5514595],[139.7804246,35.5514637],[139.7804347,35.551456],[139.7804476,35.5514569],[139.7804563,35.5514645],[139.7804569,35.5514652],[139.7804926,35.5515024],[139.7804918,35.551503],[139.7804841,35.5515091],[139.7804834,35.5515084],[139.7804465,35.5514734],[139.7804458,35.5514727],[139.7804398,35.5514771],[139.7805024,35.5515322],[139.7805061,35.55153],[139.7805254,35.551546],[139.7805264,35.5515629],[139.7805329,35.5515629],[139.7805446,35.5515692],[139.7805596,35.5515816],[139.7805626,35.5515938],[139.7805617,35.5516072],[139.7808526,35.5515503],[139.7809722,35.5513799],[139.7810704,35.5513582],[139.7808089,35.5512509],[139.7808076,35.551252],[139.7807862,35.5512567],[139.7807649,35.551252],[139.7807493,35.5512392],[139.7807436,35.5512218],[139.7807456,35.5512155],[139.7807256,35.5512062],[139.7807176,35.5511893],[139.78072,35.5511885],[139.7806715,35.5510122],[139.7806669,35.5509954],[139.7806581,35.5509974],[139.7806583,35.5509983],[139.7806724,35.5510578],[139.7806714,35.551058],[139.7806613,35.5510602],[139.780661,35.5510594],[139.7806448,35.551001],[139.7806446,35.5510001],[139.7806414,35.5509901],[139.7806473,35.5509807],[139.7806619,35.5509776],[139.7806616,35.5509765],[139.7806579,35.5509771],[139.7806535,35.5509589],[139.780668,35.550924],[139.7807056,35.5509367],[139.7806883,35.5509713],[139.7806909,35.550981],[139.7807458,35.5511802],[139.7807478,35.5511796],[139.7807567,35.5511983],[139.7807649,35.5511916],[139.780775,35.5511894],[139.7807714,35.5511615],[139.7807726,35.5511614],[139.7807547,35.5510703],[139.7807507,35.5510495],[139.7807484,35.5510498],[139.7807438,35.5510319],[139.7807619,35.5509983],[139.7807954,35.5510132],[139.7807769,35.5510467],[139.7807744,35.5510469],[139.7807749,35.5510497],[139.780786,35.551048],[139.7807963,35.5510544],[139.7807987,35.5510646],[139.7807819,35.5510671],[139.7807784,35.5510677],[139.7807964,35.5511593],[139.7807985,35.5511591],[139.7808025,35.5511905],[139.7808076,35.5511916],[139.7808232,35.5512043],[139.7808262,35.5512136],[139.7811404,35.5513427],[139.7811755,35.5513349],[139.7811159,35.5511485],[139.7811054,35.5511462],[139.7810898,35.5511334],[139.7810841,35.551116],[139.7810898,35.5510985],[139.7811054,35.5510858],[139.7811074,35.5510853],[139.7810993,35.5510767],[139.7810988,35.551059],[139.7811017,35.5510589],[139.781094,35.550959],[139.7810937,35.5509552],[139.7810918,35.5509317],[139.7810917,35.5509304],[139.7810858,35.5509308],[139.7810719,35.5509316],[139.7810709,35.5509213],[139.7810787,35.5509129],[139.7810903,35.5509121],[139.7810898,35.5509051],[139.7810889,35.5509052],[139.7810866,35.5508832],[139.7811092,35.5508535],[139.7811423,35.5508703],[139.7811174,35.5509031],[139.7811187,35.5509194],[139.7811294,35.5510583],[139.7811305,35.5510583],[139.7811289,35.5510816],[139.7811472,35.5510856],[139.7811617,35.5510641],[139.7811676,35.5510668],[139.7812292,35.5509828],[139.7812228,35.5509798],[139.7812221,35.5509806],[139.781192,35.5510161],[139.7811914,35.5510168],[139.7811904,35.5510164],[139.7811814,35.5510121],[139.781182,35.5510113],[139.7812103,35.5509746],[139.7812109,35.5509738],[139.7812174,35.5509649],[139.7812297,35.5509618],[139.7812408,35.5509672],[139.7812419,35.5509656],[139.78124,35.5509646],[139.7812546,35.5509465],[139.7812929,35.5509314],[139.7813098,35.5509599],[139.7812647,35.5509777],[139.7812044,35.5510599],[139.7811914,35.5510776],[139.7811921,35.5510779],[139.78118,35.5510958],[139.7811639,35.5510992],[139.7811694,35.551116],[139.7811637,35.5511334],[139.7811621,35.5511347],[139.7812228,35.5513244],[139.7815306,35.5512563],[139.7818095,35.5513902],[139.781833,35.5513568],[139.7818085,35.5513452],[139.7818076,35.5513448],[139.7822562,35.5507083],[139.7822755,35.5506807],[139.7821092,35.550601],[139.78209,35.5506052],[139.7820687,35.5506005],[139.7820531,35.5505878],[139.7820474,35.5505703],[139.7820491,35.5505651],[139.7820319,35.550556],[139.7820224,35.5505405],[139.7820264,35.5505389],[139.7819591,35.5504224],[139.7819578,35.5504228],[139.7819567,35.5504232],[139.781956,35.5504224],[139.7819135,35.550378],[139.7819128,35.5503773],[139.7819075,35.5503679],[139.7819113,35.5503578],[139.7819199,35.5503546],[139.7819193,35.5503536],[139.7819186,35.5503539],[139.78191,35.5503309],[139.7819296,35.5502993],[139.7819653,35.550315],[139.7819473,35.5503329],[139.7819459,35.550344],[139.781945,35.5503443],[139.7819469,35.5503477],[139.7819533,35.5503596],[139.7820462,35.5505308],[139.7820482,35.55053],[139.7820535,35.5505387],[139.7820638,35.5505442],[139.7820687,35.5505401],[139.7820791,35.5505378],[139.7820701,35.5505157],[139.7820761,35.5505141],[139.7820288,35.5504199],[139.7820219,35.5504062],[139.7820131,35.5503887],[139.7820122,35.5503891],[139.7820039,35.5503708],[139.7820204,35.5503372],[139.7820564,35.5503497],[139.7820412,35.550379],[139.7820383,35.55038],[139.7820398,35.5503832],[139.7820518,35.5503794],[139.7820633,35.550384],[139.7820679,35.5503937],[139.7820683,35.5503946],[139.7820906,35.5504499],[139.7820895,35.5504503],[139.7820796,35.5504536],[139.7820792,35.5504528],[139.7820524,35.5503996],[139.782052,35.5503988],[139.7820474,35.5504003],[139.782096,35.5505087],[139.7820992,35.5505078],[139.7821064,35.5505254],[139.7820983,35.5505373],[139.7821114,35.5505401],[139.782127,35.5505529],[139.7821317,35.5505672],[139.782299,35.5506475],[139.7827053,35.5500709],[139.7825423,35.5499918],[139.7825409,35.5499929],[139.7825196,35.5499975],[139.7824983,35.5499929],[139.7824827,35.5499801],[139.7824769,35.5499627],[139.7824805,35.5499519],[139.7824673,35.5499526],[139.7824473,35.5499365],[139.7824511,35.5499331],[139.78235,35.5498555],[139.7823466,35.5498529],[139.7823461,35.5498525],[139.7823431,35.5498554],[139.7823931,35.549889],[139.7823939,35.5498896],[139.7823846,35.5498978],[139.7823839,35.5498984],[139.782383,35.5498979],[139.7823328,35.5498666],[139.7823319,35.549866],[139.7823223,35.5498593],[139.7823207,35.5498488],[139.7823299,35.5498401],[139.782328,35.5498386],[139.7823277,35.5498388],[139.78231,35.549825],[139.7823122,35.5497874],[139.782351,35.5497885],[139.7823469,35.5498229],[139.7823465,35.5498232],[139.7823589,35.5498332],[139.7823623,35.5498359],[139.7824665,35.5499195],[139.7824677,35.5499184],[139.7824924,35.5499373],[139.7824983,35.5499325],[139.7825076,35.5499304],[139.7825034,35.5499039],[139.7825089,35.5499028],[139.7824845,35.5498101],[139.7824792,35.5497898],[139.7824742,35.5497709],[139.7824719,35.5497712],[139.7824668,35.5497533],[139.7824803,35.5497219],[139.7825179,35.5497343],[139.7825057,35.5497512],[139.7825004,35.5497681],[139.7825,35.5497681],[139.7825003,35.5497696],[139.7825115,35.5497677],[139.7825219,35.5497739],[139.7825244,35.5497841],[139.7825246,35.549785],[139.7825364,35.5498408],[139.7825353,35.549841],[139.782522,35.5498437],[139.7825218,35.5498428],[139.7825079,35.5497877],[139.7825077,35.5497869],[139.7825043,35.5497874],[139.7825294,35.5498989],[139.7825314,35.5498985],[139.7825392,35.54992],[139.782531,35.5499303],[139.7825409,35.5499325],[139.7825566,35.5499452],[139.7825611,35.5499591],[139.7827272,35.5500398],[139.7832576,35.5492872],[139.7833244,35.5491923],[139.7833477,35.5492033],[139.7834082,35.549118],[139.7831406,35.5489909],[139.7831348,35.5489732],[139.7829217,35.5490163],[139.7829183,35.5490264],[139.7829027,35.5490392],[139.7828814,35.5490439],[139.7828601,35.5490392],[139.7828459,35.5490276],[139.7828143,35.5490323],[139.7828137,35.5490295],[139.7827558,35.5490347],[139.7826626,35.549043],[139.7826639,35.5490505],[139.7827256,35.54904],[139.7827266,35.5490399],[139.7827268,35.5490408],[139.7827281,35.5490509],[139.7827282,35.5490518],[139.7827271,35.549052],[139.7826675,35.5490641],[139.7826665,35.5490643],[139.7826539,35.5490658],[139.7826432,35.5490599],[139.7826404,35.549045],[139.7826396,35.549045],[139.7826402,35.5490477],[139.7826105,35.5490497],[139.782578,35.5490189],[139.7826099,35.5489995],[139.7826351,35.5490229],[139.782636,35.5490274],[139.7826725,35.5490241],[139.7828103,35.5490118],[139.7828101,35.5490105],[139.7828389,35.5490086],[139.7828445,35.5489916],[139.7828481,35.5489886],[139.7828366,35.5489887],[139.7828219,35.5489802],[139.7828248,35.548976],[139.7827098,35.5489248],[139.7826909,35.5489164],[139.7826902,35.5489175],[139.7826674,35.5489082],[139.7826536,35.5488745],[139.7826908,35.5488645],[139.7827026,35.548897],[139.78271,35.5488862],[139.7827226,35.5488839],[139.7827336,35.5488889],[139.7827346,35.5488894],[139.7827941,35.5489196],[139.782795,35.54892],[139.7827945,35.5489208],[139.7827888,35.54893],[139.7827883,35.5489308],[139.7827873,35.5489303],[139.7827262,35.5489016],[139.7827252,35.5489011],[139.7827217,35.5489062],[139.7828356,35.5489599],[139.7828363,35.5489589],[139.7828641,35.5489698],[139.7828662,35.5489775],[139.7828814,35.5489742],[139.7829027,35.5489788],[139.7829055,35.5489811],[139.783123,35.5489372],[139.7830578,35.5487384],[139.7827942,35.5486806],[139.7827874,35.5486862],[139.782766,35.5486909],[139.7827447,35.5486862],[139.7827291,35.5486735],[139.7827238,35.5486574],[139.7826981,35.5486527],[139.7826991,35.5486495],[139.7826183,35.5486307],[139.7824848,35.5485998],[139.782483,35.5486058],[139.782484,35.5486061],[139.7825432,35.5486248],[139.782543,35.5486257],[139.7825399,35.5486357],[139.7825396,35.5486365],[139.7825386,35.5486362],[139.7824798,35.5486196],[139.7824788,35.5486193],[139.7824665,35.5486168],[139.7824593,35.548608],[139.7824634,35.5485948],[139.7824571,35.5485934],[139.7824573,35.5485925],[139.7824383,35.5485903],[139.7824291,35.5485833],[139.7824274,35.5485481],[139.7824678,35.5485467],[139.7824653,35.5485754],[139.7824907,35.5485812],[139.7824913,35.5485803],[139.7824935,35.5485806],[139.7824938,35.5485819],[139.7824954,35.5485823],[139.7827046,35.5486308],[139.7827051,35.5486292],[139.7827328,35.5486355],[139.7827447,35.5486258],[139.7827479,35.5486251],[139.7827353,35.5486186],[139.7827366,35.5486148],[139.7826063,35.5485756],[139.7825809,35.548568],[139.782567,35.548564],[139.7825557,35.5485551],[139.7825516,35.5485205],[139.7825938,35.5485166],[139.7825948,35.5485485],[139.7825942,35.5485496],[139.7825954,35.54855],[139.7826019,35.548537],[139.782614,35.5485333],[139.7826257,35.5485373],[139.7826193,35.5485502],[139.7826161,35.5485567],[139.7826178,35.5485572],[139.782743,35.5485973],[139.7827436,35.5485955],[139.7827612,35.5486],[139.7827694,35.5486091],[139.7827677,35.5486215],[139.7827874,35.5486258],[139.782803,35.5486386],[139.7828043,35.5486424],[139.7830439,35.5486961],[139.7829911,35.5485351],[139.7831001,35.5483827],[139.7829052,35.5482924],[139.7828879,35.5482961],[139.7828666,35.5482915],[139.782851,35.5482787],[139.7828453,35.5482613],[139.7828481,35.5482525],[139.7828281,35.5482483],[139.7828168,35.548234],[139.7828174,35.5482336],[139.7827128,35.5480978],[139.7827069,35.5480901],[139.7827056,35.5480885],[139.7827025,35.5480902],[139.7827031,35.548091],[139.7827327,35.5481362],[139.7827318,35.5481367],[139.7827202,35.5481426],[139.7827197,35.5481418],[139.782689,35.5480988],[139.7826884,35.548098],[139.7826812,35.5480895],[139.7826831,35.548079],[139.782693,35.5480735],[139.7826816,35.5480592],[139.7826818,35.5480246],[139.7827219,35.5480239],[139.7827187,35.5480615],[139.7827175,35.5480622],[139.7827212,35.5480671],[139.7827271,35.5480747],[139.7828392,35.5482202],[139.78284,35.5482197],[139.7828617,35.548235],[139.7828666,35.5482311],[139.782867,35.548231],[139.782868,35.5482024],[139.782872,35.5482024],[139.7828723,35.5481159],[139.7828724,35.5480834],[139.7828725,35.548073],[139.7828713,35.5480729],[139.7828699,35.5480582],[139.7828927,35.5480257],[139.7829256,35.5480436],[139.7829003,35.548073],[139.7829082,35.5480728],[139.7829172,35.5480803],[139.7829176,35.5480907],[139.7829175,35.5480916],[139.7829097,35.5481417],[139.7829085,35.5481418],[139.7828988,35.5481424],[139.7828986,35.5482031],[139.7829023,35.5482031],[139.7829014,35.5482293],[139.7829093,35.5482311],[139.7829249,35.5482438],[139.7829301,35.5482597],[139.7831238,35.5483495],[139.7832001,35.548243],[139.7833948,35.5482011],[139.7832218,35.5480588],[139.7832144,35.5480604],[139.7831931,35.5480558],[139.7831775,35.548043],[139.7831717,35.5480256],[139.7831775,35.5480081],[139.7831792,35.5480067],[139.7831659,35.5480021],[139.7831609,35.5479918],[139.7831691,35.5479759],[139.7831728,35.5479772],[139.7832507,35.5478213],[139.7832558,35.547811],[139.7832497,35.5478091],[139.7832492,35.5478099],[139.7832217,35.547855],[139.7832207,35.5478546],[139.7832082,35.5478502],[139.7832087,35.5478494],[139.7832333,35.5478049],[139.7832338,35.5478041],[139.7832383,35.5477944],[139.7832499,35.5477897],[139.7832642,35.5477942],[139.7832647,35.5477932],[139.7832623,35.5477925],[139.7832754,35.54777],[139.7833099,35.547756],[139.7833257,35.5477868],[139.7832877,35.5478005],[139.7832868,35.5478002],[139.7832771,35.5478196],[139.7832774,35.547821],[139.7832761,35.5478216],[139.7831947,35.5479847],[139.7831973,35.5479856],[139.7831917,35.5479965],[139.7831931,35.5479954],[139.7832061,35.5479925],[139.7832039,35.5479916],[139.7832227,35.5479626],[139.7832308,35.5479661],[139.7833099,35.5478964],[139.7833105,35.5478956],[139.7833108,35.5478957],[139.7833177,35.5478896],[139.7833156,35.5478881],[139.7833603,35.5478566],[139.7833816,35.5478867],[139.7833371,35.5479041],[139.7833355,35.5479029],[139.7833323,35.5479055],[139.7833368,35.5479091],[139.7833363,35.5479196],[139.7833274,35.547927],[139.7833266,35.5479276],[139.7832753,35.5479606],[139.7832744,35.5479611],[139.7832736,35.5479605],[139.7832699,35.5479579],[139.7832501,35.5479745],[139.7832533,35.5479759],[139.783239,35.547998],[139.7832514,35.5480081],[139.7832571,35.5480256],[139.7832555,35.5480304],[139.7834465,35.5481899],[139.7837586,35.5481228],[139.7840289,35.548251],[139.7840889,35.5481662],[139.7840686,35.5481566],[139.7843695,35.5477333],[139.7842022,35.5476531],[139.7841809,35.5476577],[139.7841596,35.547653],[139.784144,35.5476403],[139.7841383,35.5476228],[139.7841416,35.5476127],[139.7841313,35.5476127],[139.784119,35.5476057],[139.7841191,35.5475874],[139.7841222,35.5475874],[139.784076,35.5473755],[139.7840715,35.5473549],[139.7840709,35.5473544],[139.7840713,35.5473539],[139.7840706,35.5473507],[139.784065,35.5473515],[139.7840651,35.5473524],[139.7840709,35.5474016],[139.7840698,35.5474018],[139.7840562,35.5474031],[139.7840561,35.5474022],[139.7840483,35.5473546],[139.7840481,35.5473537],[139.7840461,35.5473435],[139.7840531,35.5473347],[139.7840667,35.5473328],[139.7840664,35.5473317],[139.7840645,35.5473318],[139.7840598,35.5473109],[139.7840794,35.5472808],[139.7841159,35.5472976],[139.7840932,35.54733],[139.7840912,35.5473301],[139.7840944,35.547346],[139.7841424,35.5475875],[139.7841485,35.5475875],[139.7841485,35.5476017],[139.7841596,35.5475926],[139.7841672,35.547591],[139.7841672,35.5475648],[139.7841699,35.5475648],[139.7841725,35.5473824],[139.7841716,35.5473817],[139.7841726,35.5473801],[139.7841727,35.5473723],[139.7841698,35.5473722],[139.784169,35.5473539],[139.7841825,35.5473245],[139.7842197,35.5473358],[139.7842018,35.5473724],[139.7842085,35.5473725],[139.784217,35.5473804],[139.7842168,35.5473908],[139.7842166,35.5473917],[139.7842065,35.5474407],[139.7842054,35.5474407],[139.7841985,35.5474409],[139.7841967,35.5475649],[139.7841967,35.5475914],[139.7842023,35.5475926],[139.7842179,35.5476054],[139.7842223,35.5476188],[139.7843927,35.5477006],[139.7848667,35.5470338],[139.7846923,35.546951],[139.7846783,35.5469541],[139.784657,35.5469494],[139.7846414,35.5469366],[139.7846356,35.5469192],[139.784638,35.5469121],[139.7846215,35.5469109],[139.7846073,35.5468968],[139.7846127,35.5468924],[139.7845072,35.5467946],[139.784503,35.5467908],[139.784501,35.5467922],[139.7845017,35.5467929],[139.7845398,35.5468354],[139.784539,35.546836],[139.7845285,35.5468431],[139.7845278,35.5468424],[139.784489,35.5468023],[139.7844883,35.5468016],[139.7844798,35.5467939],[139.7844799,35.5467833],[139.7844875,35.5467777],[139.7844819,35.5467721],[139.7844897,35.5467379],[139.7845267,35.5467461],[139.7845182,35.5467762],[139.784518,35.5467764],[139.7845183,35.5467767],[139.784523,35.546781],[139.7845246,35.5467813],[139.7845249,35.5467829],[139.7846287,35.546879],[139.7846504,35.5468943],[139.784657,35.546889],[139.7846696,35.5468862],[139.7846591,35.5468667],[139.7846651,35.5468645],[139.7846157,35.5467903],[139.7846151,35.5467905],[139.7846135,35.5467892],[139.7846143,35.5467881],[139.7846097,35.5467812],[139.7846087,35.5467817],[139.7845956,35.5467635],[139.7846044,35.5467306],[139.7846425,35.5467373],[139.7846315,35.5467697],[139.7846391,35.5467662],[139.7846513,35.5467694],[139.7846576,35.5467784],[139.7846428,35.5467853],[139.7846388,35.5467872],[139.784682,35.5468583],[139.7846858,35.5468568],[139.784697,35.5468708],[139.7846996,35.546889],[139.7847153,35.5469017],[139.784721,35.5469192],[139.7847205,35.5469206],[139.78489,35.5470011],[139.7851347,35.5466568],[139.7853651,35.5463327],[139.7851958,35.5462512],[139.7851773,35.5462553],[139.7851559,35.5462506],[139.7851403,35.5462379],[139.7851346,35.5462204],[139.7851376,35.5462112],[139.7851248,35.5462128],[139.7851109,35.546203],[139.7851105,35.5461936],[139.7848924,35.5459903],[139.7848874,35.545994],[139.7848747,35.5460033],[139.7848662,35.5459956],[139.7848663,35.5459851],[139.7848777,35.5459767],[139.7848767,35.5459758],[139.7848751,35.5459771],[139.7848572,35.5459616],[139.7848543,35.5459284],[139.7848908,35.5459233],[139.7848959,35.5459604],[139.7848927,35.5459631],[139.784903,35.5459727],[139.7849079,35.5459773],[139.7849081,35.5459771],[139.7849103,35.5459773],[139.7849107,35.5459792],[139.7849102,35.5459794],[139.7851271,35.5461815],[139.785128,35.5461808],[139.7851474,35.5461972],[139.7851559,35.5461902],[139.7851626,35.5461888],[139.7851571,35.5461705],[139.7851574,35.5461703],[139.7850145,35.5460183],[139.7850128,35.5460171],[139.785013,35.5460167],[139.7850022,35.5460051],[139.7849897,35.5459928],[139.7849867,35.5459597],[139.7850258,35.5459574],[139.7850257,35.5459962],[139.7850245,35.5459969],[139.7850254,35.5459978],[139.7850328,35.5459932],[139.7850454,35.5459952],[139.7850531,35.5460035],[139.7850983,35.5460493],[139.785099,35.54605],[139.7850884,35.5460571],[139.7850876,35.5460576],[139.7850869,35.546057],[139.7850401,35.5460126],[139.7850394,35.5460119],[139.7850389,35.5460122],[139.7851778,35.54616],[139.7851782,35.5461598],[139.7851925,35.5461719],[139.7851899,35.5461883],[139.7851986,35.5461902],[139.7852142,35.546203],[139.7852199,35.5462204],[139.785389,35.5462991],[139.785594,35.5460108],[139.785616,35.5460212],[139.7856388,35.545989],[139.7853623,35.5458582],[139.785329,35.5457548],[139.7850485,35.5456909],[139.7850427,35.5456955],[139.7850214,35.5457002],[139.7850001,35.5456955],[139.7849845,35.5456828],[139.7849788,35.5456654],[139.7849794,35.5456634],[139.7849622,35.5456653],[139.7849484,35.5456571],[139.7849505,35.5456543],[139.7846943,35.545526],[139.7846901,35.5455316],[139.7847545,35.5455642],[139.7847554,35.5455647],[139.7847548,35.5455655],[139.7847479,35.5455741],[139.7847473,35.5455748],[139.7847464,35.5455744],[139.7846823,35.545544],[139.7846813,35.5455436],[139.7846704,35.5455383],[139.7846667,35.5455282],[139.7846752,35.5455165],[139.7846732,35.5455155],[139.7846729,35.5455161],[139.7846479,35.5455027],[139.7846475,35.5454653],[139.784684,35.5454651],[139.784685,35.5454974],[139.7846847,35.5454978],[139.7847055,35.5455084],[139.7847068,35.545509],[139.7847085,35.5455093],[139.7847087,35.54551],[139.7849621,35.5456395],[139.784963,35.5456384],[139.7849844,35.5456483],[139.7849845,35.5456479],[139.7850001,35.5456352],[139.7850005,35.5456351],[139.7849869,35.5456203],[139.7849908,35.5456178],[139.7848601,35.5454862],[139.7848544,35.5454804],[139.7848439,35.5454699],[139.7848431,35.5454705],[139.784824,35.5454528],[139.7848275,35.5454188],[139.7848688,35.5454231],[139.7848624,35.545455],[139.7848665,35.5454593],[139.7848723,35.5454554],[139.784885,35.5454568],[139.7848931,35.5454648],[139.7848937,35.5454656],[139.7849361,35.5455189],[139.7849353,35.5455195],[139.7849292,35.545524],[139.7850088,35.5456061],[139.7850091,35.5456059],[139.7850237,35.5456181],[139.7850243,35.5456311],[139.7850427,35.5456352],[139.7850584,35.5456479],[139.785061,35.5456558],[139.7853144,35.5457092],[139.7852154,35.5454017],[139.7852411,35.5453655],[139.7850478,35.545275],[139.7850292,35.5452791],[139.7850078,35.5452744],[139.7849922,35.5452616],[139.7849865,35.5452442],[139.7849922,35.5452268],[139.7850079,35.545214],[139.7850086,35.5452138],[139.7849943,35.545193],[139.7849963,35.5451919],[139.7849639,35.545156],[139.7848927,35.5450769],[139.7848393,35.5450177],[139.7848336,35.5450113],[139.7848322,35.5450098],[139.7848268,35.5450131],[139.7848132,35.5450215],[139.7848055,35.5450131],[139.7848067,35.5450027],[139.784819,35.5449951],[139.7848161,35.5449919],[139.7848156,35.5449922],[139.7848003,35.5449723],[139.7848163,35.5449366],[139.7848543,35.5449509],[139.7848373,35.5449783],[139.784837,35.5449785],[139.784847,35.5449899],[139.7848526,35.5449963],[139.7850149,35.5451822],[139.7850167,35.5451812],[139.7850312,35.5451943],[139.7850311,35.5452097],[139.7850505,35.545214],[139.7850661,35.5452268],[139.7850713,35.5452426],[139.7852641,35.5453329],[139.7853549,35.5452047],[139.7852121,35.5450072],[139.7851988,35.5450043],[139.7851832,35.5449915],[139.7851775,35.5449741],[139.7851832,35.5449567],[139.7851887,35.5449521],[139.7851705,35.5449262],[139.785173,35.544925],[139.7851283,35.544867],[139.7850598,35.544778],[139.7850533,35.5447696],[139.7850517,35.5447675],[139.7850466,35.54477],[139.7850852,35.5448223],[139.7850857,35.544823],[139.7850738,35.5448284],[139.7850728,35.5448288],[139.7850722,35.5448281],[139.7850326,35.5447779],[139.785032,35.5447772],[139.7850254,35.5447683],[139.785028,35.5447579],[139.7850398,35.5447521],[139.7850391,35.5447512],[139.785037,35.544752],[139.7850099,35.5447141],[139.7850471,35.5446973],[139.785063,35.5447416],[139.7850617,35.5447421],[139.7850665,35.5447483],[139.785073,35.5447569],[139.7851938,35.5449152],[139.7851946,35.5449148],[139.7852129,35.5449408],[139.7852201,35.5449392],[139.7852311,35.5449416],[139.7852344,35.5449245],[139.7852382,35.5449238],[139.7852086,35.5447319],[139.7852048,35.5447072],[139.7852022,35.5446905],[139.7851989,35.5446905],[139.7851988,35.5446735],[139.7852142,35.544659],[139.7852367,35.5446455],[139.7852602,35.5446716],[139.7852295,35.54469],[139.7852297,35.5446914],[139.7852375,35.5446906],[139.7852472,35.5446976],[139.7852487,35.5447079],[139.7852487,35.5447088],[139.785249,35.544771],[139.7852479,35.5447711],[139.7852397,35.5447721],[139.7852581,35.5449201],[139.7852602,35.5449197],[139.785266,35.5449382],[139.7852505,35.5449513],[139.7852571,35.5449567],[139.7852628,35.5449741],[139.785258,35.5449887],[139.7853831,35.5451648],[139.785393,35.5451508],[139.7854092,35.5451585],[139.7853879,35.5449429],[139.7853724,35.5449303],[139.7853667,35.5449128],[139.7853724,35.5448954],[139.7853881,35.5448826],[139.7854094,35.544878],[139.7854294,35.5448824],[139.7854408,35.5448686],[139.785459,35.5448664],[139.7854592,35.544867],[139.7856512,35.5448148],[139.7856491,35.5448101],[139.7856481,35.5448104],[139.78558,35.5448308],[139.785579,35.5448311],[139.7855735,35.5448184],[139.7855731,35.5448175],[139.7856423,35.5447973],[139.7856433,35.544797],[139.7856553,35.5447934],[139.7856672,35.5447975],[139.785672,35.5448082]],[[139.7841993,35.5473905],[139.7841992,35.5473936],[139.7841996,35.5473914],[139.7841997,35.5473905],[139.7841993,35.5473905]],[[139.7819294,35.550371],[139.7819283,35.5503714],[139.781932,35.5503756],[139.7819308,35.5503735],[139.7819294,35.550371]],[[139.7829004,35.548092],[139.7829005,35.5480911],[139.782899,35.5480912],[139.7828989,35.5481058],[139.7829004,35.548092]],[[139.7861994,35.5451654],[139.7861686,35.5451767],[139.7862002,35.5451669],[139.7861998,35.5451661],[139.7861994,35.5451654]],[[139.7855794,35.5449],[139.785516,35.5449181],[139.78558,35.5449012],[139.7855794,35.5449]],[[139.7869563,35.5454663],[139.7868902,35.5454882],[139.7869577,35.545469],[139.7869563,35.5454663]],[[139.7849234,35.5472953],[139.7849819,35.5473228],[139.7850296,35.5472554],[139.784971,35.5472279],[139.7849234,35.5472953]],[[139.7846335,35.5478152],[139.7845726,35.5477863],[139.7845236,35.5478556],[139.7845846,35.5478844],[139.7846335,35.5478152]],[[139.7855431,35.5468229],[139.7856054,35.5468528],[139.785643,35.5468719],[139.7856746,35.5468278],[139.7856201,35.546802],[139.7856304,35.5467874],[139.7855837,35.5467655],[139.7855431,35.5468229]],[[139.7846479,35.5476805],[139.7847279,35.5477184],[139.7847855,35.5476372],[139.7847053,35.5475992],[139.7846479,35.5476805]],[[139.7843082,35.5481604],[139.7842523,35.5482397],[139.7843374,35.5482799],[139.7843934,35.5482006],[139.7843082,35.5481604]],[[139.7848476,35.5474005],[139.7849332,35.547441],[139.7849916,35.5473585],[139.7849058,35.547318],[139.7848476,35.5474005]],[[139.7845284,35.5479984],[139.7845356,35.5480018],[139.7845935,35.5479197],[139.7845074,35.5478791],[139.7844492,35.5479614],[139.7845281,35.5479988],[139.7845284,35.5479984]]]}},{"type":"Feature","properties":{"gmlId":"bldg_2827d9a5-5a35-4e32-ac8b-d2ebaa4dccdb","name":null,"usage":"運輸倉庫施設","majorUsage":null,"usageCode":"431","majorUsageCode":null,"usageCodeSpace":"https://assets.cms.plateau.reearth.io/assets/2c/6a2f27-a1e1-466a-a8cf-4627060f7ca4/13111_ota-ku_pref_2025_citygml_1_op/codelists/Building_usage.xml","majorUsageCodeSpace":null,"measuredHeight":7.7,"storeysAboveGround":2,"rawMeasuredHeight":"7.7","rawStoreysAboveGround":"2","category":"PUBLIC_TRANSPORT","city":"大田区","dataYear":2025,"geometrySource":"lod0RoofEdge","sourceMesh":"53392662"},"geometry":{"type":"Polygon","coordinates":[[[139.7836815,35.5513598],[139.783764,35.5513987],[139.7837306,35.5514461],[139.783648,35.5514073],[139.7836815,35.5513598]]]}},{"type":"Feature","properties":{"gmlId":"bldg_22072224-7ec4-406f-a923-55fdcceb9c42","name":null,"usage":"運輸倉庫施設","majorUsage":null,"usageCode":"431","majorUsageCode":null,"usageCodeSpace":"https://assets.cms.plateau.reearth.io/assets/2c/6a2f27-a1e1-466a-a8cf-4627060f7ca4/13111_ota-ku_pref_2025_citygml_1_op/codelists/Building_usage.xml","majorUsageCodeSpace":null,"measuredHeight":7.7,"storeysAboveGround":2,"rawMeasuredHeight":"7.7","rawStoreysAboveGround":"2","category":"PUBLIC_TRANSPORT","city":"大田区","dataYear":2025,"geometrySource":"lod0RoofEdge","sourceMesh":"53392662"},"geometry":{"type":"Polygon","coordinates":[[[139.7836452,35.5514134],[139.7837277,35.5514523],[139.7836942,35.5514997],[139.7836117,35.5514609],[139.7836452,35.5514134]]]}},{"type":"Feature","properties":{"gmlId":"bldg_15667a96-e0a9-43dc-bb59-3523e4ce7c4a","name":null,"usage":"運輸倉庫施設","majorUsage":null,"usageCode":"431","majorUsageCode":null,"usageCodeSpace":"https://assets.cms.plateau.reearth.io/assets/2c/6a2f27-a1e1-466a-a8cf-4627060f7ca4/13111_ota-ku_pref_2025_citygml_1_op/codelists/Building_usage.xml","majorUsageCodeSpace":null,"measuredHeight":7.6,"storeysAboveGround":1,"rawMeasuredHeight":"7.6","rawStoreysAboveGround":"1","category":"PUBLIC_TRANSPORT","city":"大田区","dataYear":2025,"geometrySource":"lod0RoofEdge","sourceMesh":"53392652"},"geometry":{"type":"Polygon","coordinates":[[[139.784391,35.5498175],[139.7844246,35.5497704],[139.7844647,35.5497895],[139.7844415,35.5498219],[139.7844587,35.5498303],[139.7844301,35.5498697],[139.7844146,35.5498622],[139.7844112,35.549867],[139.7843693,35.549847],[139.7843905,35.5498173],[139.784391,35.5498175]]]}},{"type":"Feature","properties":{"gmlId":"bldg_118bd0d2-d792-403d-b5a7-9004661e8f0b","name":null,"usage":"運輸倉庫施設","majorUsage":null,"usageCode":"431","majorUsageCode":null,"usageCodeSpace":"https://assets.cms.plateau.reearth.io/assets/2c/6a2f27-a1e1-466a-a8cf-4627060f7ca4/13111_ota-ku_pref_2025_citygml_1_op/codelists/Building_usage.xml","majorUsageCodeSpace":null,"measuredHeight":32.3,"storeysAboveGround":7,"rawMeasuredHeight":"32.3","rawStoreysAboveGround":"7","category":"PUBLIC_TRANSPORT","city":"大田区","dataYear":2025,"geometrySource":"lod0RoofEdge","sourceMesh":"53392662"},"geometry":{"type":"Polygon","coordinates":[[[139.785252,35.5500389],[139.7848174,35.5506534],[139.7849453,35.5507134],[139.7849513,35.5507207],[139.7849527,35.5507313],[139.784918,35.550781],[139.7848792,35.5508366],[139.7848676,35.5508412],[139.7848557,35.5508407],[139.7848489,35.5508375],[139.7848166,35.5508224],[139.7847274,35.5507805],[139.7842499,35.5514556],[139.7842331,35.5514664],[139.7842157,35.5514704],[139.7841935,35.5514693],[139.7836409,35.551209],[139.7836287,35.551195],[139.7836224,35.5511805],[139.7836247,35.5511663],[139.7838735,35.5508152],[139.7838645,35.5508108],[139.7838572,35.5508074],[139.7838538,35.5508058],[139.7838814,35.5507664],[139.7838718,35.5507619],[139.7839072,35.5507117],[139.7839114,35.5507136],[139.7839167,35.550716],[139.7839447,35.550676],[139.783948,35.5506776],[139.7839554,35.550681],[139.7839652,35.5506858],[139.7842714,35.5502538],[139.7842639,35.5502503],[139.7842566,35.5502469],[139.7842532,35.5502453],[139.7842817,35.5502046],[139.7842796,35.5502035],[139.7842756,35.5502015],[139.7842712,35.5501993],[139.7843067,35.5501491],[139.784317,35.5501542],[139.7843441,35.5501155],[139.7843474,35.550117],[139.7843547,35.5501205],[139.7843631,35.5501244],[139.7846278,35.5497509],[139.7846428,35.5497376],[139.7846589,35.5497319],[139.7846825,35.5497323],[139.785247,35.5499998],[139.7852533,35.5500112],[139.7852565,35.5500244],[139.785252,35.5500389]],[[139.7844773,35.5505522],[139.7845613,35.550434],[139.7845609,35.5504338],[139.7844772,35.5505515],[139.7844773,35.5505522]],[[139.7846502,35.5503083],[139.7845654,35.5504275],[139.7845658,35.5504277],[139.7846501,35.5503091],[139.7846711,35.550304],[139.7846887,35.5503104],[139.7846879,35.5503098],[139.7846705,35.5503034],[139.7846502,35.5503083]],[[139.784652,35.550311],[139.7845682,35.5504288],[139.7846203,35.5504531],[139.7847034,35.550336],[139.7847002,35.5503238],[139.7846873,35.5503124],[139.7846709,35.5503064],[139.784652,35.550311]],[[139.7844797,35.5505533],[139.7844813,35.5505686],[139.7844937,35.5505786],[139.7845132,35.550585],[139.7845301,35.5505803],[139.7846159,35.5504594],[139.7845637,35.5504351],[139.7844797,35.5505533]]]}},{"type":"Feature","properties":{"gmlId":"bldg_436f647c-5e0d-4869-af97-b4e9f91e09db","name":"東京管区気象台東京航空地方気象台","usage":"運輸倉庫施設","majorUsage":null,"usageCode":"431","majorUsageCode":null,"usageCodeSpace":"https://assets.cms.plateau.reearth.io/assets/2c/6a2f27-a1e1-466a-a8cf-4627060f7ca4/13111_ota-ku_pref_2025_citygml_1_op/codelists/Building_usage.xml","majorUsageCodeSpace":null,"measuredHeight":80.1,"storeysAboveGround":15,"rawMeasuredHeight":"80.1","rawStoreysAboveGround":"15","category":"PUBLIC_TRANSPORT","city":"大田区","dataYear":2025,"geometrySource":"lod0RoofEdge","sourceMesh":"53392662"},"geometry":{"type":"Polygon","coordinates":[[[139.7825132,35.5535083],[139.7823457,35.5534306],[139.7823798,35.5533814],[139.7823703,35.5533766],[139.7823618,35.5533687],[139.7823579,35.5533635],[139.7823574,35.5533594],[139.7823564,35.5533516],[139.7823586,35.5533442],[139.7823623,35.553336],[139.7823693,35.5533298],[139.7823759,35.5533258],[139.782385,35.5533224],[139.7823925,35.5533207],[139.7824012,35.5533206],[139.7824079,35.5533213],[139.7824141,35.5533228],[139.7824189,35.5533251],[139.7824489,35.5532818],[139.7826165,35.5533595],[139.7825841,35.5534061],[139.7825858,35.5534075],[139.7825917,35.5534139],[139.7825956,35.5534219],[139.7825961,35.5534292],[139.7825954,35.5534348],[139.782593,35.5534407],[139.7825893,35.5534463],[139.7825832,35.5534528],[139.7825757,35.5534581],[139.7825661,35.5534612],[139.7825561,35.5534625],[139.782546,35.553461],[139.7825132,35.5535083]]]}},{"type":"Feature","properties":{"gmlId":"bldg_dc64decc-1bcd-42c5-a0d0-de0121ad6add","name":null,"usage":"運輸倉庫施設","majorUsage":null,"usageCode":"431","majorUsageCode":null,"usageCodeSpace":"https://assets.cms.plateau.reearth.io/assets/2c/6a2f27-a1e1-466a-a8cf-4627060f7ca4/13111_ota-ku_pref_2025_citygml_1_op/codelists/Building_usage.xml","majorUsageCodeSpace":null,"measuredHeight":9.4,"storeysAboveGround":null,"rawMeasuredHeight":"9.4","rawStoreysAboveGround":"9999","category":"PUBLIC_TRANSPORT","city":"大田区","dataYear":2025,"geometrySource":"lod0RoofEdge","sourceMesh":"53392652"},"geometry":{"type":"Polygon","coordinates":[[[139.785273,35.5485396],[139.7853033,35.5484966],[139.7853401,35.548514],[139.7853398,35.5485144],[139.7853625,35.548525],[139.7853452,35.5485496],[139.7853441,35.5485491],[139.7853314,35.5485671],[139.7853282,35.5485656],[139.7853031,35.548602],[139.7853052,35.548603],[139.7852617,35.5486653],[139.7852194,35.5486455],[139.78521,35.548641],[139.7852544,35.5485775],[139.7852603,35.5485803],[139.7852847,35.5485451],[139.785273,35.5485396]]]}},{"type":"Feature","properties":{"gmlId":"bldg_7683e83c-c886-482c-b106-87e2ac629c2e","name":null,"usage":"運輸倉庫施設","majorUsage":null,"usageCode":"431","majorUsageCode":null,"usageCodeSpace":"https://assets.cms.plateau.reearth.io/assets/2c/6a2f27-a1e1-466a-a8cf-4627060f7ca4/13111_ota-ku_pref_2025_citygml_1_op/codelists/Building_usage.xml","majorUsageCodeSpace":null,"measuredHeight":10.4,"storeysAboveGround":2,"rawMeasuredHeight":"10.4","rawStoreysAboveGround":"2","category":"PUBLIC_TRANSPORT","city":"大田区","dataYear":2025,"geometrySource":"lod0RoofEdge","sourceMesh":"53392662"},"geometry":{"type":"Polygon","coordinates":[[[139.7817384,35.5540619],[139.7817231,35.5540548],[139.7817117,35.5540478],[139.781701,35.5540371],[139.7816914,35.554023],[139.7816841,35.5540078],[139.781681,35.5539938],[139.7816808,35.5539821],[139.781684,35.553968],[139.781692,35.5539544],[139.7817029,35.5539428],[139.7817128,35.5539347],[139.7817281,35.553926],[139.7817409,35.5539198],[139.781756,35.5539169],[139.7817741,35.5539155],[139.7817892,35.5539159],[139.781807,35.5539196],[139.7818224,35.5539251],[139.7821088,35.55406],[139.782014,35.5541913],[139.7817542,35.5540694],[139.781743,35.5540848],[139.7817979,35.5541115],[139.7817652,35.5541565],[139.7816945,35.5541222],[139.7817384,35.5540619]]]}},{"type":"Feature","properties":{"gmlId":"bldg_1ef85eef-02b7-49ab-8a04-63074fdd7b36","name":null,"usage":"運輸倉庫施設","majorUsage":null,"usageCode":"431","majorUsageCode":null,"usageCodeSpace":"https://assets.cms.plateau.reearth.io/assets/2c/6a2f27-a1e1-466a-a8cf-4627060f7ca4/13111_ota-ku_pref_2025_citygml_1_op/codelists/Building_usage.xml","majorUsageCodeSpace":null,"measuredHeight":32.7,"storeysAboveGround":6,"rawMeasuredHeight":"32.7","rawStoreysAboveGround":"6","category":"PUBLIC_TRANSPORT","city":"大田区","dataYear":2025,"geometrySource":"lod0RoofEdge","sourceMesh":"53392652"},"geometry":{"type":"Polygon","coordinates":[[[139.7869233,35.5476858],[139.7865105,35.5482679],[139.7866391,35.5483271],[139.7866454,35.5483361],[139.7866435,35.5483461],[139.7866112,35.5483926],[139.7865713,35.5484499],[139.7865624,35.5484549],[139.7865514,35.5484541],[139.7865415,35.5484495],[139.7865081,35.5484339],[139.7864215,35.5483935],[139.7859219,35.5490979],[139.7859074,35.5491101],[139.7858877,35.5491151],[139.7858628,35.5491141],[139.7853085,35.5488499],[139.7852964,35.5488343],[139.7852941,35.5488219],[139.785297,35.5488076],[139.7855648,35.5484299],[139.785558,35.5484267],[139.7855507,35.5484233],[139.7855474,35.5484217],[139.7855765,35.54838],[139.7855679,35.5483756],[139.7856043,35.5483238],[139.7856129,35.5483281],[139.7856382,35.5482919],[139.7856416,35.5482935],[139.7856489,35.5482969],[139.7856565,35.5483005],[139.7859647,35.5478659],[139.7859577,35.5478627],[139.7859504,35.5478592],[139.7859471,35.5478576],[139.7859732,35.5478203],[139.7859636,35.5478155],[139.7859992,35.5477653],[139.7860084,35.5477699],[139.7860379,35.5477278],[139.7860412,35.5477294],[139.7860486,35.5477328],[139.7860564,35.5477365],[139.7862987,35.5473948],[139.7863156,35.5473812],[139.7863361,35.5473763],[139.7863575,35.5473787],[139.786911,35.5476416],[139.7869235,35.5476574],[139.7869267,35.5476728],[139.7869233,35.5476858]],[[139.7861737,35.5481604],[139.7861793,35.5481726],[139.7861917,35.5481833],[139.7862123,35.5481889],[139.7862274,35.5481853],[139.786308,35.5480725],[139.7862536,35.5480478],[139.7861737,35.5481604]],[[139.786347,35.5479164],[139.7862581,35.5480416],[139.7863124,35.5480662],[139.7864023,35.5479404],[139.7863992,35.5479283],[139.7863841,35.5479166],[139.786365,35.5479118],[139.786347,35.5479164]]]}},{"type":"Feature","properties":{"gmlId":"bldg_a305f7cd-4c54-47bd-9bd7-23f76bf9e413","name":null,"usage":"運輸倉庫施設","majorUsage":null,"usageCode":"431","majorUsageCode":null,"usageCodeSpace":"https://assets.cms.plateau.reearth.io/assets/2c/6a2f27-a1e1-466a-a8cf-4627060f7ca4/13111_ota-ku_pref_2025_citygml_1_op/codelists/Building_usage.xml","majorUsageCodeSpace":null,"measuredHeight":12.8,"storeysAboveGround":2,"rawMeasuredHeight":"12.8","rawStoreysAboveGround":"2","category":"PUBLIC_TRANSPORT","city":"大田区","dataYear":2025,"geometrySource":"lod0RoofEdge","sourceMesh":"53392662"},"geometry":{"type":"Polygon","coordinates":[[[139.7803482,35.5546917],[139.7804284,35.5545797],[139.7806242,35.5546735],[139.7805273,35.5548087],[139.7804332,35.5547636],[139.7804498,35.5547403],[139.7803482,35.5546917]]]}},{"type":"Feature","properties":{"gmlId":"bldg_4541a056-1b0a-44e6-91f7-edd922afcb73","name":null,"usage":"運輸倉庫施設","majorUsage":null,"usageCode":"431","majorUsageCode":null,"usageCodeSpace":"https://assets.cms.plateau.reearth.io/assets/2c/6a2f27-a1e1-466a-a8cf-4627060f7ca4/13111_ota-ku_pref_2025_citygml_1_op/codelists/Building_usage.xml","majorUsageCodeSpace":null,"measuredHeight":5.1,"storeysAboveGround":1,"rawMeasuredHeight":"5.1","rawStoreysAboveGround":"1","category":"PUBLIC_TRANSPORT","city":"大田区","dataYear":2025,"geometrySource":"lod0RoofEdge","sourceMesh":"53392662"},"geometry":{"type":"Polygon","coordinates":[[[139.7807445,35.5549255],[139.7807883,35.5548662],[139.7808916,35.5549172],[139.7808478,35.5549765],[139.7807445,35.5549255]]]}},{"type":"Feature","properties":{"gmlId":"bldg_524003d1-8592-4943-b7db-9a743a3893d0","name":null,"usage":"商業施設","majorUsage":null,"usageCode":"402","majorUsageCode":null,"usageCodeSpace":"https://assets.cms.plateau.reearth.io/assets/2c/6a2f27-a1e1-466a-a8cf-4627060f7ca4/13111_ota-ku_pref_2025_citygml_1_op/codelists/Building_usage.xml","majorUsageCodeSpace":null,"measuredHeight":3.4,"storeysAboveGround":1,"rawMeasuredHeight":"3.4","rawStoreysAboveGround":"1","category":"COMMERCIAL","city":"大田区","dataYear":2025,"geometrySource":"lod0RoofEdge","sourceMesh":"53392662"},"geometry":{"type":"Polygon","coordinates":[[[139.781216,35.5550762],[139.7811799,35.5551257],[139.7810775,35.5550758],[139.7811135,35.5550263],[139.781216,35.5550762]]]}},{"type":"Feature","properties":{"gmlId":"bldg_cf5a154d-9dff-4f79-b558-180dd4050fd8","name":null,"usage":"商業施設","majorUsage":null,"usageCode":"402","majorUsageCode":null,"usageCodeSpace":"https://assets.cms.plateau.reearth.io/assets/2c/6a2f27-a1e1-466a-a8cf-4627060f7ca4/13111_ota-ku_pref_2025_citygml_1_op/codelists/Building_usage.xml","majorUsageCodeSpace":null,"measuredHeight":8.7,"storeysAboveGround":1,"rawMeasuredHeight":"8.7","rawStoreysAboveGround":"1","category":"COMMERCIAL","city":"大田区","dataYear":2025,"geometrySource":"lod0RoofEdge","sourceMesh":"53392662"},"geometry":{"type":"Polygon","coordinates":[[[139.7809286,35.5551385],[139.7809848,35.5550589],[139.7811495,35.5551365],[139.7810933,35.5552161],[139.7810657,35.5552031],[139.7809626,35.5551545],[139.7809286,35.5551385]]]}},{"type":"Feature","properties":{"gmlId":"bldg_1f777abd-54d2-4c45-9c80-3d48d95d13c6","name":null,"usage":"運輸倉庫施設","majorUsage":null,"usageCode":"431","majorUsageCode":null,"usageCodeSpace":"https://assets.cms.plateau.reearth.io/assets/2c/6a2f27-a1e1-466a-a8cf-4627060f7ca4/13111_ota-ku_pref_2025_citygml_1_op/codelists/Building_usage.xml","majorUsageCodeSpace":null,"measuredHeight":11.6,"storeysAboveGround":2,"rawMeasuredHeight":"11.6","rawStoreysAboveGround":"2","category":"PUBLIC_TRANSPORT","city":"大田区","dataYear":2025,"geometrySource":"lod0RoofEdge","sourceMesh":"53392652"},"geometry":{"type":"Polygon","coordinates":[[[139.7864954,35.5473025],[139.7864309,35.5472718],[139.7864057,35.5472598],[139.7864723,35.5471663],[139.7865871,35.547221],[139.7865745,35.5472388],[139.786533,35.547297],[139.7865206,35.5473145],[139.7864954,35.5473025]]]}},{"type":"Feature","properties":{"gmlId":"bldg_f4fabe14-cef4-40fc-8778-ddfe74439d1d","name":null,"usage":"運輸倉庫施設","majorUsage":null,"usageCode":"431","majorUsageCode":null,"usageCodeSpace":"https://assets.cms.plateau.reearth.io/assets/2c/6a2f27-a1e1-466a-a8cf-4627060f7ca4/13111_ota-ku_pref_2025_citygml_1_op/codelists/Building_usage.xml","majorUsageCodeSpace":null,"measuredHeight":31.8,"storeysAboveGround":7,"rawMeasuredHeight":"31.8","rawStoreysAboveGround":"7","category":"PUBLIC_TRANSPORT","city":"大田区","dataYear":2025,"geometrySource":"lod0RoofEdge","sourceMesh":"53392662"},"geometry":{"type":"Polygon","coordinates":[[[139.7868111,35.5507705],[139.7868327,35.5507807],[139.7868506,35.5507726],[139.7868721,35.5507718],[139.7868787,35.5507624],[139.7873848,35.5510028],[139.7873771,35.5510136],[139.7873876,35.5510264],[139.7873879,35.5510443],[139.7874104,35.5510551],[139.7871115,35.5514755],[139.7871384,35.5514883],[139.7867732,35.5520023],[139.7867461,35.5519894],[139.7863739,35.552513],[139.786344,35.5524989],[139.7863343,35.5525125],[139.7863212,35.5525116],[139.7862402,35.552626],[139.7858879,35.5524594],[139.7858788,35.5524722],[139.7857978,35.5524341],[139.785807,35.5524211],[139.7857226,35.5523812],[139.7858059,35.5522636],[139.7857946,35.5522582],[139.7858053,35.5522431],[139.7857745,35.5522284],[139.7868111,35.5507705]],[[139.7864861,35.5521046],[139.7865003,35.5520845],[139.7863367,35.5520073],[139.7863223,35.5520273],[139.7864861,35.5521046]],[[139.7861557,35.5519486],[139.7863198,35.5520261],[139.7863342,35.5520061],[139.7861699,35.5519285],[139.7861557,35.5519486]],[[139.7866388,35.5515746],[139.7864761,35.5514978],[139.7864547,35.5515282],[139.7866171,35.5516048],[139.7866388,35.5515746]],[[139.7866903,35.5511956],[139.7866689,35.551226],[139.7868318,35.5513028],[139.7868535,35.5512726],[139.7866903,35.5511956]],[[139.7870191,35.5513507],[139.7868561,35.5512738],[139.7868343,35.551304],[139.7869976,35.5513811],[139.7870191,35.5513507]],[[139.7866414,35.5515758],[139.7866196,35.551606],[139.7867834,35.5516833],[139.7868048,35.551653],[139.7866414,35.5515758]]]}},{"type":"Feature","properties":{"gmlId":"bldg_ccacdfd5-a662-4c61-9729-346ed5b7b608","name":null,"usage":"運輸倉庫施設","majorUsage":null,"usageCode":"431","majorUsageCode":null,"usageCodeSpace":"https://assets.cms.plateau.reearth.io/assets/2c/6a2f27-a1e1-466a-a8cf-4627060f7ca4/13111_ota-ku_pref_2025_citygml_1_op/codelists/Building_usage.xml","majorUsageCodeSpace":null,"measuredHeight":11.8,"storeysAboveGround":2,"rawMeasuredHeight":"11.8","rawStoreysAboveGround":"2","category":"PUBLIC_TRANSPORT","city":"大田区","dataYear":2025,"geometrySource":"lod0RoofEdge","sourceMesh":"53392662"},"geometry":{"type":"Polygon","coordinates":[[[139.7805884,35.5554415],[139.780592,35.5554432],[139.7806009,35.5554306],[139.7812888,35.5557554],[139.7812781,35.5557705],[139.7812784,35.5557707],[139.7810988,35.5560227],[139.7810923,35.556032],[139.7804017,35.5557021],[139.7804073,35.5556943],[139.7804168,35.555681],[139.7803128,35.5556314],[139.7805311,35.5555221],[139.780579,35.5554547],[139.7805884,35.5554415]]]}},{"type":"Feature","properties":{"gmlId":"bldg_d129b02a-06c1-44eb-a809-79b7829fb774","name":null,"usage":"運輸倉庫施設","majorUsage":null,"usageCode":"431","majorUsageCode":null,"usageCodeSpace":"https://assets.cms.plateau.reearth.io/assets/2c/6a2f27-a1e1-466a-a8cf-4627060f7ca4/13111_ota-ku_pref_2025_citygml_1_op/codelists/Building_usage.xml","majorUsageCodeSpace":null,"measuredHeight":4.8,"storeysAboveGround":1,"rawMeasuredHeight":"4.8","rawStoreysAboveGround":"1","category":"PUBLIC_TRANSPORT","city":"大田区","dataYear":2025,"geometrySource":"lod0RoofEdge","sourceMesh":"53392662"},"geometry":{"type":"Polygon","coordinates":[[[139.7813246,35.5557121],[139.7813067,35.5557375],[139.7813038,35.5557362],[139.781291,35.5557546],[139.781196,35.5557103],[139.7812091,35.5556915],[139.7810594,35.5556208],[139.7812169,35.5553978],[139.7814642,35.5555145],[139.7814104,35.5555907],[139.7814242,35.5555974],[139.7813397,35.5557194],[139.7813246,35.5557121]]]}},{"type":"Feature","properties":{"gmlId":"bldg_531609df-e3ef-490b-bb1f-0d0b72e85d35","name":null,"usage":"運輸倉庫施設","majorUsage":null,"usageCode":"431","majorUsageCode":null,"usageCodeSpace":"https://assets.cms.plateau.reearth.io/assets/2c/6a2f27-a1e1-466a-a8cf-4627060f7ca4/13111_ota-ku_pref_2025_citygml_1_op/codelists/Building_usage.xml","majorUsageCodeSpace":null,"measuredHeight":4.4,"storeysAboveGround":1,"rawMeasuredHeight":"4.4","rawStoreysAboveGround":"1","category":"PUBLIC_TRANSPORT","city":"大田区","dataYear":2025,"geometrySource":"lod0RoofEdge","sourceMesh":"53392652"},"geometry":{"type":"Polygon","coordinates":[[[139.7865887,35.546194],[139.7866456,35.5461133],[139.7867123,35.5461447],[139.7866553,35.5462254],[139.7865887,35.546194]]]}},{"type":"Feature","properties":{"gmlId":"bldg_0c772c4b-22a6-403f-99b3-af65ca832d0a","name":null,"usage":"運輸倉庫施設","majorUsage":null,"usageCode":"431","majorUsageCode":null,"usageCodeSpace":"https://assets.cms.plateau.reearth.io/assets/2c/6a2f27-a1e1-466a-a8cf-4627060f7ca4/13111_ota-ku_pref_2025_citygml_1_op/codelists/Building_usage.xml","majorUsageCodeSpace":null,"measuredHeight":4.8,"storeysAboveGround":3,"rawMeasuredHeight":"4.8","rawStoreysAboveGround":"3","category":"PUBLIC_TRANSPORT","city":"大田区","dataYear":2025,"geometrySource":"lod0RoofEdge","sourceMesh":"53392663"},"geometry":{"type":"Polygon","coordinates":[[[139.7874123,35.5508489],[139.7875299,35.5506898],[139.7877076,35.5507775],[139.78759,35.5509366],[139.7874123,35.5508489]]]}},{"type":"Feature","properties":{"gmlId":"bldg_6c1aa243-0dde-4314-b71b-2812b6bedb95","name":null,"usage":"運輸倉庫施設","majorUsage":null,"usageCode":"431","majorUsageCode":null,"usageCodeSpace":"https://assets.cms.plateau.reearth.io/assets/2c/6a2f27-a1e1-466a-a8cf-4627060f7ca4/13111_ota-ku_pref_2025_citygml_1_op/codelists/Building_usage.xml","majorUsageCodeSpace":null,"measuredHeight":4.9,"storeysAboveGround":1,"rawMeasuredHeight":"4.9","rawStoreysAboveGround":"1","category":"PUBLIC_TRANSPORT","city":"大田区","dataYear":2025,"geometrySource":"lod0RoofEdge","sourceMesh":"53392652"},"geometry":{"type":"Polygon","coordinates":[[[139.7873193,35.5471511],[139.7874144,35.5471944],[139.7873595,35.5472749],[139.7872644,35.5472316],[139.7873193,35.5471511]]]}},{"type":"Feature","properties":{"gmlId":"bldg_de6ae96d-7cb8-47fd-8ebc-0bf2c9fe2059","name":null,"usage":"官公庁施設","majorUsage":null,"usageCode":"421","majorUsageCode":null,"usageCodeSpace":"https://assets.cms.plateau.reearth.io/assets/2c/6a2f27-a1e1-466a-a8cf-4627060f7ca4/13111_ota-ku_pref_2025_citygml_1_op/codelists/Building_usage.xml","majorUsageCodeSpace":null,"measuredHeight":21.1,"storeysAboveGround":3,"rawMeasuredHeight":"21.1","rawStoreysAboveGround":"3","category":"PUBLIC_TRANSPORT","city":"大田区","dataYear":2025,"geometrySource":"lod0RoofEdge","sourceMesh":"53392662"},"geometry":{"type":"Polygon","coordinates":[[[139.7801547,35.5559732],[139.7800958,35.5559462],[139.7802074,35.5559086],[139.7803434,35.5557136],[139.78039,35.5557354],[139.7803886,35.5557373],[139.7804684,35.5557749],[139.7804632,35.5557822],[139.7804772,35.5557888],[139.7804768,35.5557894],[139.7810259,35.5560474],[139.7810253,35.5560481],[139.7810648,35.5560667],[139.7809822,35.5561838],[139.7810264,35.5562052],[139.7808353,35.556475],[139.7807959,35.5564565],[139.7807679,35.5564958],[139.7807639,35.5565013],[139.7807579,35.5564984],[139.7805861,35.5564165],[139.7804097,35.5563322],[139.7802432,35.5562528],[139.7800623,35.5561664],[139.7800933,35.556123],[139.7800603,35.5561075],[139.7801547,35.5559732]]]}},{"type":"Feature","properties":{"gmlId":"bldg_f81bee4b-981d-4781-a0b5-dda3c0cade0b","name":"東京空港警察署","usage":"官公庁施設","majorUsage":null,"usageCode":"421","majorUsageCode":null,"usageCodeSpace":"https://assets.cms.plateau.reearth.io/assets/2c/6a2f27-a1e1-466a-a8cf-4627060f7ca4/13111_ota-ku_pref_2025_citygml_1_op/codelists/Building_usage.xml","majorUsageCodeSpace":null,"measuredHeight":35.2,"storeysAboveGround":5,"rawMeasuredHeight":"35.2","rawStoreysAboveGround":"5","category":"PUBLIC_TRANSPORT","city":"大田区","dataYear":2025,"geometrySource":"lod0RoofEdge","sourceMesh":"53392662"},"geometry":{"type":"Polygon","coordinates":[[[139.7840137,35.5549376],[139.7840161,35.5549387],[139.7840318,35.5549167],[139.7840762,35.5549378],[139.7840771,35.5549365],[139.784169,35.55498],[139.7841915,35.5549851],[139.7842211,35.5549902],[139.7842492,35.5549975],[139.7842799,35.5550093],[139.784303,35.555023],[139.7843279,35.5550426],[139.7843449,35.5550582],[139.7843556,35.5550683],[139.7844571,35.5551164],[139.7844556,35.5551186],[139.7844583,35.5551199],[139.7845047,35.5551421],[139.7844762,35.555182],[139.7844748,35.5551813],[139.7844389,35.5552317],[139.7844362,35.5552466],[139.784454,35.5552551],[139.7843976,35.555334],[139.7843776,35.5553245],[139.784369,35.5553299],[139.7843161,35.5554041],[139.7843156,35.5554039],[139.784305,35.555419],[139.784258,35.5553969],[139.7842521,35.5554052],[139.7838729,35.5552241],[139.7838775,35.5552177],[139.7838317,35.5551961],[139.7838435,35.5551794],[139.783842,35.5551787],[139.7838947,35.5551046],[139.7838962,35.5550967],[139.7838754,35.5550868],[139.7838843,35.5550743],[139.7838773,35.5550709],[139.7837249,35.5549975],[139.7837627,35.554945],[139.7839218,35.5550216],[139.7839316,35.5550078],[139.7839541,35.5550185],[139.7839575,35.5550165],[139.7840137,35.5549376]]]}},{"type":"Feature","properties":{"gmlId":"bldg_e4f8fa0b-511e-4515-bcc4-cc7354553e5a","name":null,"usage":"官公庁施設","majorUsage":null,"usageCode":"421","majorUsageCode":null,"usageCodeSpace":"https://assets.cms.plateau.reearth.io/assets/2c/6a2f27-a1e1-466a-a8cf-4627060f7ca4/13111_ota-ku_pref_2025_citygml_1_op/codelists/Building_usage.xml","majorUsageCodeSpace":null,"measuredHeight":3.1,"storeysAboveGround":1,"rawMeasuredHeight":"3.1","rawStoreysAboveGround":"1","category":"PUBLIC_TRANSPORT","city":"大田区","dataYear":2025,"geometrySource":"lod0RoofEdge","sourceMesh":"53392662"},"geometry":{"type":"Polygon","coordinates":[[[139.7799141,35.5563437],[139.7799515,35.5562907],[139.7800009,35.556314],[139.7799478,35.5563893],[139.7799306,35.5563813],[139.7799385,35.55637],[139.7799224,35.5563624],[139.7799302,35.5563513],[139.7799141,35.5563437]]]}},{"type":"Feature","properties":{"gmlId":"bldg_d00814bb-0b4e-46a8-a413-0f4e556829f3","name":null,"usage":"運輸倉庫施設","majorUsage":null,"usageCode":"431","majorUsageCode":null,"usageCodeSpace":"https://assets.cms.plateau.reearth.io/assets/2c/6a2f27-a1e1-466a-a8cf-4627060f7ca4/13111_ota-ku_pref_2025_citygml_1_op/codelists/Building_usage.xml","majorUsageCodeSpace":null,"measuredHeight":32,"storeysAboveGround":7,"rawMeasuredHeight":"32","rawStoreysAboveGround":"7","category":"PUBLIC_TRANSPORT","city":"大田区","dataYear":2025,"geometrySource":"lod0RoofEdge","sourceMesh":"53392653"},"geometry":{"type":"Polygon","coordinates":[[[139.7886231,35.5493726],[139.7886473,35.5493841],[139.78856,35.5495071],[139.7885641,35.5495091],[139.7884669,35.5496443],[139.7884636,35.5496428],[139.788421,35.5497029],[139.7883966,35.5496913],[139.7880828,35.5501329],[139.788008,35.5501436],[139.7875503,35.5499236],[139.7875099,35.5498619],[139.78795,35.5492422],[139.7878429,35.5491922],[139.7879478,35.5490421],[139.7880562,35.5490927],[139.7882902,35.5487632],[139.7883757,35.5487614],[139.7884266,35.5487856],[139.7884627,35.5487345],[139.7888683,35.5489245],[139.788867,35.5489263],[139.7888306,35.548978],[139.7888311,35.5489782],[139.7888591,35.5490404],[139.7886231,35.5493726]]]}},{"type":"Feature","properties":{"gmlId":"bldg_ab1a0ade-ffc7-400f-a07a-2321915fff9f","name":null,"usage":"官公庁施設","majorUsage":null,"usageCode":"421","majorUsageCode":null,"usageCodeSpace":"https://assets.cms.plateau.reearth.io/assets/2c/6a2f27-a1e1-466a-a8cf-4627060f7ca4/13111_ota-ku_pref_2025_citygml_1_op/codelists/Building_usage.xml","majorUsageCodeSpace":null,"measuredHeight":3.2,"storeysAboveGround":1,"rawMeasuredHeight":"3.2","rawStoreysAboveGround":"1","category":"PUBLIC_TRANSPORT","city":"大田区","dataYear":2025,"geometrySource":"lod0RoofEdge","sourceMesh":"53392662"},"geometry":{"type":"Polygon","coordinates":[[[139.7805103,35.5566321],[139.7805454,35.5565836],[139.7805835,35.5566025],[139.7805633,35.5566295],[139.780593,35.5566444],[139.7805638,35.5566834],[139.7805106,35.5566918],[139.7805109,35.5566914],[139.7805023,35.5566926],[139.7804883,35.5566882],[139.7804818,35.5566815],[139.7804805,35.5566768],[139.7804811,35.5566729],[139.7805103,35.5566321]]]}},{"type":"Feature","properties":{"gmlId":"bldg_cf881cdd-53dc-4817-95e7-343f9e863d52","name":null,"usage":"運輸倉庫施設","majorUsage":null,"usageCode":"431","majorUsageCode":null,"usageCodeSpace":"https://assets.cms.plateau.reearth.io/assets/2c/6a2f27-a1e1-466a-a8cf-4627060f7ca4/13111_ota-ku_pref_2025_citygml_1_op/codelists/Building_usage.xml","majorUsageCodeSpace":null,"measuredHeight":7.5,"storeysAboveGround":2,"rawMeasuredHeight":"7.5","rawStoreysAboveGround":"2","category":"PUBLIC_TRANSPORT","city":"大田区","dataYear":2025,"geometrySource":"lod0RoofEdge","sourceMesh":"53392662"},"geometry":{"type":"Polygon","coordinates":[[[139.7828453,35.5564548],[139.7827015,35.5563868],[139.7828816,35.5561326],[139.7830254,35.5562006],[139.7828453,35.5564548]]]}},{"type":"Feature","properties":{"gmlId":"bldg_36a64b28-da0c-4585-8f7a-d90e45566027","name":null,"usage":"運輸倉庫施設","majorUsage":null,"usageCode":"431","majorUsageCode":null,"usageCodeSpace":"https://assets.cms.plateau.reearth.io/assets/2c/6a2f27-a1e1-466a-a8cf-4627060f7ca4/13111_ota-ku_pref_2025_citygml_1_op/codelists/Building_usage.xml","majorUsageCodeSpace":null,"measuredHeight":13.9,"storeysAboveGround":2,"rawMeasuredHeight":"13.9","rawStoreysAboveGround":"2","category":"PUBLIC_TRANSPORT","city":"大田区","dataYear":2025,"geometrySource":"lod0RoofEdge","sourceMesh":"53392662"},"geometry":{"type":"Polygon","coordinates":[[[139.7800482,35.5568782],[139.7800506,35.5568812],[139.7800521,35.556886],[139.7800515,35.5568905],[139.7800493,35.556896],[139.7800425,35.5569018],[139.7800361,35.5569035],[139.7800276,35.5569029],[139.7799868,35.5568841],[139.7799236,35.5569728],[139.7798224,35.5569247],[139.7798158,35.5569342],[139.7798107,35.5569362],[139.7797633,35.556913],[139.7797618,35.5569073],[139.7797678,35.5568987],[139.7797435,35.5568872],[139.7797344,35.5568997],[139.7795897,35.5568303],[139.7797524,35.5566039],[139.7798971,35.5566733],[139.7798882,35.5566857],[139.7800674,35.5567709],[139.7800054,35.556858],[139.7800455,35.556876],[139.7800482,35.5568782]]]}},{"type":"Feature","properties":{"gmlId":"bldg_f637d895-defb-44ad-971b-727e46fa7f7f","name":null,"usage":"運輸倉庫施設","majorUsage":null,"usageCode":"431","majorUsageCode":null,"usageCodeSpace":"https://assets.cms.plateau.reearth.io/assets/2c/6a2f27-a1e1-466a-a8cf-4627060f7ca4/13111_ota-ku_pref_2025_citygml_1_op/codelists/Building_usage.xml","majorUsageCodeSpace":null,"measuredHeight":21.6,"storeysAboveGround":5,"rawMeasuredHeight":"21.6","rawStoreysAboveGround":"5","category":"PUBLIC_TRANSPORT","city":"大田区","dataYear":2025,"geometrySource":"lod0RoofEdge","sourceMesh":"53392653"},"geometry":{"type":"Polygon","coordinates":[[[139.7891704,35.5486565],[139.7891267,35.5487192],[139.7890724,35.5486939],[139.7890717,35.5486948],[139.7891288,35.5487216],[139.7891108,35.5487468],[139.7890538,35.54872],[139.7890266,35.5487583],[139.7889803,35.5487363],[139.7889509,35.5487776],[139.7889489,35.5487766],[139.7889071,35.5488351],[139.7888236,35.548797],[139.7886203,35.5486982],[139.7886206,35.5486978],[139.7885371,35.5486581],[139.7885891,35.548585],[139.7885219,35.5485552],[139.7885393,35.548529],[139.7885569,35.5485368],[139.7889392,35.5479997],[139.7889874,35.5480226],[139.7890285,35.5479648],[139.7891181,35.5480074],[139.7893196,35.5481051],[139.7892796,35.5481614],[139.7893169,35.5481093],[139.7893196,35.5481054],[139.7893921,35.5481402],[139.7893524,35.548196],[139.7894077,35.5482223],[139.789117,35.5486311],[139.7891259,35.5486353],[139.7891257,35.5486356],[139.7891704,35.5486565]]]}},{"type":"Feature","properties":{"gmlId":"bldg_b8169c6c-d9b8-47e8-b87c-3d6d68616710","name":null,"usage":"運輸倉庫施設","majorUsage":null,"usageCode":"431","majorUsageCode":null,"usageCodeSpace":"https://assets.cms.plateau.reearth.io/assets/2c/6a2f27-a1e1-466a-a8cf-4627060f7ca4/13111_ota-ku_pref_2025_citygml_1_op/codelists/Building_usage.xml","majorUsageCodeSpace":null,"measuredHeight":22.5,"storeysAboveGround":5,"rawMeasuredHeight":"22.5","rawStoreysAboveGround":"5","category":"PUBLIC_TRANSPORT","city":"大田区","dataYear":2025,"geometrySource":"lod0RoofEdge","sourceMesh":"53392662"},"geometry":{"type":"Polygon","coordinates":[[[139.7824848,35.5569754],[139.7824724,35.5569695],[139.7824708,35.5569719],[139.7824064,35.5569413],[139.7823609,35.5570082],[139.7823367,35.5569973],[139.7823347,35.5570001],[139.7823065,35.5569867],[139.7822938,35.5570046],[139.7822462,35.556982],[139.7822677,35.5569517],[139.7822549,35.5569456],[139.7822995,35.5568827],[139.7823124,35.5568888],[139.7823922,35.5567777],[139.7825082,35.5566147],[139.7825509,35.556635],[139.7825634,35.5566166],[139.7825804,35.5566246],[139.7826062,35.5566372],[139.7826022,35.5566432],[139.7826148,35.5566489],[139.7826064,35.5566613],[139.78267,35.5566915],[139.7826653,35.5566981],[139.782677,35.5567037],[139.7824848,35.5569754]],[[139.7825948,35.5566531],[139.7825739,35.5566459],[139.7825935,35.5566551],[139.7825948,35.5566531]]]}},{"type":"Feature","properties":{"gmlId":"bldg_bc1ec3e5-a98f-47e4-8cd8-efcbe62151c1","name":null,"usage":"運輸倉庫施設","majorUsage":null,"usageCode":"431","majorUsageCode":null,"usageCodeSpace":"https://assets.cms.plateau.reearth.io/assets/2c/6a2f27-a1e1-466a-a8cf-4627060f7ca4/13111_ota-ku_pref_2025_citygml_1_op/codelists/Building_usage.xml","majorUsageCodeSpace":null,"measuredHeight":37.7,"storeysAboveGround":7,"rawMeasuredHeight":"37.7","rawStoreysAboveGround":"7","category":"PUBLIC_TRANSPORT","city":"大田区","dataYear":2025,"geometrySource":"lod0RoofEdge","sourceMesh":"53392662"},"geometry":{"type":"Polygon","coordinates":[[[139.782206,35.5575274],[139.7819422,35.5574022],[139.7822403,35.5569826],[139.7824329,35.5570739],[139.7824502,35.5570488],[139.7825078,35.5570754],[139.7824901,35.5571011],[139.7825042,35.5571078],[139.782206,35.5575274]]]}},{"type":"Feature","properties":{"gmlId":"bldg_e12269a3-0571-4526-aab9-a5269a1d1f9e","name":null,"usage":"運輸倉庫施設","majorUsage":null,"usageCode":"431","majorUsageCode":null,"usageCodeSpace":"https://assets.cms.plateau.reearth.io/assets/2c/6a2f27-a1e1-466a-a8cf-4627060f7ca4/13111_ota-ku_pref_2025_citygml_1_op/codelists/Building_usage.xml","majorUsageCodeSpace":null,"measuredHeight":8.5,"storeysAboveGround":2,"rawMeasuredHeight":"8.5","rawStoreysAboveGround":"2","category":"PUBLIC_TRANSPORT","city":"大田区","dataYear":2025,"geometrySource":"lod0RoofEdge","sourceMesh":"53392662"},"geometry":{"type":"Polygon","coordinates":[[[139.7791034,35.5574545],[139.7791521,35.5574776],[139.7791529,35.5574765],[139.779457,35.5576205],[139.7792765,35.5578751],[139.7791838,35.5578312],[139.7791685,35.557853],[139.7790479,35.5577961],[139.7790539,35.5577875],[139.7789138,35.5577209],[139.7791034,35.5574545]]]}},{"type":"Feature","properties":{"gmlId":"bldg_b7194b22-714e-4cc7-9c19-44c91bfd87e7","name":null,"usage":"運輸倉庫施設","majorUsage":null,"usageCode":"431","majorUsageCode":null,"usageCodeSpace":"https://assets.cms.plateau.reearth.io/assets/2c/6a2f27-a1e1-466a-a8cf-4627060f7ca4/13111_ota-ku_pref_2025_citygml_1_op/codelists/Building_usage.xml","majorUsageCodeSpace":null,"measuredHeight":9.6,"storeysAboveGround":1,"rawMeasuredHeight":"9.6","rawStoreysAboveGround":"1","category":"PUBLIC_TRANSPORT","city":"大田区","dataYear":2025,"geometrySource":"lod0RoofEdge","sourceMesh":"53392662"},"geometry":{"type":"Polygon","coordinates":[[[139.7824476,35.5578238],[139.7824256,35.5578138],[139.7824315,35.5578052],[139.7823677,35.5577751],[139.7833197,35.5564372],[139.7833995,35.5564749],[139.7834019,35.5564717],[139.7834606,35.5565006],[139.7834664,35.5564924],[139.7835865,35.5565487],[139.7835792,35.5565591],[139.783674,35.5566058],[139.7836749,35.5566602],[139.7827765,35.5579212],[139.7827208,35.5579452],[139.7827073,35.5579386],[139.7827034,35.5579442],[139.7826527,35.5579209],[139.7826375,35.5579421],[139.7824329,35.5578444],[139.7824476,35.5578238]]]}},{"type":"Feature","properties":{"gmlId":"bldg_8f8402e5-225b-4511-9689-490bdf162865","name":null,"usage":"運輸倉庫施設","majorUsage":null,"usageCode":"431","majorUsageCode":null,"usageCodeSpace":"https://assets.cms.plateau.reearth.io/assets/2c/6a2f27-a1e1-466a-a8cf-4627060f7ca4/13111_ota-ku_pref_2025_citygml_1_op/codelists/Building_usage.xml","majorUsageCodeSpace":null,"measuredHeight":36.5,"storeysAboveGround":5,"rawMeasuredHeight":"36.5","rawStoreysAboveGround":"5","category":"PUBLIC_TRANSPORT","city":"大田区","dataYear":2025,"geometrySource":"lod0RoofEdge","sourceMesh":"53392653"},"geometry":{"type":"Polygon","coordinates":[[[139.7886778,35.5560596],[139.7886828,35.5560649],[139.7886493,35.5560862],[139.7886061,35.5560683],[139.7886251,35.5560377],[139.7886392,35.5560435],[139.7886426,35.5560414],[139.7886359,35.5560333],[139.7886569,35.5560215],[139.7887176,35.5559818],[139.7887193,35.5559806],[139.7887205,35.5559821],[139.7887264,35.5559891],[139.7887277,35.5559906],[139.7887259,35.5559917],[139.7886672,35.5560305],[139.7886654,35.5560316],[139.7886682,35.5560349],[139.7888983,35.5558758],[139.7888962,35.5558735],[139.7889131,35.5558633],[139.7889159,35.5558591],[139.7888189,35.5555523],[139.7888191,35.555552],[139.7887692,35.5555301],[139.7887783,35.5555171],[139.7886068,35.5554358],[139.7885756,35.5554798],[139.7885644,35.5554775],[139.7884991,35.5556446],[139.7885382,35.5556631],[139.7885007,35.5557163],[139.7884899,35.5557213],[139.788478,35.5557222],[139.7884677,35.5557179],[139.7884588,35.5557095],[139.788459,35.5557002],[139.7884555,35.5556965],[139.7883684,35.5556554],[139.7883795,35.5556395],[139.7883749,35.5556372],[139.788361,35.5556428],[139.7883594,35.5556401],[139.7882476,35.5557084],[139.7882511,35.5557124],[139.788198,35.5557435],[139.7881094,35.5557952],[139.7881088,35.5557959],[139.7881083,35.5557958],[139.7881004,35.5558003],[139.7880745,35.5558163],[139.7880326,35.5558039],[139.7880467,35.5557722],[139.7880751,35.5557806],[139.7880772,35.5557793],[139.7880672,35.5557673],[139.7880882,35.5557555],[139.788152,35.555718],[139.7881538,35.555717],[139.7881551,35.5557185],[139.7881609,35.5557254],[139.7881622,35.5557269],[139.7881604,35.555728],[139.7880985,35.5557646],[139.7880967,35.5557656],[139.7880976,35.5557666],[139.7882308,35.5556888],[139.7882339,35.5556925],[139.7883487,35.5556223],[139.7883479,35.5556209],[139.7883734,35.5556107],[139.788393,35.5556205],[139.7883998,35.5556108],[139.7884173,35.555619],[139.7884724,35.5554579],[139.7884721,35.5554577],[139.788472,35.5554579],[139.7884374,35.5554415],[139.7879904,35.5552305],[139.7878978,35.5553603],[139.7879315,35.5553753],[139.7878911,35.5554315],[139.7878768,35.5554355],[139.7878648,35.5554329],[139.7878579,35.5554286],[139.787852,35.5554207],[139.7878518,35.5554116],[139.7878555,35.5554062],[139.7878517,35.555404],[139.7878483,35.5554089],[139.7878178,35.5553943],[139.7877993,35.5554128],[139.7877974,35.5554115],[139.7877608,35.5554463],[139.7877644,35.5554487],[139.7876648,35.555545],[139.7876652,35.5555455],[139.7876633,35.5555477],[139.7876623,35.5555474],[139.7876616,35.5555481],[139.7876637,35.5555495],[139.7876397,35.5555747],[139.7875965,35.5555852],[139.7875831,35.555555],[139.7876134,35.5555483],[139.7876233,35.5555377],[139.7876116,35.5555303],[139.7876273,35.5555138],[139.7876289,35.5555125],[139.7876741,35.5554732],[139.7876759,35.5554744],[139.787684,35.5554796],[139.7876858,35.5554807],[139.7876843,35.555482],[139.7876407,35.55552],[139.7876392,35.5555213],[139.7876425,35.5555234],[139.7877384,35.5554307],[139.7877426,35.5554337],[139.7877789,35.5553991],[139.7877768,35.5553977],[139.7877925,35.5553821],[139.7877631,35.5553679],[139.787769,35.5553591],[139.7877566,35.5553531],[139.787718,35.5553713],[139.7877164,35.5553775],[139.7876498,35.5554096],[139.7876503,35.5554101],[139.7876484,35.5554122],[139.7876457,35.5554115],[139.7876384,35.555415],[139.7876393,35.5554163],[139.7876122,35.5554323],[139.7875716,35.555426],[139.7875736,35.555397],[139.7876004,35.5553993],[139.7876141,35.5553921],[139.7876123,35.5553894],[139.787607,35.5553817],[139.7876293,35.5553715],[139.7876313,35.5553707],[139.787694,35.5553464],[139.7876951,35.555348],[139.7876993,35.555354],[139.7877002,35.5553554],[139.7877435,35.5553345],[139.7877504,35.5553441],[139.7877421,35.5553305],[139.7877643,35.5553215],[139.7877868,35.5553325],[139.7877923,35.5553243],[139.7878097,35.5553321],[139.7879097,35.5551924],[139.787301,35.5549052],[139.7872086,35.5550335],[139.787244,35.5550505],[139.7872083,35.5551003],[139.7871995,35.5551073],[139.7871878,35.5551097],[139.7871771,35.5551068],[139.7871686,35.5550997],[139.7871643,35.5550914],[139.787165,35.5550858],[139.787134,35.5550709],[139.7871262,35.5550813],[139.7871082,35.5550975],[139.7871071,35.5550966],[139.7870185,35.5551745],[139.7870215,35.5551768],[139.7869876,35.5552051],[139.7869465,35.5552107],[139.7869395,35.5551763],[139.7869735,35.5551717],[139.7869871,35.5551603],[139.7869871,35.555158],[139.7869902,35.5551571],[139.7869905,35.5551575],[139.7869939,35.5551547],[139.7869977,35.5551578],[139.7870855,35.5550805],[139.7870841,35.5550794],[139.7871009,35.5550645],[139.7871061,35.5550575],[139.7870752,35.5550427],[139.7870809,35.5550347],[139.7870765,35.5550327],[139.7870641,35.5550371],[139.7870635,35.5550358],[139.7869733,35.5550703],[139.7869738,35.555071],[139.7869719,35.5550731],[139.7869688,35.5550723],[139.7869688,35.555072],[139.7869653,35.5550734],[139.7869678,35.5550775],[139.786936,35.5550904],[139.7868948,35.5550859],[139.7869002,35.5550531],[139.786929,35.5550563],[139.7869407,35.5550515],[139.7869334,35.5550409],[139.7869556,35.5550306],[139.7869578,35.5550301],[139.7870187,35.5550149],[139.7870209,35.5550144],[139.787022,35.555016],[139.7870256,35.5550212],[139.7870505,35.5550117],[139.7870495,35.5550098],[139.7870758,35.5550003],[139.7870983,35.5550105],[139.7871079,35.5549971],[139.7871236,35.5550046],[139.787222,35.5548679],[139.7868261,35.5546811],[139.7868197,35.5546619],[139.7865579,35.5547214],[139.7865619,35.5547233],[139.7865598,35.5547264],[139.7866011,35.5547453],[139.7865648,35.5547984],[139.7865548,35.5548032],[139.7865423,35.5548045],[139.7865298,35.554799],[139.7865227,35.5547909],[139.7865216,35.5547796],[139.7865225,35.5547783],[139.7864416,35.554741],[139.7864501,35.5547287],[139.7864461,35.5547269],[139.7864368,35.5547316],[139.786436,35.5547308],[139.7863491,35.5547819],[139.7863508,35.5547838],[139.7862184,35.5548619],[139.7862188,35.5548619],[139.7862213,35.5548643],[139.7862213,35.5548675],[139.7862188,35.5548699],[139.786215,35.5548705],[139.7862117,35.5548689],[139.7861887,35.5548863],[139.7861708,35.5548877],[139.7861385,35.5548748],[139.7861585,35.5548403],[139.786178,35.5548475],[139.7861785,35.5548472],[139.7861707,35.5548388],[139.7861935,35.5548246],[139.7861945,35.5548242],[139.7862587,35.5547936],[139.7862593,35.5547943],[139.786264,35.5547994],[139.7863296,35.5547608],[139.7863315,35.5547629],[139.7864174,35.5547124],[139.786417,35.554712],[139.7864377,35.5546975],[139.7864522,35.5546985],[139.7864661,35.5547054],[139.7864728,35.5546958],[139.7864805,35.5546993],[139.7864849,35.554693],[139.7864822,35.5546917],[139.7865105,35.5546503],[139.7867953,35.5545891],[139.7867748,35.554528],[139.7872106,35.5544286],[139.78721,35.554427],[139.7871419,35.5542242],[139.7871413,35.5542226],[139.7869131,35.5542718],[139.787079,35.5540371],[139.7870365,35.5539107],[139.7870127,35.5538399],[139.7870235,35.5538247],[139.7869061,35.5537692],[139.7869078,35.5537667],[139.7865659,35.5536039],[139.7865637,35.553607],[139.786529,35.5535906],[139.7865099,35.5536183],[139.7864218,35.5535777],[139.7864414,35.5535493],[139.7864367,35.553547],[139.7867409,35.5531182],[139.7866757,35.5530871],[139.7869831,35.5526597],[139.787047,35.5525702],[139.7870549,35.5525591],[139.787065,35.5525448],[139.7870794,35.5525245],[139.787094,35.5525038],[139.7871044,35.5524891],[139.7871127,35.5524774],[139.7871205,35.5524665],[139.7871307,35.5524522],[139.7871451,35.552432],[139.7871596,35.5524115],[139.7871699,35.552397],[139.7871782,35.5523854],[139.7871863,35.5523741],[139.7871965,35.5523598],[139.787211,35.5523396],[139.7872256,35.5523192],[139.7872358,35.5523048],[139.7872441,35.5522933],[139.7872523,35.552282],[139.7872626,35.5522675],[139.7872773,35.5522469],[139.7872919,35.5522266],[139.7873021,35.5522122],[139.7873104,35.5522007],[139.7873101,35.5522005],[139.7873183,35.552189],[139.7873285,35.5521748],[139.787343,35.5521545],[139.7873576,35.5521341],[139.7873678,35.5521198],[139.7873761,35.5521082],[139.7873765,35.5521084],[139.7873847,35.5520969],[139.7873949,35.5520826],[139.7874094,35.5520623],[139.7874239,35.552042],[139.7874342,35.5520276],[139.7874425,35.5520161],[139.787485,35.5520364],[139.7874918,35.5520268],[139.7875151,35.5520377],[139.7875266,35.5520214],[139.787506,35.5520116],[139.7875072,35.5520099],[139.7874916,35.5520135],[139.7869615,35.5517617],[139.7869565,35.5517523],[139.7869881,35.5517071],[139.7870042,35.5517058],[139.7875353,35.5519576],[139.7875382,35.5519694],[139.787557,35.5519784],[139.7875697,35.5519603],[139.7875511,35.5519516],[139.7875611,35.5519374],[139.7875145,35.5519151],[139.7875227,35.5519036],[139.7875329,35.5518893],[139.7875474,35.551869],[139.7875619,35.5518487],[139.7875722,35.5518343],[139.7875804,35.5518228],[139.7875887,35.5518113],[139.7875989,35.551797],[139.7876135,35.5517768],[139.7876281,35.5517565],[139.7876384,35.5517422],[139.7876467,35.5517307],[139.7876549,35.5517192],[139.7876651,35.551705],[139.7876796,35.5516847],[139.7876942,35.5516643],[139.7877044,35.55165],[139.7877128,35.5516385],[139.787721,35.5516271],[139.7877312,35.5516128],[139.7877457,35.5515925],[139.7877603,35.5515722],[139.7877705,35.5515578],[139.7877789,35.5515463],[139.7877872,35.5515349],[139.7877975,35.5515205],[139.787812,35.5515001],[139.7878265,35.5514799],[139.7878367,35.5514656],[139.787845,35.5514542],[139.7878533,35.5514427],[139.7878636,35.5514284],[139.7878782,35.551408],[139.7878926,35.5513877],[139.7879028,35.5513735],[139.7879108,35.5513622],[139.7879189,35.5513506],[139.7879291,35.5513363],[139.7879435,35.5513159],[139.7879579,35.5512956],[139.7879681,35.5512814],[139.7879754,35.551271],[139.787975,35.5512708],[139.7879832,35.5512592],[139.7879935,35.5512448],[139.7880081,35.5512245],[139.7880225,35.5512042],[139.7880327,35.55119],[139.7880409,35.5511786],[139.7880404,35.5511783],[139.7880487,35.5511667],[139.7880589,35.5511524],[139.7880735,35.551132],[139.788088,35.5511117],[139.7880982,35.5510975],[139.7881056,35.551087],[139.7881115,35.5510788],[139.7881054,35.551076],[139.7884451,35.5505975],[139.7884477,35.5505988],[139.7884486,35.5505976],[139.7884587,35.5505835],[139.7884729,35.5505636],[139.7884878,35.5505427],[139.7884984,35.5505279],[139.7885069,35.550516],[139.7885146,35.5505053],[139.7885247,35.5504913],[139.788539,35.5504714],[139.7885538,35.5504507],[139.7885643,35.5504362],[139.7885728,35.5504245],[139.7885808,35.5504133],[139.7885909,35.5503992],[139.7886051,35.5503793],[139.7886199,35.5503586],[139.7886303,35.550344],[139.7886386,35.5503325],[139.7886388,35.5503322],[139.7886467,35.5503212],[139.7886568,35.5503071],[139.7886712,35.550287],[139.7886861,35.5502664],[139.7886965,35.5502519],[139.788705,35.5502402],[139.7887131,35.5502289],[139.7887232,35.5502148],[139.7887375,35.5501948],[139.7887523,35.5501742],[139.7887626,35.5501597],[139.7887711,35.550148],[139.7887792,35.5501368],[139.7887893,35.5501227],[139.7888037,35.5501026],[139.7888184,35.550082],[139.7888287,35.5500675],[139.7888368,35.5500563],[139.7888363,35.550056],[139.7888444,35.5500446],[139.7888545,35.5500305],[139.7888688,35.5500105],[139.7888836,35.5499899],[139.7888939,35.5499754],[139.7889014,35.5499649],[139.788901,35.5499647],[139.7889091,35.5499533],[139.7889192,35.5499391],[139.7889335,35.5499191],[139.7889483,35.5498985],[139.7889586,35.549884],[139.7889669,35.5498724],[139.7889664,35.5498722],[139.7889746,35.5498608],[139.7889847,35.5498467],[139.788999,35.5498266],[139.7890137,35.5498061],[139.7890241,35.5497916],[139.7890317,35.5497808],[139.7890439,35.5497638],[139.7890855,35.5497837],[139.7890864,35.5497825],[139.7891049,35.5497913],[139.7891152,35.5497769],[139.7885627,35.5495133],[139.7885968,35.5494652],[139.7891493,35.5497288],[139.7891598,35.549714],[139.7891366,35.549703],[139.7894058,35.5493241],[139.7893658,35.5493051],[139.789431,35.5492137],[139.7894964,35.5491219],[139.789496,35.5491217],[139.7895619,35.5490293],[139.7896273,35.5489375],[139.7896269,35.5489373],[139.7896924,35.5488456],[139.789692,35.5488454],[139.789758,35.5487531],[139.7897585,35.5487533],[139.7898245,35.5486609],[139.789825,35.5486611],[139.7898902,35.5485698],[139.7898907,35.54857],[139.7899557,35.5484791],[139.7899553,35.5484789],[139.7899625,35.5484687],[139.7899211,35.548449],[139.7899374,35.5484263],[139.7899263,35.548421],[139.7901138,35.548159],[139.789926,35.5475712],[139.7896904,35.5474618],[139.7898981,35.5471682],[139.7898966,35.5471674],[139.7899791,35.5470504],[139.7904541,35.5472746],[139.7904515,35.5472784],[139.7904794,35.5472919],[139.7904818,35.5472885],[139.7906852,35.5473849],[139.7904856,35.5476642],[139.7908323,35.5478282],[139.7909005,35.5476866],[139.7908667,35.5476733],[139.7909042,35.5476186],[139.7909157,35.5476146],[139.790927,35.5476146],[139.7909366,35.5476181],[139.7909437,35.547623],[139.7909474,35.5476313],[139.7909455,35.5476394],[139.7909744,35.547652],[139.7909986,35.5476319],[139.790998,35.5476314],[139.7911147,35.5475251],[139.791114,35.5475249],[139.791114,35.5475231],[139.7911132,35.5475225],[139.7911117,35.5475238],[139.7910723,35.5475597],[139.7910708,35.5475611],[139.791061,35.5475528],[139.7910624,35.5475514],[139.7911011,35.5475152],[139.7911025,35.5475138],[139.7911176,35.5475015],[139.7911298,35.5475114],[139.7911365,35.5475054],[139.7911481,35.5474952],[139.7911989,35.5474956],[139.7911984,35.547526],[139.7911558,35.5475261],[139.7911546,35.5475252],[139.7911398,35.5475385],[139.7911402,35.547539],[139.7911383,35.5475411],[139.7911371,35.5475408],[139.7910216,35.5476442],[139.7910245,35.5476466],[139.7910043,35.5476649],[139.7910371,35.547679],[139.791028,35.5476927],[139.7910342,35.5476941],[139.7910473,35.5476897],[139.7910476,35.5476906],[139.791132,35.5476567],[139.791132,35.5476547],[139.7911351,35.5476538],[139.7911362,35.5476551],[139.7911581,35.5476462],[139.7911577,35.5476455],[139.7911847,35.5476366],[139.7912232,35.5476467],[139.7912094,35.5476817],[139.7911706,35.5476715],[139.7911695,35.5476693],[139.7911679,35.5476699],[139.7911735,35.5476868],[139.7911534,35.5476913],[139.7911514,35.5476921],[139.7910973,35.5477137],[139.7910952,35.5477145],[139.7910929,35.5477077],[139.7910923,35.5477059],[139.7911481,35.547683],[139.7911501,35.5476822],[139.7911488,35.5476781],[139.7911474,35.5476777],[139.7910545,35.5477128],[139.7910513,35.5477042],[139.7910544,35.5477156],[139.7910307,35.5477227],[139.7910131,35.5477154],[139.7910073,35.5477242],[139.7909897,35.5477158],[139.7909216,35.5478705],[139.7912091,35.5480064],[139.7914702,35.5481293],[139.7915644,35.5480012],[139.7915632,35.5480023],[139.7915265,35.5479878],[139.791564,35.5479332],[139.7915754,35.5479292],[139.7915867,35.5479291],[139.7915963,35.5479326],[139.7916034,35.5479375],[139.7916071,35.5479458],[139.7916052,35.547954],[139.7916304,35.5479649],[139.7916681,35.5479429],[139.7916694,35.547945],[139.7918204,35.5478499],[139.7918193,35.5478484],[139.7918188,35.5478483],[139.7918188,35.5478479],[139.7918172,35.5478458],[139.7918155,35.5478469],[139.7917661,35.5478775],[139.7917643,35.5478786],[139.791758,35.5478703],[139.7917568,35.5478688],[139.7918075,35.5478365],[139.7918093,35.5478354],[139.7918273,35.5478262],[139.7918373,35.5478392],[139.7918453,35.5478342],[139.7918447,35.5478335],[139.7918601,35.5478225],[139.791907,35.5478279],[139.791904,35.5478571],[139.7918622,35.5478535],[139.7918612,35.5478523],[139.7918406,35.547865],[139.791841,35.5478655],[139.7918391,35.5478676],[139.7918371,35.5478671],[139.7916808,35.547963],[139.7916819,35.5479648],[139.7916584,35.547977],[139.7916968,35.5479936],[139.7916931,35.5479992],[139.7917051,35.5480026],[139.7917064,35.5480052],[139.7918131,35.5479734],[139.7918131,35.5479712],[139.7918162,35.5479704],[139.7918177,35.547972],[139.7918371,35.5479662],[139.791836,35.5479636],[139.7918626,35.5479572],[139.7919019,35.5479644],[139.7918932,35.5479939],[139.7918649,35.5479862],[139.7918461,35.5479875],[139.791845,35.5479849],[139.7918431,35.5479855],[139.7918492,35.5480039],[139.7918291,35.5480084],[139.791827,35.548009],[139.7917729,35.548025],[139.7917708,35.5480256],[139.7917702,35.5480239],[139.7917678,35.548017],[139.7917699,35.5480164],[139.7918238,35.5479999],[139.7918258,35.5479993],[139.7918249,35.5479963],[139.7918227,35.5479957],[139.7918227,35.5479931],[139.7918238,35.5479928],[139.7918234,35.5479913],[139.791716,35.5480233],[139.7917169,35.548025],[139.7916891,35.5480371],[139.7916741,35.5480281],[139.791667,35.5480387],[139.7916498,35.5480305],[139.7915498,35.5481668],[139.7917673,35.5482692],[139.7917656,35.5482716],[139.7918423,35.5483088],[139.791842,35.5483092],[139.7920377,35.548402],[139.7921574,35.5482838],[139.7921262,35.5482714],[139.7921637,35.5482168],[139.7921751,35.5482128],[139.7921864,35.5482128],[139.792196,35.5482163],[139.7922032,35.5482212],[139.7922068,35.5482295],[139.7922049,35.5482376],[139.7922343,35.5482503],[139.792247,35.5482291],[139.7922727,35.5482224],[139.7922749,35.5482279],[139.7925429,35.5481313],[139.792542,35.5481294],[139.7925416,35.5481293],[139.7925416,35.5481287],[139.7925389,35.5481236],[139.7925369,35.5481243],[139.7924752,35.5481461],[139.7924732,35.5481468],[139.7924685,35.5481379],[139.7924676,35.5481362],[139.792531,35.548113],[139.792533,35.5481123],[139.7925526,35.5481055],[139.7925625,35.5481243],[139.7925685,35.5481221],[139.7925666,35.5481181],[139.7925936,35.5481098],[139.7926317,35.5481226],[139.792619,35.5481481],[139.7925947,35.54814],[139.7925789,35.5481448],[139.7925772,35.5481413],[139.7925588,35.5481479],[139.7925595,35.5481487],[139.7925576,35.5481508],[139.7925545,35.54815],[139.7925545,35.5481495],[139.7922825,35.5482475],[139.7922839,35.5482511],[139.7922668,35.5482556],[139.7922626,35.5482626],[139.7922965,35.5482772],[139.792293,35.5482826],[139.792303,35.5482868],[139.7925045,35.5482379],[139.792533,35.5482311],[139.7925503,35.5482271],[139.7925891,35.5482509],[139.7925667,35.5482756],[139.7925374,35.5482551],[139.7925281,35.5482574],[139.7925333,35.5482732],[139.7925132,35.5482777],[139.7925111,35.5482782],[139.7924525,35.5482913],[139.7924504,35.5482918],[139.7924498,35.54829],[139.7924474,35.5482831],[139.7924496,35.5482827],[139.79251,35.5482686],[139.792508,35.5482623],[139.7923137,35.5483096],[139.7923159,35.5483143],[139.7922901,35.5483209],[139.7922726,35.5483135],[139.7922667,35.5483224],[139.7922459,35.5483124],[139.7921173,35.5484397],[139.792612,35.5486743],[139.7927321,35.5485546],[139.7927001,35.5485407],[139.7927363,35.5484875],[139.7927498,35.5484825],[139.7927604,35.5484826],[139.7927691,35.5484859],[139.7927769,35.5484921],[139.7927808,35.548498],[139.7927789,35.5485071],[139.7928692,35.5485494],[139.7928638,35.548557],[139.7928656,35.548558],[139.7930899,35.5484082],[139.7930891,35.548408],[139.7930891,35.5484053],[139.7930922,35.5484045],[139.7930929,35.5484053],[139.7931152,35.5483851],[139.7931298,35.5483803],[139.7931671,35.5483927],[139.7931543,35.5484205],[139.7931293,35.5484122],[139.7931259,35.548415],[139.793138,35.5484256],[139.7931228,35.5484372],[139.7931211,35.5484383],[139.7930785,35.548466],[139.7930768,35.5484671],[139.7930752,35.5484658],[139.7930692,35.5484606],[139.7930709,35.5484595],[139.7931147,35.5484304],[139.7931107,35.5484269],[139.7931101,35.5484265],[139.7931075,35.5484258],[139.7928853,35.5485742],[139.7928883,35.5485772],[139.7928637,35.5485913],[139.7928453,35.548583],[139.7928393,35.5485915],[139.7928211,35.5485826],[139.7926915,35.548712],[139.7930809,35.5488965],[139.7931157,35.5489129],[139.7931149,35.5489141],[139.793118,35.5489174],[139.7933016,35.5488249],[139.7932716,35.5488119],[139.7933078,35.5487586],[139.7933213,35.5487537],[139.7933318,35.5487537],[139.7933406,35.5487571],[139.7933484,35.5487632],[139.7933523,35.5487692],[139.7933504,35.5487783],[139.7933811,35.5487926],[139.7934106,35.5487702],[139.7934116,35.5487712],[139.7935462,35.5486564],[139.7935403,35.5486507],[139.7935387,35.5486519],[139.7934897,35.5486898],[139.7934881,35.5486911],[139.7934804,35.5486836],[139.793479,35.5486822],[139.793529,35.5486425],[139.7935306,35.5486413],[139.7935469,35.54863],[139.793561,35.5486438],[139.793564,35.5486412],[139.7935627,35.54864],[139.7935822,35.5486262],[139.7936271,35.548627],[139.7936252,35.5486591],[139.7935822,35.5486578],[139.7935667,35.548671],[139.7935649,35.5486732],[139.7935642,35.548673],[139.793429,35.5487868],[139.7934293,35.548787],[139.7934108,35.5488065],[139.7934407,35.5488205],[139.7934307,35.5488346],[139.7934328,35.5488356],[139.7934485,35.5488312],[139.7934491,35.5488323],[139.7935565,35.5487972],[139.7935565,35.5487962],[139.7935596,35.5487954],[139.7935601,35.548796],[139.7935785,35.54879],[139.7935777,35.5487877],[139.7935989,35.5487824],[139.7936394,35.5487984],[139.7936249,35.5488265],[139.7936047,35.5488152],[139.7935892,35.5488121],[139.7935841,35.5488136],[139.7935891,35.5488312],[139.7935688,35.548835],[139.7935668,35.5488357],[139.7935115,35.5488536],[139.7935094,35.5488542],[139.7935089,35.5488525],[139.7935073,35.5488473],[139.7935068,35.5488455],[139.7935639,35.5488265],[139.793566,35.5488258],[139.7935647,35.5488211],[139.7935628,35.5488206],[139.7935628,35.5488202],[139.7934592,35.5488522],[139.7934599,35.5488535],[139.793434,35.5488629],[139.7934163,35.5488549],[139.7934108,35.5488627],[139.7934026,35.5488586],[139.7931761,35.5489786],[139.7931829,35.5489858],[139.7931229,35.5490705],[139.7932967,35.5491514],[139.7933049,35.5491395],[139.7933586,35.5491643],[139.7933261,35.5492113],[139.7934301,35.5495035],[139.7934391,35.5495077],[139.7934582,35.5494793],[139.7935069,35.5495008],[139.793518,35.5495115],[139.7935196,35.5495191],[139.7935182,35.5495295],[139.7935124,35.5495365],[139.7935017,35.5495404],[139.7934938,35.5495407],[139.7934905,35.5495456],[139.7934979,35.5495485],[139.7934528,35.5496163],[139.793403,35.549593],[139.7934221,35.5495634],[139.7934211,35.5495629],[139.7934145,35.5495727],[139.793395,35.5495847],[139.7932329,35.5497022],[139.793231,35.5497045],[139.7932299,35.5497042],[139.7932177,35.5497131],[139.7932202,35.549715],[139.7931996,35.5497338],[139.7931575,35.5497292],[139.793164,35.5496971],[139.7931854,35.5497012],[139.793194,35.5496954],[139.7931989,35.5496991],[139.7931961,35.5496965],[139.7931972,35.5496957],[139.7931843,35.5496858],[139.7931985,35.5496734],[139.7932002,35.5496722],[139.7932617,35.5496312],[139.7932634,35.5496324],[139.7932681,35.549636],[139.7932698,35.5496373],[139.7932681,35.5496384],[139.7932089,35.5496786],[139.7932072,35.5496797],[139.7932129,35.5496843],[139.7933751,35.5495668],[139.7933738,35.5495655],[139.7933911,35.5495539],[139.793394,35.5495504],[139.7932903,35.5492538],[139.7932415,35.5492312],[139.7932501,35.5492187],[139.7930771,35.5491352],[139.7930277,35.5492049],[139.7930101,35.5492002],[139.7929366,35.5493954],[139.7929702,35.5494119],[139.7929346,35.5494638],[139.7929223,35.5494693],[139.7929118,35.5494702],[139.792902,35.5494668],[139.7928944,35.5494604],[139.792891,35.5494529],[139.7928918,35.5494458],[139.7928869,35.5494435],[139.7928603,35.5494652],[139.7928571,35.5494625],[139.7925667,35.5496887],[139.7925705,35.5496912],[139.7925687,35.549693],[139.79257,35.5496944],[139.7925681,35.5496966],[139.7925657,35.549696],[139.792545,35.5497166],[139.7925288,35.5497223],[139.792492,35.5497073],[139.7925087,35.5496785],[139.7925214,35.5496859],[139.79253,35.5496795],[139.7925213,35.5496728],[139.7925356,35.5496604],[139.7925373,35.5496592],[139.7925961,35.5496183],[139.7925977,35.5496195],[139.7926025,35.5496232],[139.7926042,35.5496244],[139.7926025,35.5496256],[139.7925459,35.5496656],[139.7925442,35.5496667],[139.7925492,35.5496707],[139.7928377,35.549446],[139.7928373,35.5494457],[139.7928566,35.5494292],[139.7928095,35.549407],[139.7928017,35.549417],[139.7927915,35.549424],[139.792767,35.5494207],[139.7927677,35.549418],[139.7924354,35.5493438],[139.7924343,35.5493472],[139.7924304,35.5493464],[139.7924292,35.5493477],[139.7924262,35.5493469],[139.7924262,35.5493455],[139.7923945,35.5493389],[139.7923844,35.5493328],[139.7923643,35.5493206],[139.7923856,35.5492971],[139.7924106,35.5493122],[139.7924261,35.5493154],[139.7924281,35.5493079],[139.7924484,35.5493116],[139.7924506,35.549312],[139.7925256,35.5493265],[139.7925252,35.5493282],[139.7925234,35.5493352],[139.7925212,35.5493348],[139.7924483,35.5493213],[139.7927744,35.5493943],[139.7927754,35.5493908],[139.7927175,35.5493635],[139.7927527,35.5493111],[139.7928135,35.5493412],[139.7928806,35.5491656],[139.7928685,35.5491624],[139.7928633,35.5491692],[139.7928607,35.5491679],[139.7928497,35.5491835],[139.791852,35.5487126],[139.7917636,35.5488385],[139.7917948,35.5488528],[139.7917582,35.5489063],[139.79175,35.5489112],[139.7917387,35.5489123],[139.7917279,35.5489097],[139.7917173,35.5489019],[139.7917124,35.548891],[139.7917157,35.5488861],[139.7917104,35.5488837],[139.7916984,35.5489079],[139.7916945,35.5489065],[139.7915651,35.5491774],[139.7915648,35.5491778],[139.7915595,35.549189],[139.7915616,35.5491897],[139.7915532,35.5492129],[139.7915104,35.5492219],[139.7915004,35.5491941],[139.7915193,35.5491935],[139.7915276,35.5491792],[139.7915114,35.5491738],[139.7915193,35.5491578],[139.7915201,35.5491562],[139.7915522,35.5490947],[139.7915543,35.5490954],[139.7915621,35.5490979],[139.7915642,35.5490986],[139.7915633,35.5491002],[139.791531,35.5491598],[139.7915301,35.5491614],[139.7915422,35.5491654],[139.7916703,35.5488978],[139.7916691,35.5488973],[139.7916824,35.5488709],[139.7916619,35.5488615],[139.7916427,35.548886],[139.7916419,35.5488855],[139.7915807,35.5489602],[139.791581,35.5489606],[139.7915791,35.5489628],[139.7915787,35.5489627],[139.7915738,35.5489686],[139.7915741,35.5489688],[139.7915594,35.5489924],[139.7915171,35.5489987],[139.7915099,35.5489698],[139.7915376,35.5489674],[139.7915467,35.5489576],[139.79153,35.5489488],[139.7915414,35.5489346],[139.7915426,35.5489331],[139.7915839,35.5488812],[139.7915858,35.5488822],[139.7915943,35.5488868],[139.7915962,35.5488878],[139.791595,35.5488893],[139.7915545,35.5489394],[139.7915533,35.5489409],[139.7915602,35.5489445],[139.7916186,35.5488733],[139.7916177,35.5488729],[139.7916359,35.5488497],[139.7916257,35.548845],[139.7916565,35.5488001],[139.7916767,35.5488093],[139.791769,35.5486734],[139.7916601,35.548622],[139.7908152,35.5488092],[139.7903462,35.5494697],[139.7903473,35.5494702],[139.7903479,35.5494694],[139.7904997,35.5495422],[139.7905175,35.5495165],[139.7905828,35.5495467],[139.7905908,35.5495576],[139.7905867,35.5495703],[139.790579,35.549578],[139.7905701,35.5495811],[139.7905602,35.5495766],[139.7905398,35.549606],[139.7905582,35.5496153],[139.7905655,35.549631],[139.790564,35.5496316],[139.7906628,35.5498285],[139.7906644,35.5498304],[139.790664,35.5498309],[139.7906653,35.5498335],[139.7906718,35.5498307],[139.790671,35.549829],[139.7906475,35.5497783],[139.7906467,35.5497767],[139.7906487,35.5497758],[139.7906573,35.5497722],[139.7906593,35.5497713],[139.7906601,35.549773],[139.7906852,35.5498251],[139.790695,35.5498406],[139.7906734,35.5498497],[139.7906737,35.5498502],[139.7906754,35.5498495],[139.7906875,35.5498735],[139.7906676,35.5499028],[139.7906303,35.5498852],[139.7906492,35.5498598],[139.7906394,35.5498401],[139.7906377,35.5498397],[139.7906378,35.549837],[139.79054,35.5496411],[139.7905383,35.5496417],[139.7905301,35.5496261],[139.7905268,35.5496247],[139.7905072,35.5496531],[139.7904977,35.5496487],[139.7904899,35.54966],[139.7904879,35.5496608],[139.7905699,35.5497925],[139.7905825,35.5498129],[139.790584,35.5498123],[139.7905953,35.5498372],[139.7905809,35.5498648],[139.7905409,35.5498509],[139.7905553,35.5498245],[139.7905567,35.5498239],[139.7905515,35.5498147],[139.7905341,35.5498222],[139.7905244,35.5498072],[139.7905236,35.5498055],[139.7904999,35.5497575],[139.7904991,35.5497559],[139.7905011,35.549755],[139.7905097,35.5497514],[139.7905117,35.5497506],[139.7905125,35.5497522],[139.790537,35.5498019],[139.790543,35.5497993],[139.7904703,35.5496682],[139.7904672,35.5496695],[139.7904561,35.5496518],[139.7904595,35.5496444],[139.7904665,35.5496342],[139.7904579,35.5496302],[139.7904662,35.5496182],[139.7903014,35.5495381],[139.7903005,35.5495392],[139.7902978,35.5495379],[139.7899476,35.5500313],[139.7901143,35.5501096],[139.7901148,35.5501089],[139.7900942,35.5500994],[139.7901129,35.5500726],[139.7901746,35.5501013],[139.7901816,35.5501078],[139.7901842,35.5501153],[139.7901812,35.5501255],[139.7901732,35.5501351],[139.7901632,35.550137],[139.7901566,35.5501465],[139.7901748,35.5501607],[139.7901824,35.5501542],[139.7901995,35.5501676],[139.790196,35.5501707],[139.7903375,35.5502761],[139.7903392,35.5502756],[139.7903411,35.5502778],[139.7903406,35.5502784],[139.7903426,35.5502799],[139.7903488,35.5502739],[139.7903472,35.5502727],[139.7902971,35.5502344],[139.7902955,35.5502331],[139.7902969,35.5502318],[139.7903032,35.5502257],[139.7903046,35.5502243],[139.7903063,35.5502255],[139.7903585,35.5502646],[139.7903748,35.5502758],[139.7903602,35.5502899],[139.7903813,35.5503044],[139.7903802,35.5503426],[139.7903426,35.5503419],[139.7903435,35.5503122],[139.7903399,35.5503055],[139.7903235,35.5502931],[139.7903228,35.550294],[139.7903197,35.5502932],[139.7903198,35.5502905],[139.7901794,35.5501849],[139.7901758,35.5501879],[139.7901447,35.5501635],[139.7901095,35.5502141],[139.7901006,35.5502099],[139.7900941,35.550219],[139.7901576,35.5502799],[139.7901755,35.550297],[139.790177,35.5502959],[139.7901938,35.550312],[139.7901871,35.5503475],[139.7901514,35.5503427],[139.7901573,35.550317],[139.7901533,35.5503124],[139.7901566,35.5503101],[139.7901515,35.5503051],[139.7901334,35.5503163],[139.7901208,35.5503028],[139.7901195,35.5503013],[139.790085,35.5502627],[139.7900837,35.5502613],[139.7900855,35.5502602],[139.7900907,35.5502569],[139.7900925,35.5502558],[139.7900938,35.5502572],[139.7901286,35.5502954],[139.7901299,35.5502969],[139.7901341,35.5502944],[139.7901341,35.5502938],[139.7901359,35.5502933],[139.7901382,35.550292],[139.7901327,35.5502865],[139.7900769,35.5502315],[139.7900732,35.5502341],[139.7900585,35.5502199],[139.7900594,35.5502072],[139.7900684,35.550195],[139.7900581,35.5501902],[139.7900673,35.550177],[139.7899041,35.5500976],[139.7899039,35.5500979],[139.7899011,35.5500966],[139.7896166,35.5504973],[139.7897831,35.5505783],[139.7897834,35.5505778],[139.7897629,35.5505682],[139.7897815,35.5505414],[139.7898433,35.5505702],[139.7898484,35.5505771],[139.7898512,35.5505842],[139.7898498,35.5505944],[139.789844,35.5506011],[139.7898348,35.5506052],[139.7898223,35.5506062],[139.7898228,35.5506097],[139.7898264,35.550614],[139.7898099,35.5506377],[139.7898374,35.5506507],[139.7898445,35.5506713],[139.789843,35.5506717],[139.7899021,35.5508353],[139.7899022,35.5508359],[139.7899031,35.5508382],[139.7899062,35.5508374],[139.789914,35.5508354],[139.7899134,35.5508336],[139.7898964,35.5507889],[139.7898957,35.5507872],[139.7898978,35.5507866],[139.7899072,35.5507843],[139.7899093,35.5507837],[139.7899277,35.55083],[139.7899284,35.5508317],[139.7899347,35.5508483],[139.7899091,35.5508549],[139.7899108,35.5508596],[139.7899155,35.5508586],[139.7899242,35.550886],[139.7899071,35.5509132],[139.7898713,35.5508981],[139.7898855,35.5508756],[139.7898823,35.5508657],[139.7898854,35.550865],[139.7898771,35.550842],[139.7898177,35.5506776],[139.7898163,35.5506779],[139.7898111,35.5506627],[139.789797,35.5506561],[139.7897783,35.550683],[139.789769,35.5506787],[139.7897593,35.550692],[139.7897566,35.5506926],[139.7898174,35.5508936],[139.7898184,35.5508934],[139.7898203,35.5508955],[139.7898186,35.5508975],[139.789824,35.5509154],[139.7898262,35.5509149],[139.7898335,35.5509357],[139.7898175,35.5509677],[139.789782,35.5509559],[139.7897992,35.5509212],[139.7898033,35.5509203],[139.7898026,35.5509182],[139.7897798,35.5509228],[139.7897747,35.5509061],[139.7897742,35.5509044],[139.7897589,35.5508555],[139.7897584,35.5508537],[139.7897605,35.5508533],[139.789768,35.5508517],[139.7897701,35.5508512],[139.7897706,35.550853],[139.789786,35.5509038],[139.7897976,35.5509015],[139.789736,35.5506978],[139.7897335,35.5506985],[139.7897262,35.5506789],[139.7897372,35.5506639],[139.7897268,35.550659],[139.7897598,35.5506116],[139.789735,35.5506458],[139.7895686,35.5505648],[139.7892173,35.5510595],[139.7893849,35.5511401],[139.7893861,35.5511384],[139.7893653,35.5511284],[139.789384,35.5511024],[139.7894462,35.5511306],[139.7894506,35.5511368],[139.7894543,35.5511443],[139.7894527,35.5511548],[139.7894468,35.5511615],[139.7894377,35.5511656],[139.7894349,35.5511661],[139.7894128,35.551198],[139.7894401,35.5512101],[139.7894495,35.5512311],[139.7894447,35.5512323],[139.7895106,35.5513774],[139.7895196,35.5513743],[139.7895189,35.5513726],[139.7895011,35.5513296],[139.7895004,35.5513279],[139.7895025,35.5513272],[139.7895114,35.5513241],[139.7895134,35.5513233],[139.7895142,35.551325],[139.7895334,35.5513695],[139.7895434,35.5513887],[139.7895195,35.551397],[139.7895208,35.5514],[139.7895267,35.5513979],[139.7895354,35.5514186],[139.7895208,35.5514527],[139.7894823,35.5514417],[139.7895001,35.5514082],[139.7894903,35.5513871],[139.7894212,35.5512384],[139.7894176,35.5512393],[139.7894101,35.5512219],[139.7893996,35.5512171],[139.7893804,35.5512448],[139.7893643,35.5512371],[139.7893613,35.551255],[139.7893599,35.5512553],[139.7893871,35.5513673],[139.7893907,35.5513822],[139.7893914,35.551382],[139.7893996,35.5514019],[139.7893831,35.5514356],[139.7893484,35.5514242],[139.7893656,35.5513891],[139.7893643,35.551384],[139.789342,35.5513862],[139.7893395,35.5513693],[139.7893392,35.5513676],[139.7893299,35.5513162],[139.7893296,35.5513144],[139.7893318,35.5513142],[139.7893383,35.5513135],[139.7893405,35.5513133],[139.7893507,35.5513662],[139.789351,35.551368],[139.7893603,35.5513672],[139.7893345,35.5512607],[139.7893334,35.551261],[139.7893265,35.5512452],[139.7893312,35.5512362],[139.7893416,35.5512262],[139.7893265,35.551219],[139.7893368,35.5512051],[139.7891711,35.5511245],[139.7888171,35.5516231],[139.7888178,35.5516234],[139.7888186,35.5516221],[139.7889853,35.5517002],[139.788986,35.5516993],[139.7889652,35.5516893],[139.7889839,35.5516633],[139.789046,35.5516915],[139.7890505,35.5516977],[139.7890541,35.5517052],[139.7890525,35.5517157],[139.7890467,35.5517224],[139.7890348,35.5517269],[139.7890168,35.551753],[139.789046,35.5517669],[139.7890494,35.5517953],[139.7890417,35.5517959],[139.7890657,35.5519862],[139.7890768,35.5519852],[139.7890766,35.5519834],[139.7890712,35.551935],[139.789071,35.5519332],[139.7890732,35.551933],[139.7890837,35.5519321],[139.7890859,35.5519319],[139.7890861,35.5519337],[139.7890917,35.551984],[139.7890943,35.5520047],[139.7890737,35.5520065],[139.7890729,35.5520074],[139.7890704,35.5520067],[139.7890684,35.5520069],[139.7890685,35.5520077],[139.7890733,35.5520075],[139.7890768,35.552029],[139.7890543,35.5520594],[139.789021,35.5520429],[139.7890453,35.5520109],[139.7890449,35.5520077],[139.7890184,35.5517978],[139.7890149,35.5517981],[139.7890129,35.5517818],[139.7890008,35.5517761],[139.7889803,35.5518057],[139.7889664,35.551799],[139.7889604,35.5518182],[139.788956,35.5518182],[139.7889638,35.5519632],[139.7889682,35.5519632],[139.7889689,35.5519631],[139.7889708,35.5519652],[139.7889689,35.5519674],[139.7889684,35.5519673],[139.7889691,35.5519848],[139.7889555,35.5520146],[139.7889192,35.5520045],[139.788934,35.5519642],[139.788937,35.5519641],[139.788937,35.5519631],[139.7889168,35.5519648],[139.7889146,35.551948],[139.7889147,35.5519461],[139.7889168,35.5518947],[139.7889169,35.5518928],[139.7889191,35.5518926],[139.7889256,35.5518919],[139.7889278,35.5518917],[139.7889277,35.5518935],[139.7889262,35.5519449],[139.7889261,35.5519467],[139.7889363,35.551946],[139.7889313,35.5518187],[139.7889297,35.5518188],[139.788929,35.5517993],[139.7889384,35.5517856],[139.7889264,35.5517799],[139.7889361,35.5517668],[139.7887729,35.5516873],[139.7887745,35.551685],[139.7887756,35.5516834],[139.7887746,35.551683],[139.7884183,35.5521847],[139.7884218,35.5521863],[139.7884222,35.5521857],[139.7885685,35.552256],[139.7885711,35.5522524],[139.7885708,35.5522523],[139.7885878,35.5522275],[139.7886483,35.5522563],[139.7886548,35.5522634],[139.7886565,35.5522717],[139.788652,35.5522827],[139.7886443,35.5522892],[139.7886363,35.5522903],[139.7886347,35.5522922],[139.7886599,35.5523043],[139.7886719,35.5523293],[139.7886639,35.5523316],[139.7887294,35.5524732],[139.7887389,35.5524706],[139.7887381,35.5524689],[139.7887173,35.5524238],[139.7887165,35.5524221],[139.7887186,35.5524216],[139.7887278,35.552419],[139.7887299,35.5524184],[139.7887307,35.5524201],[139.7887523,35.5524649],[139.7887531,35.5524666],[139.7887614,35.5524863],[139.788739,35.5524926],[139.7887401,35.5524938],[139.7887393,35.5524947],[139.78874,35.5524963],[139.7887436,35.5524954],[139.7887531,35.5525153],[139.7887355,35.5525488],[139.7886962,35.5525339],[139.7887173,35.5525096],[139.7887164,35.5525058],[139.7887139,35.5525051],[139.7887139,35.5525025],[139.7887165,35.5525018],[139.7886424,35.5523377],[139.7886367,35.5523393],[139.7886295,35.5523227],[139.7886174,35.5523166],[139.7885825,35.552367],[139.7885754,35.5523636],[139.7885674,35.5523742],[139.7885658,35.5523748],[139.7886564,35.5525455],[139.7886579,35.5525451],[139.7886598,35.5525473],[139.7886583,35.5525489],[139.7886604,35.5525529],[139.788662,35.5525524],[139.7886735,35.5525718],[139.7886575,35.5526053],[139.7886254,35.5525932],[139.7886384,35.5525679],[139.7886354,35.5525601],[139.7886363,35.5525599],[139.7886362,35.5525596],[139.7886179,35.5525663],[139.7886075,35.5525473],[139.7886066,35.5525456],[139.7885827,35.5524993],[139.7885819,35.5524976],[139.7885839,35.5524969],[139.7885928,35.5524936],[139.7885948,35.5524929],[139.7885957,35.5524945],[139.7886212,35.5525423],[139.7886263,35.5525404],[139.788545,35.5523823],[139.7885397,35.5523842],[139.7885293,35.5523648],[139.7885429,35.5523479],[139.7885302,35.5523418],[139.7885385,35.5523303],[139.7883753,35.5522518],[139.7883767,35.5522498],[139.7883732,35.5522482],[139.7880202,35.5527453],[139.7880217,35.552746],[139.788023,35.5527442],[139.7881695,35.5528146],[139.7881892,35.5527867],[139.7882477,35.5528143],[139.7882579,35.552824],[139.7882592,35.552833],[139.7882523,35.5528466],[139.7882389,35.5528524],[139.7882375,35.5528526],[139.7882667,35.5528658],[139.7882737,35.5528901],[139.7882636,35.5528931],[139.7883412,35.5530993],[139.7883507,35.5530966],[139.78835,35.5530949],[139.7883332,35.5530506],[139.7883326,35.5530489],[139.7883347,35.5530483],[139.7883447,35.5530455],[139.7883468,35.5530449],[139.7883475,35.5530466],[139.7883642,35.5530909],[139.7883648,35.5530927],[139.7883731,35.5531124],[139.7883512,35.5531186],[139.7883525,35.5531201],[139.7883531,35.5531208],[139.7883529,35.5531211],[139.7883607,35.5531427],[139.7883403,35.5531741],[139.7883064,35.553159],[139.7883266,35.5531267],[139.7883266,35.5531248],[139.7883271,35.5531247],[139.7882433,35.552899],[139.7882408,35.5528997],[139.7882327,35.552882],[139.7882216,35.5528767],[139.7881848,35.5529287],[139.7881685,35.552921],[139.7881701,35.5529351],[139.788169,35.5529355],[139.7882395,35.553068],[139.7882407,35.5530677],[139.7882426,35.5530698],[139.7882413,35.5530713],[139.7882435,35.5530754],[139.7882453,35.5530748],[139.7882576,35.5530971],[139.7882421,35.5531304],[139.7882015,35.5531178],[139.7882166,35.5530854],[139.7882202,35.553084],[139.7882193,35.5530823],[139.7881988,35.5530898],[139.7881884,35.5530707],[139.7881875,35.5530691],[139.7881719,35.5530384],[139.7881711,35.5530367],[139.7881732,35.5530362],[139.7881832,35.5530333],[139.7881853,35.5530328],[139.7881861,35.5530344],[139.7882012,35.553064],[139.7882021,35.5530657],[139.7882091,35.5530631],[139.788146,35.5529445],[139.7881344,35.5529305],[139.7881347,35.5529219],[139.7881452,35.55291],[139.7881306,35.5529031],[139.7881395,35.5528906],[139.7879752,35.5528116],[139.7879758,35.5528108],[139.7879742,35.5528101],[139.7873559,35.5536807],[139.7875127,35.5537531],[139.7875318,35.5537261],[139.7875975,35.5537571],[139.7876029,35.5537705],[139.7875957,35.5537852],[139.78758,35.5537916],[139.7875673,35.5537897],[139.7875699,35.5537958],[139.7875579,35.5538129],[139.787585,35.5538325],[139.7875806,35.5538366],[139.7877256,35.5539373],[139.7877256,35.5539355],[139.7877287,35.5539346],[139.7877306,35.5539368],[139.7877299,35.5539376],[139.7877654,35.5539647],[139.7877797,35.5539908],[139.787742,35.5540045],[139.7877295,35.5539814],[139.7877165,35.5539715],[139.7877054,35.5539816],[139.7876865,35.5539676],[139.787685,35.5539663],[139.7876604,35.5539444],[139.7876589,35.5539431],[139.7876604,35.5539418],[139.7876675,35.5539353],[139.787669,35.553934],[139.7876705,35.5539353],[139.787695,35.5539572],[139.7876965,35.5539585],[139.7877003,35.5539551],[139.7875612,35.5538545],[139.7875601,35.5538555],[139.7875387,35.55384],[139.7875212,35.5538648],[139.7875142,35.5538614],[139.7875123,35.5538644],[139.7875061,35.5538685],[139.7876304,35.5540008],[139.7876315,35.5540001],[139.7876315,35.5539974],[139.7876346,35.5539966],[139.7876355,35.5539975],[139.7876647,35.5540282],[139.7876771,35.554055],[139.7876386,35.5540669],[139.7876277,35.5540433],[139.7876168,35.5540319],[139.7876045,35.5540396],[139.787589,35.554023],[139.7875876,35.5540216],[139.7875554,35.5539871],[139.7875541,35.5539857],[139.7875559,35.5539846],[139.7875643,35.5539793],[139.787566,35.5539782],[139.7875674,35.5539796],[139.7875996,35.5540141],[139.7876009,35.5540156],[139.7876085,35.5540108],[139.7874868,35.5538813],[139.787485,35.5538825],[139.7874672,35.5538615],[139.787481,35.5538458],[139.787467,35.5538391],[139.787477,35.5538248],[139.7873087,35.5537472],[139.7872155,35.5538785],[139.7874419,35.5545695],[139.7874236,35.5545824],[139.7874239,35.5545834],[139.7874252,35.554584],[139.7874425,35.5545718],[139.7881354,35.5548993],[139.7881374,35.5548965],[139.7881366,35.5548961],[139.7882256,35.5547734],[139.7881914,35.5547563],[139.788232,35.5547003],[139.7882428,35.5546967],[139.7882574,35.5546985],[139.788265,35.5547032],[139.7882717,35.5547113],[139.7882714,35.5547156],[139.7883036,35.554731],[139.7883235,35.5547131],[139.7883257,35.5547148],[139.7884616,35.5546148],[139.7884596,35.5546129],[139.7884655,35.5546087],[139.7884655,35.5546072],[139.7884686,35.5546064],[139.7884996,35.5545846],[139.7885411,35.5545852],[139.7885403,35.5546184],[139.7885107,35.554618],[139.7885033,35.5546232],[139.7885189,35.5546378],[139.7884996,35.5546514],[139.7884583,35.554681],[139.7884491,35.5546724],[139.7884904,35.5546428],[139.7884832,35.5546361],[139.7884837,35.5546357],[139.7884829,35.554635],[139.7883499,35.5547328],[139.7883535,35.5547355],[139.7883394,35.5547481],[139.7883642,35.55476],[139.7883604,35.5547653],[139.788364,35.5547638],[139.7883662,35.5547674],[139.7885089,35.5547086],[139.7885083,35.5547077],[139.788507,35.5547054],[139.7885551,35.5546869],[139.7885751,35.5546899],[139.788588,35.5546919],[139.7885828,35.5547149],[139.78858,35.5547273],[139.7885573,35.5547238],[139.7885429,35.5547294],[139.7885496,35.5547406],[139.7885267,35.5547497],[139.7885257,35.5547501],[139.7884814,35.5547678],[139.7884804,35.5547682],[139.7884768,35.5547697],[139.7884706,35.5547594],[139.7884743,35.5547579],[139.7884753,35.5547575],[139.7885196,35.5547399],[139.7885206,35.5547395],[139.7885189,35.5547366],[139.7883822,35.5547929],[139.788384,35.5547957],[139.7883579,35.5548066],[139.7883388,35.5547979],[139.7883302,35.554811],[139.7883136,35.5548033],[139.7882182,35.5549348],[139.7882162,35.5549339],[139.7882143,35.5549366],[139.7886831,35.5551582],[139.7886708,35.5551756],[139.7886722,35.5551763],[139.7886674,35.5551832],[139.7886716,35.5551864],[139.788861,35.5550741],[139.7888358,35.555062],[139.7888718,35.555011],[139.7888851,35.5550044],[139.7888997,35.5550059],[139.7889118,35.5550131],[139.7889148,35.5550219],[139.7889144,35.5550233],[139.7890048,35.5550657],[139.7890011,35.5550709],[139.789004,35.5550722],[139.7890009,35.5550765],[139.7890144,35.5550833],[139.7890158,35.555086],[139.7892162,35.5550239],[139.7892149,35.5550212],[139.7892141,35.555021],[139.7892141,35.5550194],[139.7892134,35.5550177],[139.7892527,35.5550058],[139.7892943,35.5550199],[139.7892798,35.5550487],[139.7892515,35.5550391],[139.7892296,35.5550457],[139.7892283,35.555047],[139.7892264,35.5550466],[139.7892252,35.5550462],[139.7892252,35.5550444],[139.7890264,35.5551061],[139.789027,35.5551072],[139.7889988,35.5551172],[139.7889788,35.555107],[139.7889731,35.5551149],[139.7889615,35.5551095],[139.7887385,35.5552373],[139.7887442,35.5552416],[139.7886541,35.555369],[139.7888252,35.5554501],[139.7888342,35.5554371],[139.7888887,35.5554625],[139.7888547,35.5555084],[139.7889543,35.5558229],[139.7889702,35.5557996],[139.7890296,35.5558266],[139.7890344,35.5558335],[139.7890337,35.555845],[139.7890309,35.5558531],[139.7890206,35.5558603],[139.7890081,35.5558622],[139.789005,35.5558667],[139.7890131,35.5558704],[139.788965,35.5559412],[139.7889141,35.555918],[139.7889441,35.5558739],[139.7889433,35.5558736],[139.788938,35.5558815],[139.7889161,35.5558949],[139.7886818,35.5560568],[139.7886827,35.5560578],[139.7886808,35.55606],[139.7886782,35.5560593],[139.7886778,35.5560596]],[[139.7887205,35.5514136],[139.7887236,35.5514151],[139.7887253,35.5514127],[139.7887231,35.5514099],[139.7887205,35.5514136]],[[139.7869991,35.5550313],[139.7869651,35.5550407],[139.786963,35.5550413],[139.7869651,35.5550443],[139.7869991,35.5550313]],[[139.7876952,35.5553577],[139.7876386,35.5553814],[139.7876366,35.5553822],[139.7876385,35.555385],[139.7876952,35.5553577]],[[139.7903308,35.5474997],[139.7903406,35.547486],[139.7903232,35.5474777],[139.7903308,35.5474997]],[[139.7887596,35.5502522],[139.7887781,35.550261],[139.7888329,35.5501839],[139.7888146,35.5501752],[139.7887596,35.5502522]],[[139.7878313,35.5515626],[139.7878504,35.5515716],[139.7879049,35.5514944],[139.7878863,35.5514856],[139.7878313,35.5515626]],[[139.7903451,35.5474798],[139.7904078,35.547392],[139.7903805,35.5473788],[139.7903726,35.54739],[139.7903735,35.5473904],[139.7903198,35.5474676],[139.7903451,35.5474798]],[[139.7904123,35.5473857],[139.7904749,35.5472981],[139.790447,35.5472847],[139.7903849,35.5473725],[139.7904123,35.5473857]]]}},{"type":"Feature","properties":{"gmlId":"bldg_bd651000-63b5-4758-90f5-79bb60d7be65","name":null,"usage":"運輸倉庫施設","majorUsage":null,"usageCode":"431","majorUsageCode":null,"usageCodeSpace":"https://assets.cms.plateau.reearth.io/assets/2c/6a2f27-a1e1-466a-a8cf-4627060f7ca4/13111_ota-ku_pref_2025_citygml_1_op/codelists/Building_usage.xml","majorUsageCodeSpace":null,"measuredHeight":15.7,"storeysAboveGround":2,"rawMeasuredHeight":"15.7","rawStoreysAboveGround":"2","category":"PUBLIC_TRANSPORT","city":"大田区","dataYear":2025,"geometrySource":"lod0RoofEdge","sourceMesh":"53392662"},"geometry":{"type":"Polygon","coordinates":[[[139.7787455,35.5566986],[139.7790624,35.556252],[139.7800385,35.5548765],[139.7801806,35.5549435],[139.780184,35.5549387],[139.780314,35.5549998],[139.7803105,35.5550048],[139.7804412,35.5550665],[139.7776586,35.5589853],[139.7775897,35.5589928],[139.7775893,35.5589933],[139.7775885,35.5589929],[139.7775622,35.5589958],[139.7774994,35.5589668],[139.7774931,35.5589757],[139.7773604,35.5589137],[139.7773663,35.5589052],[139.7773504,35.5588979],[139.7773308,35.5589267],[139.7773112,35.558917],[139.7773306,35.5588887],[139.7772621,35.5588571],[139.7772544,35.5588535],[139.7772317,35.558843],[139.7772257,35.5588402],[139.7782183,35.5574415],[139.7786954,35.5567692],[139.7787455,35.5566986]]]}},{"type":"Feature","properties":{"gmlId":"bldg_d818b853-c26d-4e90-b570-374ee4cc10a0","name":null,"usage":"運輸倉庫施設","majorUsage":null,"usageCode":"431","majorUsageCode":null,"usageCodeSpace":"https://assets.cms.plateau.reearth.io/assets/2c/6a2f27-a1e1-466a-a8cf-4627060f7ca4/13111_ota-ku_pref_2025_citygml_1_op/codelists/Building_usage.xml","majorUsageCodeSpace":null,"measuredHeight":11.5,"storeysAboveGround":1,"rawMeasuredHeight":"11.5","rawStoreysAboveGround":"1","category":"PUBLIC_TRANSPORT","city":"大田区","dataYear":2025,"geometrySource":"lod0RoofEdge","sourceMesh":"53392642"},"geometry":{"type":"Polygon","coordinates":[[[139.7764402,35.5411934],[139.7764526,35.5411748],[139.7765126,35.5412027],[139.7765137,35.5412011],[139.776866,35.5413684],[139.777203,35.5415284],[139.7769256,35.5419212],[139.7762389,35.5415947],[139.7762239,35.5416141],[139.776177,35.5415918],[139.7761612,35.5415838],[139.7761758,35.5415623],[139.7764397,35.5411932],[139.7764402,35.5411934]]]}},{"type":"Feature","properties":{"gmlId":"bldg_80b3f620-cc26-48a1-882e-411570c59ade","name":null,"usage":"運輸倉庫施設","majorUsage":null,"usageCode":"431","majorUsageCode":null,"usageCodeSpace":"https://assets.cms.plateau.reearth.io/assets/2c/6a2f27-a1e1-466a-a8cf-4627060f7ca4/13111_ota-ku_pref_2025_citygml_1_op/codelists/Building_usage.xml","majorUsageCodeSpace":null,"measuredHeight":5.8,"storeysAboveGround":2,"rawMeasuredHeight":"5.8","rawStoreysAboveGround":"2","category":"PUBLIC_TRANSPORT","city":"大田区","dataYear":2025,"geometrySource":"lod0RoofEdge","sourceMesh":"53392653"},"geometry":{"type":"Polygon","coordinates":[[[139.7897941,35.5470989],[139.7897867,35.5470954],[139.7897838,35.5470995],[139.7897141,35.5470666],[139.7897704,35.5469868],[139.7897787,35.5469751],[139.7898485,35.547008],[139.7898409,35.5470186],[139.7898383,35.5470223],[139.7898453,35.5470255],[139.7897941,35.5470989]]]}},{"type":"Feature","properties":{"gmlId":"bldg_9bd8beb8-13e8-42bc-bfac-800e2195da13","name":"福山通運（東京空港貨物支店）","usage":"運輸倉庫施設","majorUsage":null,"usageCode":"431","majorUsageCode":null,"usageCodeSpace":"https://assets.cms.plateau.reearth.io/assets/2c/6a2f27-a1e1-466a-a8cf-4627060f7ca4/13111_ota-ku_pref_2025_citygml_1_op/codelists/Building_usage.xml","majorUsageCodeSpace":null,"measuredHeight":11.5,"storeysAboveGround":1,"rawMeasuredHeight":"11.5","rawStoreysAboveGround":"1","category":"PUBLIC_TRANSPORT","city":"大田区","dataYear":2025,"geometrySource":"lod0RoofEdge","sourceMesh":"53392662"},"geometry":{"type":"Polygon","coordinates":[[[139.7813236,35.5578887],[139.7813285,35.5578818],[139.7813439,35.55786],[139.7817232,35.5580392],[139.7817102,35.5580576],[139.7817707,35.5580861],[139.7813008,35.5587529],[139.780793,35.5585139],[139.7809386,35.5583072],[139.7809843,35.5583287],[139.7812462,35.5579606],[139.78131,35.5578961],[139.7813162,35.5578991],[139.7813236,35.5578887]]]}},{"type":"Feature","properties":{"gmlId":"bldg_96c5aebd-2cb5-40e5-8cb3-55fcc563a6ed","name":null,"usage":"運輸倉庫施設","majorUsage":null,"usageCode":"431","majorUsageCode":null,"usageCodeSpace":"https://assets.cms.plateau.reearth.io/assets/2c/6a2f27-a1e1-466a-a8cf-4627060f7ca4/13111_ota-ku_pref_2025_citygml_1_op/codelists/Building_usage.xml","majorUsageCodeSpace":null,"measuredHeight":42.1,"storeysAboveGround":5,"rawMeasuredHeight":"42.1","rawStoreysAboveGround":"5","category":"PUBLIC_TRANSPORT","city":"大田区","dataYear":2025,"geometrySource":"lod0RoofEdge","sourceMesh":"53392651"},"geometry":{"type":"Polygon","coordinates":[[[139.7719911,35.5414615],[139.7723838,35.5416478],[139.772381,35.5416516],[139.7724043,35.5416635],[139.7724099,35.5416797],[139.7724093,35.5416799],[139.7724531,35.5417635],[139.7724652,35.54176],[139.7724663,35.5417597],[139.7724998,35.5418147],[139.7725003,35.5418155],[139.7725089,35.5418354],[139.7724932,35.5418399],[139.7724954,35.5418441],[139.7724946,35.5418444],[139.7725032,35.5418617],[139.7724844,35.5418938],[139.772446,35.5418788],[139.7724639,35.5418482],[139.7724621,35.541845],[139.7724611,35.541846],[139.7724588,35.5418463],[139.7724568,35.5418453],[139.772456,35.5418435],[139.7724568,35.5418417],[139.7724588,35.5418408],[139.77246,35.5418409],[139.7723802,35.5416888],[139.7723732,35.541691],[139.7723651,35.5416735],[139.77236,35.5416806],[139.7723533,35.5416775],[139.7723497,35.5416916],[139.7723483,35.5416919],[139.7723879,35.5418142],[139.77239,35.5418145],[139.7723915,35.541816],[139.7723915,35.5418179],[139.7723912,35.5418182],[139.7723965,35.5418385],[139.7723943,35.5418441],[139.7723837,35.5418701],[139.7723414,35.5418586],[139.7723548,35.5418255],[139.7723558,35.5418232],[139.7723407,35.5418271],[139.772333,35.541807],[139.7723328,35.5418061],[139.7723197,35.5417499],[139.7723195,35.541749],[139.7723205,35.5417488],[139.7723349,35.5417456],[139.7723197,35.5416987],[139.7723171,35.5416994],[139.7723124,35.5416841],[139.7723256,35.5416644],[139.7722872,35.5416462],[139.7720334,35.541526],[139.7720319,35.5415253],[139.772019,35.541543],[139.7718976,35.5417143],[139.7717864,35.5418693],[139.7717937,35.5418727],[139.7717933,35.5418733],[139.7718487,35.5418995],[139.7717301,35.542067],[139.7717373,35.5420704],[139.7717401,35.5420665],[139.7719988,35.5421903],[139.7719933,35.5421979],[139.7720109,35.5422062],[139.7720131,35.5422276],[139.7720081,35.5422279],[139.7720285,35.542442],[139.7720487,35.5424418],[139.7720498,35.5424418],[139.7720498,35.5424427],[139.7720501,35.5424902],[139.7720502,35.5425113],[139.7720407,35.5425113],[139.7720407,35.5425127],[139.7720384,35.542515],[139.7720379,35.542515],[139.7720415,35.5425337],[139.7720257,35.5425619],[139.7719883,35.5425464],[139.7720089,35.5425131],[139.7720084,35.5425117],[139.7720096,35.542509],[139.7719899,35.5422265],[139.7719771,35.5422204],[139.771944,35.5422663],[139.7719613,35.5422745],[139.7719617,35.5422983],[139.7719561,35.5422984],[139.7719324,35.5424017],[139.7719411,35.5424036],[139.7719422,35.5424038],[139.7719332,35.5424494],[139.7719331,35.5424503],[139.771927,35.5424707],[139.771923,35.5424699],[139.771923,35.5424705],[139.7719206,35.5424727],[139.7719197,35.5424729],[139.7719044,35.5425105],[139.7718698,35.5425011],[139.7718857,35.542462],[139.7718855,35.5424617],[139.7718867,35.5424589],[139.7718899,35.5424575],[139.7718904,35.5424575],[139.7719386,35.5422971],[139.7719261,35.5422912],[139.7719196,35.5423003],[139.7716609,35.5421765],[139.7716631,35.5421734],[139.7716569,35.5421704],[139.7713285,35.5426344],[139.7712999,35.5427048],[139.7712904,35.5427601],[139.7712718,35.5429564],[139.7712807,35.5429572],[139.7712811,35.5429525],[139.77162,35.542973],[139.7717563,35.542982],[139.771747,35.5429952],[139.7718536,35.5430449],[139.7718571,35.5430432],[139.7718687,35.5430449],[139.7718763,35.5430523],[139.7718763,35.5430554],[139.771963,35.5431158],[139.7719679,35.5431114],[139.7719686,35.5431107],[139.7720105,35.5431382],[139.7720114,35.5431388],[139.7720305,35.543153],[139.7720287,35.5431545],[139.7720606,35.5431787],[139.7720298,35.543205],[139.7719905,35.5431688],[139.7719919,35.5431673],[139.7719902,35.5431665],[139.771989,35.5431637],[139.77199,35.5431616],[139.7718618,35.5430703],[139.7718571,35.5430709],[139.7718469,35.5430661],[139.7718429,35.5430571],[139.7718437,35.5430553],[139.7717391,35.5430065],[139.7717346,35.5430129],[139.7717514,35.5430207],[139.7717561,35.5430377],[139.7717502,35.5430462],[139.7718196,35.5433473],[139.7718205,35.5433469],[139.771824,35.5433474],[139.7718263,35.5433497],[139.7718263,35.5433526],[139.7718239,35.5433548],[139.7718275,35.5433662],[139.7718075,35.5433976],[139.7717734,35.5433794],[139.7717925,35.5433536],[139.7717732,35.543355],[139.7717709,35.543334],[139.7717709,35.5433331],[139.7717662,35.5432656],[139.7717661,35.5432647],[139.7717672,35.5432646],[139.7717753,35.543264],[139.771731,35.5430455],[139.7717164,35.5430387],[139.771684,35.5430849],[139.7717094,35.5430966],[139.7716989,35.5431118],[139.7716959,35.5433018],[139.7716988,35.5433022],[139.7717011,35.5433044],[139.7717011,35.5433073],[139.7717007,35.5433077],[139.7717033,35.543308],[139.7716881,35.5433473],[139.7716514,35.5433372],[139.7716692,35.5433054],[139.7716688,35.5433047],[139.77167,35.5433019],[139.7716703,35.5433018],[139.7716469,35.5433022],[139.7716464,35.5432811],[139.7716475,35.5432811],[139.7716674,35.5432808],[139.7716728,35.5432807],[139.7716785,35.5431099],[139.7716694,35.5431057],[139.7716616,35.5431168],[139.7716025,35.5430875],[139.7712709,35.5430686],[139.771271,35.5430672],[139.7712615,35.5430663],[139.7712556,35.5431285],[139.7712408,35.5431819],[139.7712164,35.5432349],[139.7709839,35.5435637],[139.7709923,35.5435677],[139.7709945,35.5435647],[139.771187,35.5436543],[139.7712534,35.5436858],[139.7712514,35.5436886],[139.7712746,35.5437006],[139.7712792,35.5437226],[139.7712777,35.5437228],[139.7713296,35.5440006],[139.7713446,35.5439986],[139.7713457,35.5439984],[139.77135,35.5440192],[139.7713335,35.5440214],[139.7713343,35.5440257],[139.7713373,35.5440252],[139.7713374,35.5440255],[139.7713394,35.5440258],[139.7713413,35.5440277],[139.7713413,35.54403],[139.7713394,35.5440318],[139.7713389,35.5440319],[139.771343,35.54405],[139.7713214,35.5440814],[139.7712839,35.5440641],[139.7713058,35.5440322],[139.7713054,35.5440312],[139.7713064,35.544029],[139.7713067,35.5440288],[139.7712502,35.5437266],[139.7712313,35.543717],[139.771204,35.5437554],[139.771214,35.5437602],[139.7712209,35.5437902],[139.771218,35.5437907],[139.7712375,35.5439909],[139.7712377,35.5439904],[139.7712402,35.5439893],[139.7712431,35.5439897],[139.7712449,35.5439915],[139.7712456,35.5439915],[139.7712519,35.544007],[139.7712367,35.5440419],[139.7711962,35.54403],[139.7712111,35.5439959],[139.771211,35.5439946],[139.7712101,35.5439927],[139.7712107,35.5439916],[139.7712103,35.5439873],[139.7711984,35.5439882],[139.7711959,35.5439672],[139.7711957,35.5439664],[139.7711856,35.5439262],[139.7711853,35.5439253],[139.7711865,35.5439252],[139.7712041,35.5439243],[139.7711915,35.5437947],[139.7711901,35.543795],[139.771187,35.5437793],[139.7711752,35.5437959],[139.7711088,35.5437644],[139.7709163,35.5436748],[139.7709184,35.5436719],[139.7709101,35.543668],[139.7705542,35.5441711],[139.7705624,35.544175],[139.7705648,35.5441717],[139.7707565,35.5442638],[139.7708237,35.5442956],[139.7708055,35.5443213],[139.7708182,35.5443274],[139.7708279,35.5443458],[139.7708207,35.5443484],[139.7709043,35.5444876],[139.7709199,35.5444824],[139.7709297,35.5445019],[139.7709157,35.5445065],[139.7709163,35.5445075],[139.7709167,35.5445074],[139.7709196,35.5445078],[139.7709214,35.5445096],[139.7709214,35.5445112],[139.7709298,35.5445289],[139.7709185,35.5445594],[139.7708822,35.5445503],[139.7708947,35.5445208],[139.7708941,35.5445209],[139.7708916,35.5445197],[139.7708906,35.5445175],[139.7708916,35.5445153],[139.7708924,35.5445149],[139.7708049,35.5443539],[139.7707967,35.5443568],[139.7707897,35.5443436],[139.7707844,35.5443511],[139.77078,35.5443491],[139.7707694,35.544364],[139.7708094,35.544486],[139.7708104,35.5444861],[139.7708109,35.5444867],[139.7708115,35.5444865],[139.770812,35.5444877],[139.7708123,35.544488],[139.7708123,35.5444885],[139.7708193,35.5445074],[139.7708054,35.5445371],[139.7707717,35.5445266],[139.7707852,35.5444977],[139.7707841,35.5444979],[139.7707816,35.5444967],[139.7707806,35.5444944],[139.7707816,35.5444922],[139.7707841,35.544491],[139.770787,35.5444914],[139.7707875,35.5444918],[139.7707865,35.5444888],[139.770766,35.5444943],[139.7707581,35.5444743],[139.770778,35.544469],[139.7707798,35.5444685],[139.7707473,35.5443692],[139.7707442,35.5443698],[139.7707384,35.5443488],[139.7707487,35.5443343],[139.770718,35.5443197],[139.7705254,35.5442272],[139.7705266,35.5442256],[139.7705184,35.5442217],[139.7701584,35.5447306],[139.7701649,35.5447337],[139.7701658,35.5447326],[139.7703585,35.5448252],[139.7704247,35.5448566],[139.7704012,35.5448897],[139.7704179,35.5448844],[139.7704303,35.5449095],[139.7704295,35.5449098],[139.7704776,35.5449998],[139.7704921,35.544995],[139.7704931,35.5449947],[139.7705195,35.5450407],[139.7705199,35.5450415],[139.7705289,35.5450613],[139.7705131,35.545066],[139.7705134,35.5450665],[139.7705147,35.5450659],[139.7705176,35.5450663],[139.7705195,35.5450681],[139.7705195,35.5450705],[139.7705181,35.5450719],[139.7705275,35.5450888],[139.7705188,35.5451189],[139.7704811,35.5451116],[139.7704898,35.5450817],[139.7704883,35.5450819],[139.7704858,35.5450807],[139.7704848,35.5450784],[139.7704858,35.5450762],[139.7704883,35.545075],[139.7704912,35.5450754],[139.770492,35.5450761],[139.7704069,35.5449172],[139.7704037,35.5449183],[139.7703943,35.5448995],[139.7703854,35.5449121],[139.7703845,35.5449117],[139.7703746,35.5449261],[139.7703723,35.5449265],[139.7704087,35.5450482],[139.7704095,35.5450478],[139.7704124,35.5450482],[139.7704143,35.54505],[139.7704143,35.5450524],[139.7704137,35.545053],[139.7704214,35.5450667],[139.7704129,35.5450994],[139.7703769,35.5450948],[139.7703849,35.5450621],[139.7703825,35.5450624],[139.7703799,35.5450612],[139.7703789,35.545059],[139.7703799,35.5450567],[139.7703809,35.5450562],[139.7703694,35.5450588],[139.7703626,35.5450385],[139.7703624,35.5450376],[139.7703515,35.5449885],[139.7703513,35.5449876],[139.7703523,35.5449874],[139.7703649,35.5449849],[139.7703486,35.5449305],[139.7703436,35.5449314],[139.7703378,35.5449084],[139.7703476,35.5448942],[139.7703189,35.5448806],[139.7701264,35.544788],[139.7701291,35.5447843],[139.7701226,35.5447812],[139.7699192,35.5450687],[139.7700727,35.5453689],[139.7700442,35.5454095],[139.770102,35.5455382],[139.7701131,35.5455345],[139.7701372,35.5455882],[139.7701376,35.545589],[139.7701444,35.5456093],[139.7701349,35.5456114],[139.7701364,35.5456146],[139.7701383,35.545615],[139.7701402,35.5456168],[139.7701402,35.5456192],[139.7701391,35.5456203],[139.7701456,35.5456339],[139.7701284,35.545667],[139.7700913,35.5456541],[139.7701047,35.5456284],[139.7701043,35.5456282],[139.7701033,35.5456259],[139.7701043,35.5456237],[139.7701069,35.5456225],[139.7700246,35.5454376],[139.7700122,35.5454552],[139.7700425,35.545685],[139.7700436,35.545685],[139.7700444,35.5456877],[139.7700448,35.5456892],[139.7700483,35.5457026],[139.7700347,35.5457328],[139.7699987,35.545722],[139.7700118,35.5456973],[139.7700098,35.5456976],[139.7700073,35.5456964],[139.7700063,35.5456941],[139.7700073,35.5456919],[139.7700098,35.5456907],[139.7700127,35.5456911],[139.7700142,35.5456926],[139.7700157,35.5456898],[139.7699996,35.5456909],[139.7699975,35.5456699],[139.7699975,35.545669],[139.7699941,35.5456256],[139.769994,35.5456247],[139.7699951,35.5456246],[139.770011,35.5456236],[139.7699926,35.5454833],[139.7699562,35.5455352],[139.7695616,35.5455707],[139.769294,35.5459476],[139.7693006,35.5459507],[139.7693025,35.5459481],[139.7694948,35.5460385],[139.7695633,35.546071],[139.7695402,35.5461035],[139.7695458,35.5460962],[139.7695709,35.5461228],[139.7695675,35.5461242],[139.7696201,35.546213],[139.7696281,35.5462096],[139.7696291,35.5462092],[139.7696571,35.5462534],[139.7696576,35.5462542],[139.769668,35.5462735],[139.7696581,35.546277],[139.7696604,35.5462809],[139.7696616,35.5462804],[139.7696728,35.5462974],[139.7696595,35.5463343],[139.7696224,35.5463254],[139.7696333,35.5462952],[139.769632,35.5462945],[139.7696314,35.5462931],[139.769632,35.5462916],[139.7696337,35.5462908],[139.7696356,35.5462911],[139.7696361,35.5462916],[139.7696368,35.5462913],[139.7695428,35.5461342],[139.7695419,35.5461346],[139.7695284,35.5461202],[139.769523,35.5461278],[139.7695077,35.5461205],[139.7695145,35.5461438],[139.7695087,35.5461449],[139.7695505,35.5462575],[139.769552,35.5462568],[139.7695531,35.546258],[139.7695544,35.5462592],[139.7695544,35.5462601],[139.7695628,35.5462718],[139.7695569,35.5463074],[139.7695236,35.5463036],[139.7695292,35.5462701],[139.7695287,35.5462702],[139.7695271,35.5462694],[139.7695265,35.5462679],[139.7695271,35.5462665],[139.7695288,35.5462657],[139.7695306,35.546266],[139.7695314,35.5462667],[139.7695338,35.5462656],[139.7695331,35.5462638],[139.7695181,35.5462676],[139.7695101,35.5462461],[139.7695112,35.5462459],[139.7695252,35.5462424],[139.7694903,35.5461486],[139.7694852,35.5461496],[139.76948,35.5461318],[139.7694871,35.5461108],[139.7694545,35.5460953],[139.7692622,35.5460049],[139.7692636,35.546003],[139.7692569,35.5459999],[139.7688944,35.5465104],[139.7689005,35.5465133],[139.7689025,35.5465106],[139.7690951,35.5466018],[139.7691117,35.546578],[139.7691589,35.5465999],[139.7691422,35.5466239],[139.7691643,35.5466342],[139.7691512,35.546653],[139.7691645,35.5466343],[139.7692097,35.546656],[139.7692034,35.5466648],[139.7692651,35.5466924],[139.7692676,35.5466913],[139.769282,35.5466934],[139.7692903,35.5467015],[139.7693936,35.5467341],[139.7693942,35.5467329],[139.769396,35.546732],[139.7693982,35.5467323],[139.7693995,35.5467336],[139.7693995,35.5467353],[139.7693991,35.5467358],[139.7694228,35.5467433],[139.7694256,35.5467384],[139.7694559,35.5467486],[139.769476,35.5467433],[139.7694555,35.5467824],[139.7694454,35.5467722],[139.769442,35.5467755],[139.7694276,35.5467776],[139.7694149,35.5467716],[139.7694111,35.546763],[139.76939,35.5467563],[139.76939,35.5467568],[139.7693886,35.5467582],[139.7693865,35.5467585],[139.7693847,35.5467576],[139.769384,35.546756],[139.7693846,35.5467546],[139.7692831,35.5467226],[139.769282,35.5467236],[139.7692676,35.5467257],[139.7692549,35.5467197],[139.769251,35.546711],[139.7691899,35.5466836],[139.7691758,35.5467033],[139.7692223,35.5467818],[139.7692297,35.5467789],[139.7692307,35.5467786],[139.7692567,35.5468203],[139.7692572,35.5468211],[139.7692685,35.5468416],[139.7692629,35.5468436],[139.7692732,35.5468622],[139.7692531,35.5468923],[139.769222,35.5468785],[139.7692338,35.5468607],[139.7692297,35.5468532],[139.7692311,35.5468527],[139.769225,35.5468425],[139.7692241,35.5468427],[139.7692222,35.5468418],[139.7692215,35.5468402],[139.7692222,35.5468385],[139.7692225,35.5468384],[139.769139,35.5466974],[139.7691358,35.5466988],[139.7691285,35.5466875],[139.7691287,35.5466872],[139.7691277,35.5466867],[139.7691251,35.5466904],[139.7691183,35.5467008],[139.7691112,35.5467028],[139.7691727,35.5468799],[139.7691739,35.5468793],[139.769176,35.5468796],[139.7691774,35.5468809],[139.7691774,35.5468827],[139.769176,35.546884],[139.7691742,35.5468843],[139.769179,35.5468981],[139.7691873,35.5469092],[139.7691727,35.5469418],[139.7691393,35.5469308],[139.7691511,35.5469107],[139.7691464,35.5469031],[139.7691524,35.5469],[139.7691515,35.5468974],[139.7691336,35.5469012],[139.7691267,35.5468794],[139.7691265,35.5468785],[139.7691147,35.5468294],[139.7691145,35.5468285],[139.7691156,35.5468283],[139.7691268,35.5468262],[139.7690832,35.5467003],[139.7690779,35.5466882],[139.7690888,35.5466736],[139.7690558,35.5466582],[139.7688632,35.546567],[139.768864,35.5465659],[139.7688573,35.5465627],[139.768496,35.5470716],[139.768503,35.5470749],[139.7685052,35.5470719],[139.7686978,35.5471624],[139.768766,35.5471947],[139.7687517,35.5472149],[139.7687728,35.5472297],[139.7687711,35.5472497],[139.7688171,35.547331],[139.768829,35.5473267],[139.76883,35.5473264],[139.7688304,35.5473272],[139.7688605,35.5473823],[139.7688718,35.5474019],[139.7688598,35.5474065],[139.7688609,35.5474083],[139.7688641,35.5474073],[139.7688734,35.5474269],[139.7688612,35.5474594],[139.7688238,35.54745],[139.7688363,35.5474168],[139.7688276,35.5474014],[139.7688258,35.5474017],[139.7688239,35.5474008],[139.7688232,35.5473992],[139.7688239,35.5473975],[139.7688251,35.547397],[139.7687453,35.547256],[139.7687428,35.5472565],[139.768729,35.5472469],[139.7687257,35.5472515],[139.7687165,35.5472472],[139.7687111,35.5472636],[139.7687096,35.5472639],[139.7687276,35.5473239],[139.7687342,35.5473223],[139.7687352,35.547322],[139.7687518,35.5473677],[139.7687521,35.5473685],[139.7687583,35.5473896],[139.7687503,35.5473911],[139.7687592,35.5474065],[139.7687519,35.5474372],[139.7687157,35.5474333],[139.768726,35.5473956],[139.7687226,35.5473835],[139.7687209,35.5473837],[139.768719,35.5473829],[139.7687183,35.5473812],[139.7687191,35.5473796],[139.7687209,35.5473787],[139.7687213,35.5473788],[139.7686906,35.5472677],[139.7686902,35.5472677],[139.7686784,35.5472524],[139.768693,35.547236],[139.7686572,35.5472191],[139.7684649,35.5471287],[139.768466,35.5471272],[139.7684589,35.5471239],[139.7679372,35.5478586],[139.7678908,35.5482631],[139.7673113,35.5479888],[139.7673404,35.5479482],[139.7674895,35.5477404],[139.7674892,35.5477402],[139.7675301,35.5476828],[139.7672827,35.5475645],[139.7674946,35.5472683],[139.7676355,35.5473357],[139.7681283,35.5466439],[139.7681289,35.5466442],[139.7682884,35.546419],[139.7681447,35.5463504],[139.7681372,35.5463607],[139.7679776,35.5462835],[139.767978,35.5462829],[139.7679774,35.5462826],[139.7680402,35.5461924],[139.7679021,35.5461269],[139.7676945,35.5460284],[139.7676891,35.5460364],[139.7675103,35.5459549],[139.7674507,35.5460389],[139.7674369,35.5460324],[139.7673324,35.5459829],[139.7681777,35.5447923],[139.7680541,35.5447337],[139.768016,35.5447157],[139.7680249,35.544703],[139.7679658,35.5446748],[139.7679661,35.5446744],[139.7678903,35.5446381],[139.7678734,35.5446302],[139.7679165,35.5445699],[139.7678253,35.5445273],[139.7678368,35.5445107],[139.7679282,35.5445534],[139.7679368,35.5445414],[139.7678958,35.5445224],[139.7679745,35.5444089],[139.7680173,35.5444287],[139.7680841,35.5443351],[139.7680999,35.5443428],[139.7681007,35.5443417],[139.768234,35.5444053],[139.7682418,35.5443943],[139.7684053,35.5444717],[139.768956,35.5436961],[139.7689687,35.5437022],[139.769061,35.5437459],[139.7688892,35.5439878],[139.7690617,35.5440693],[139.7692876,35.544176],[139.7692931,35.5441786],[139.7694486,35.5439651],[139.7695015,35.5439908],[139.7695025,35.5439894],[139.7696048,35.5440371],[139.7696043,35.5440377],[139.7697133,35.5440903],[139.7697138,35.5440896],[139.7700239,35.5442376],[139.7707587,35.5432075],[139.7707954,35.5432249],[139.7708429,35.5431577],[139.7708117,35.5431426],[139.770855,35.5430826],[139.7708857,35.5430973],[139.7709415,35.5430186],[139.7710144,35.543053],[139.7710149,35.5430524],[139.771048,35.5426681],[139.7710481,35.5426665],[139.7709736,35.542631],[139.771282,35.5421981],[139.771353,35.5422318],[139.7716552,35.5418066],[139.7716739,35.5418155],[139.771697,35.5418266],[139.7717177,35.5418365],[139.7718287,35.5416818],[139.7719502,35.5415101],[139.7719847,35.5414626],[139.7719911,35.5414615]],[[139.7703835,35.5450557],[139.7703854,35.5450559],[139.7703862,35.5450568],[139.7703863,35.5450565],[139.7703859,35.5450551],[139.7703835,35.5450557]],[[139.7691394,35.5468625],[139.7691424,35.5468761],[139.769144,35.5468758],[139.7691394,35.5468625]]]}},{"type":"Feature","properties":{"gmlId":"bldg_abe3af3a-a271-4a76-a3f0-3a84aa48eb04","name":null,"usage":"運輸倉庫施設","majorUsage":null,"usageCode":"431","majorUsageCode":null,"usageCodeSpace":"https://assets.cms.plateau.reearth.io/assets/2c/6a2f27-a1e1-466a-a8cf-4627060f7ca4/13111_ota-ku_pref_2025_citygml_1_op/codelists/Building_usage.xml","majorUsageCodeSpace":null,"measuredHeight":9.2,"storeysAboveGround":1,"rawMeasuredHeight":"9.2","rawStoreysAboveGround":"1","category":"PUBLIC_TRANSPORT","city":"大田区","dataYear":2025,"geometrySource":"lod0RoofEdge","sourceMesh":"53392642"},"geometry":{"type":"Polygon","coordinates":[[[139.7769863,35.5400772],[139.7770448,35.5399951],[139.7770487,35.5399895],[139.7772298,35.5400757],[139.7772306,35.5400745],[139.7775713,35.5402353],[139.7780041,35.5404395],[139.7772291,35.5415295],[139.7764564,35.5411649],[139.776456,35.5411655],[139.7764339,35.5411562],[139.7764401,35.5411478],[139.7764353,35.5411456],[139.7762789,35.5410718],[139.7762806,35.5410695],[139.7763539,35.5409664],[139.7769863,35.5400772]]]}},{"type":"Feature","properties":{"gmlId":"bldg_18b21c65-4d74-4792-81a5-36b268ee16d4","name":null,"usage":"運輸倉庫施設","majorUsage":null,"usageCode":"431","majorUsageCode":null,"usageCodeSpace":"https://assets.cms.plateau.reearth.io/assets/2c/6a2f27-a1e1-466a-a8cf-4627060f7ca4/13111_ota-ku_pref_2025_citygml_1_op/codelists/Building_usage.xml","majorUsageCodeSpace":null,"measuredHeight":4.7,"storeysAboveGround":1,"rawMeasuredHeight":"4.7","rawStoreysAboveGround":"1","category":"PUBLIC_TRANSPORT","city":"大田区","dataYear":2025,"geometrySource":"lod0RoofEdge","sourceMesh":"53392642"},"geometry":{"type":"Polygon","coordinates":[[[139.7761097,35.5407285],[139.7757202,35.5412823],[139.7755683,35.5412123],[139.7759578,35.5406585],[139.7761097,35.5407285]]]}},{"type":"Feature","properties":{"gmlId":"bldg_eea9bfdd-5585-4605-8516-944c3ea28afa","name":null,"usage":"運輸倉庫施設","majorUsage":null,"usageCode":"431","majorUsageCode":null,"usageCodeSpace":"https://assets.cms.plateau.reearth.io/assets/2c/6a2f27-a1e1-466a-a8cf-4627060f7ca4/13111_ota-ku_pref_2025_citygml_1_op/codelists/Building_usage.xml","majorUsageCodeSpace":null,"measuredHeight":19.6,"storeysAboveGround":2,"rawMeasuredHeight":"19.6","rawStoreysAboveGround":"2","category":"PUBLIC_TRANSPORT","city":"大田区","dataYear":2025,"geometrySource":"lod0RoofEdge","sourceMesh":"53392662"},"geometry":{"type":"Polygon","coordinates":[[[139.7845024,35.5572335],[139.7841417,35.5577428],[139.7843019,35.5578187],[139.7842435,35.5579012],[139.784238,35.5578986],[139.7842246,35.5579175],[139.7842095,35.5579104],[139.7841929,35.5579019],[139.7841729,35.5578924],[139.7841859,35.557874],[139.7841807,35.5578715],[139.7841926,35.5578549],[139.7841911,35.5578542],[139.7840961,35.5578092],[139.784095,35.5578087],[139.7837553,35.5582884],[139.783912,35.5583625],[139.7838525,35.5584465],[139.783847,35.5584439],[139.7838331,35.5584635],[139.7838181,35.5584564],[139.7838017,35.5584474],[139.7837818,35.5584379],[139.7837949,35.5584193],[139.7837931,35.5584184],[139.7837898,35.5584168],[139.7838026,35.5583987],[139.7837109,35.5583553],[139.7837087,35.5583543],[139.7836943,35.5583746],[139.7836087,35.5583342],[139.7836077,35.5583358],[139.7834717,35.5582714],[139.7835439,35.5581693],[139.7835413,35.5581681],[139.7837446,35.5578809],[139.7837471,35.5578821],[139.783808,35.557796],[139.7838063,35.5577951],[139.7840097,35.557508],[139.7840113,35.5575087],[139.784073,35.5574214],[139.7840708,35.5574204],[139.7842742,35.5571332],[139.7842762,35.5571342],[139.7843462,35.5570353],[139.7844748,35.5570961],[139.7844758,35.5570947],[139.7845694,35.5571388],[139.784549,35.5571676],[139.7847081,35.5572429],[139.7846502,35.5573246],[139.7846447,35.557322],[139.7846324,35.5573394],[139.7846173,35.5573323],[139.7846003,35.5573243],[139.7845803,35.5573148],[139.7845927,35.5572974],[139.7845875,35.5572949],[139.7845987,35.557279],[139.7845973,35.5572784],[139.7845024,35.5572335]]]}},{"type":"Feature","properties":{"gmlId":"bldg_5b1039a8-ebe8-400b-93d0-736b13c74600","name":null,"usage":"官公庁施設","majorUsage":null,"usageCode":"421","majorUsageCode":null,"usageCodeSpace":"https://assets.cms.plateau.reearth.io/assets/2c/6a2f27-a1e1-466a-a8cf-4627060f7ca4/13111_ota-ku_pref_2025_citygml_1_op/codelists/Building_usage.xml","majorUsageCodeSpace":null,"measuredHeight":13.6,"storeysAboveGround":2,"rawMeasuredHeight":"13.6","rawStoreysAboveGround":"2","category":"PUBLIC_TRANSPORT","city":"大田区","dataYear":2025,"geometrySource":"lod0RoofEdge","sourceMesh":"53392653"},"geometry":{"type":"Polygon","coordinates":[[[139.7909867,35.5465254],[139.790973,35.5465643],[139.7909556,35.5465888],[139.7909262,35.5466098],[139.7908689,35.5465825],[139.7908203,35.5466513],[139.7908762,35.5466781],[139.7908653,35.5467154],[139.7908512,35.5467352],[139.7908159,35.5467656],[139.7906332,35.5466787],[139.790636,35.5466748],[139.7905823,35.5466495],[139.7905788,35.5466543],[139.7901008,35.5464261],[139.7901291,35.5463367],[139.790086,35.5463161],[139.7901492,35.5462279],[139.7901912,35.546248],[139.7902734,35.5461824],[139.7902785,35.5461848],[139.7902917,35.5461659],[139.7903593,35.5461976],[139.7903458,35.5462169],[139.7904114,35.5462482],[139.7904237,35.5462306],[139.7904913,35.5462623],[139.7904787,35.5462803],[139.7905465,35.5463127],[139.7905596,35.546294],[139.7906273,35.5463257],[139.7906138,35.5463449],[139.7906798,35.5463764],[139.790694,35.5463562],[139.7907616,35.5463878],[139.7907471,35.5464085],[139.7907518,35.5464107],[139.7907504,35.5464127],[139.7908045,35.5464382],[139.7908059,35.5464363],[139.790811,35.5464388],[139.7908252,35.5464185],[139.7910033,35.5465017],[139.7909867,35.5465254]]]}},{"type":"Feature","properties":{"gmlId":"bldg_de6e6745-7a8e-41e7-8c1f-a2801d3994c8","name":null,"usage":"運輸倉庫施設","majorUsage":null,"usageCode":"431","majorUsageCode":null,"usageCodeSpace":"https://assets.cms.plateau.reearth.io/assets/2c/6a2f27-a1e1-466a-a8cf-4627060f7ca4/13111_ota-ku_pref_2025_citygml_1_op/codelists/Building_usage.xml","majorUsageCodeSpace":null,"measuredHeight":23.5,"storeysAboveGround":1,"rawMeasuredHeight":"23.5","rawStoreysAboveGround":"1","category":"PUBLIC_TRANSPORT","city":"大田区","dataYear":2025,"geometrySource":"lod0RoofEdge","sourceMesh":"53392641"},"geometry":{"type":"Polygon","coordinates":[[[139.7731525,35.5406181],[139.7730925,35.5405899],[139.7731102,35.5405656],[139.7731702,35.5405938],[139.7732548,35.5404773],[139.7767842,35.5421518],[139.7766796,35.5422959],[139.7766807,35.5422964],[139.7764801,35.5425788],[139.7763552,35.5427547],[139.7763578,35.5427559],[139.7762347,35.5429297],[139.7737888,35.5417688],[139.7727799,35.5412899],[139.7727793,35.5412909],[139.7727009,35.5412527],[139.7724868,35.5411482],[139.7724792,35.5411445],[139.7728226,35.5406548],[139.7729441,35.5405603],[139.7731288,35.5406496],[139.7731503,35.5406194],[139.7731513,35.5406199],[139.7731525,35.5406181]]]}},{"type":"Feature","properties":{"gmlId":"bldg_1f0a20f4-a3d9-4bd9-ac05-fa08757099b9","name":null,"usage":"運輸倉庫施設","majorUsage":null,"usageCode":"431","majorUsageCode":null,"usageCodeSpace":"https://assets.cms.plateau.reearth.io/assets/2c/6a2f27-a1e1-466a-a8cf-4627060f7ca4/13111_ota-ku_pref_2025_citygml_1_op/codelists/Building_usage.xml","majorUsageCodeSpace":null,"measuredHeight":9.3,"storeysAboveGround":1,"rawMeasuredHeight":"9.3","rawStoreysAboveGround":"1","category":"PUBLIC_TRANSPORT","city":"大田区","dataYear":2025,"geometrySource":"lod0RoofEdge","sourceMesh":"53392672"},"geometry":{"type":"Polygon","coordinates":[[[139.7826044,35.5580868],[139.7825997,35.5580935],[139.7826093,35.5580981],[139.7826095,35.5581576],[139.7816741,35.5594771],[139.7816164,35.5595022],[139.7816019,35.5594953],[139.7815965,35.5595028],[139.7815461,35.5594785],[139.7815304,35.5595006],[139.7813254,35.5594032],[139.7813413,35.5593808],[139.7813346,35.5593778],[139.7813368,35.5593745],[139.781323,35.559368],[139.7813254,35.5593646],[139.7812633,35.5593352],[139.7813867,35.5591614],[139.7813183,35.5591295],[139.7814814,35.5588955],[139.7815221,35.558843],[139.7815381,35.5588505],[139.7815123,35.5588839],[139.7815029,35.558896],[139.7814975,35.558903],[139.781507,35.5589075],[139.7815054,35.5589098],[139.7815008,35.5589164],[139.7815117,35.5589215],[139.7815071,35.5589282],[139.7815044,35.558932],[139.7815157,35.5589373],[139.7815107,35.5589443],[139.7815324,35.5589544],[139.7815308,35.5589567],[139.7815248,35.5589654],[139.7815255,35.5589657],[139.7822595,35.5579319],[139.7823222,35.5579616],[139.7823237,35.5579594],[139.7823389,35.5579662],[139.782341,35.5579632],[139.782348,35.5579663],[139.7823634,35.5579447],[139.7825665,35.5580418],[139.7825518,35.5580624],[139.7826044,35.5580868]]]}},{"type":"Feature","properties":{"gmlId":"bldg_9722031e-f9fd-4553-b3fd-ea8f49e1e5c0","name":null,"usage":"運輸倉庫施設","majorUsage":null,"usageCode":"431","majorUsageCode":null,"usageCodeSpace":"https://assets.cms.plateau.reearth.io/assets/2c/6a2f27-a1e1-466a-a8cf-4627060f7ca4/13111_ota-ku_pref_2025_citygml_1_op/codelists/Building_usage.xml","majorUsageCodeSpace":null,"measuredHeight":15.7,"storeysAboveGround":1,"rawMeasuredHeight":"15.7","rawStoreysAboveGround":"1","category":"PUBLIC_TRANSPORT","city":"大田区","dataYear":2025,"geometrySource":"lod0RoofEdge","sourceMesh":"53392672"},"geometry":{"type":"Polygon","coordinates":[[[139.7843153,35.5569065],[139.7819028,35.5603056],[139.7818646,35.5602875],[139.7817587,35.5602374],[139.7817523,35.5602464],[139.7816309,35.5601889],[139.7816373,35.5601798],[139.78154,35.5601337],[139.7815018,35.5601156],[139.7839144,35.5567164],[139.7840522,35.5567817],[139.7840586,35.5567726],[139.78418,35.5568302],[139.7841736,35.5568393],[139.7843153,35.5569065]]]}},{"type":"Feature","properties":{"gmlId":"bldg_83b16e40-b566-43d4-8696-aa4fb3fffe0a","name":null,"usage":"運輸倉庫施設","majorUsage":null,"usageCode":"431","majorUsageCode":null,"usageCodeSpace":"https://assets.cms.plateau.reearth.io/assets/2c/6a2f27-a1e1-466a-a8cf-4627060f7ca4/13111_ota-ku_pref_2025_citygml_1_op/codelists/Building_usage.xml","majorUsageCodeSpace":null,"measuredHeight":32.4,"storeysAboveGround":6,"rawMeasuredHeight":"32.4","rawStoreysAboveGround":"6","category":"PUBLIC_TRANSPORT","city":"大田区","dataYear":2025,"geometrySource":"lod0RoofEdge","sourceMesh":"53392651"},"geometry":{"type":"Polygon","coordinates":[[[139.7698235,35.5437877],[139.7701848,35.5439595],[139.7700354,35.5441696],[139.7700226,35.5441635],[139.7700217,35.5441646],[139.7699368,35.5441241],[139.7699361,35.5441249],[139.7697464,35.5440343],[139.7697466,35.5440339],[139.76973,35.544026],[139.7697255,35.5440238],[139.7696885,35.5440756],[139.7696476,35.5440562],[139.7696846,35.5440043],[139.7696837,35.5440039],[139.7696847,35.5440026],[139.7696742,35.5439976],[139.7698235,35.5437877]]]}},{"type":"Feature","properties":{"gmlId":"bldg_1284e10b-498e-44cc-8cc5-a655fc3cdbe4","name":null,"usage":"運輸倉庫施設","majorUsage":null,"usageCode":"431","majorUsageCode":null,"usageCodeSpace":"https://assets.cms.plateau.reearth.io/assets/2c/6a2f27-a1e1-466a-a8cf-4627060f7ca4/13111_ota-ku_pref_2025_citygml_1_op/codelists/Building_usage.xml","majorUsageCodeSpace":null,"measuredHeight":23.7,"storeysAboveGround":1,"rawMeasuredHeight":"23.7","rawStoreysAboveGround":"1","category":"PUBLIC_TRANSPORT","city":"大田区","dataYear":2025,"geometrySource":"lod0RoofEdge","sourceMesh":"53392651"},"geometry":{"type":"Polygon","coordinates":[[[139.7709069,35.542833],[139.7704884,35.5434255],[139.770218,35.5432979],[139.770689,35.5426312],[139.7708208,35.5426933],[139.770837,35.5426705],[139.7708432,35.5426734],[139.7709751,35.5427358],[139.770959,35.5427586],[139.7709606,35.5427594],[139.7709069,35.542833]]]}},{"type":"Feature","properties":{"gmlId":"bldg_7ec89ebb-e179-4da0-adc1-8e69255e6d07","name":null,"usage":"運輸倉庫施設","majorUsage":null,"usageCode":"431","majorUsageCode":null,"usageCodeSpace":"https://assets.cms.plateau.reearth.io/assets/2c/6a2f27-a1e1-466a-a8cf-4627060f7ca4/13111_ota-ku_pref_2025_citygml_1_op/codelists/Building_usage.xml","majorUsageCodeSpace":null,"measuredHeight":16.3,"storeysAboveGround":1,"rawMeasuredHeight":"16.3","rawStoreysAboveGround":"1","category":"PUBLIC_TRANSPORT","city":"大田区","dataYear":2025,"geometrySource":"lod0RoofEdge","sourceMesh":"53392641"},"geometry":{"type":"Polygon","coordinates":[[[139.7748039,35.5408752],[139.7747934,35.5408703],[139.7747901,35.5408736],[139.7747492,35.5409314],[139.774116,35.5406302],[139.7741909,35.5405242],[139.7741925,35.540525],[139.7743454,35.5403075],[139.7743492,35.5403093],[139.7743804,35.540265],[139.7743762,35.5402631],[139.7745315,35.5400422],[139.7746161,35.5400819],[139.7746156,35.5400827],[139.774736,35.5401396],[139.7747368,35.5401385],[139.7748737,35.5402026],[139.7748821,35.5401909],[139.7751641,35.5403308],[139.7751615,35.5403345],[139.7751811,35.5403438],[139.7751749,35.5403528],[139.7752398,35.5403834],[139.7749109,35.5408503],[139.7748773,35.5408344],[139.7748402,35.5408241],[139.7748039,35.5408752]],[[139.7748594,35.540826],[139.774844,35.5408187],[139.7748422,35.5408212],[139.7748594,35.540826]],[[139.7745472,35.5405849],[139.7746301,35.5406244],[139.7746634,35.5405771],[139.7745803,35.540538],[139.7745472,35.5405849]],[[139.7747548,35.540448],[139.774711,35.5405103],[139.7746276,35.540471],[139.7746042,35.5405041],[139.7746872,35.5405433],[139.7746965,35.5405301],[139.7747693,35.5405648],[139.7748142,35.5405013],[139.7747793,35.5404853],[139.7747934,35.5404655],[139.7747548,35.540448]],[[139.7745614,35.5402539],[139.7745091,35.5402271],[139.774416,35.5403589],[139.774452,35.5403747],[139.774421,35.5404198],[139.7743843,35.5404038],[139.7743267,35.5404853],[139.7743807,35.5405108],[139.7745614,35.5402539]]]}},{"type":"Feature","properties":{"gmlId":"bldg_d8989410-3c41-4f2b-98a3-6cc944ddf6a0","name":null,"usage":"官公庁施設","majorUsage":null,"usageCode":"421","majorUsageCode":null,"usageCodeSpace":"https://assets.cms.plateau.reearth.io/assets/2c/6a2f27-a1e1-466a-a8cf-4627060f7ca4/13111_ota-ku_pref_2025_citygml_1_op/codelists/Building_usage.xml","majorUsageCodeSpace":null,"measuredHeight":8.5,"storeysAboveGround":1,"rawMeasuredHeight":"8.5","rawStoreysAboveGround":"1","category":"PUBLIC_TRANSPORT","city":"大田区","dataYear":2025,"geometrySource":"lod0RoofEdge","sourceMesh":"53392672"},"geometry":{"type":"Polygon","coordinates":[[[139.7771156,35.5591128],[139.7770081,35.5592629],[139.7770077,35.5592628],[139.7769364,35.5593635],[139.77672,35.5592613],[139.7767959,35.5591541],[139.7767965,35.5591544],[139.7769002,35.5590096],[139.7771156,35.5591128]]]}},{"type":"Feature","properties":{"gmlId":"bldg_ae7f1207-dd09-45bc-8881-40533f3700bb","name":null,"usage":"運輸倉庫施設","majorUsage":null,"usageCode":"431","majorUsageCode":null,"usageCodeSpace":"https://assets.cms.plateau.reearth.io/assets/2c/6a2f27-a1e1-466a-a8cf-4627060f7ca4/13111_ota-ku_pref_2025_citygml_1_op/codelists/Building_usage.xml","majorUsageCodeSpace":null,"measuredHeight":16,"storeysAboveGround":1,"rawMeasuredHeight":"16","rawStoreysAboveGround":"1","category":"PUBLIC_TRANSPORT","city":"大田区","dataYear":2025,"geometrySource":"lod0RoofEdge","sourceMesh":"53392642"},"geometry":{"type":"Polygon","coordinates":[[[139.7784947,35.5383001],[139.7791735,35.5386216],[139.7791696,35.538627],[139.7792607,35.5386706],[139.7780091,35.540428],[139.7779237,35.5403871],[139.7779219,35.5403897],[139.7779214,35.5403895],[139.7775809,35.5402374],[139.7772124,35.5400536],[139.7772119,35.5400534],[139.7772129,35.5400519],[139.7770757,35.5399874],[139.7770767,35.5399859],[139.7770579,35.539977],[139.7783114,35.5382132],[139.7783281,35.5382211],[139.7783296,35.5382189],[139.7784965,35.5382974],[139.7784947,35.5383001]]]}},{"type":"Feature","properties":{"gmlId":"bldg_93fce453-1e4e-459e-b4ed-3fe18a78cbf4","name":null,"usage":"運輸倉庫施設","majorUsage":null,"usageCode":"431","majorUsageCode":null,"usageCodeSpace":"https://assets.cms.plateau.reearth.io/assets/2c/6a2f27-a1e1-466a-a8cf-4627060f7ca4/13111_ota-ku_pref_2025_citygml_1_op/codelists/Building_usage.xml","majorUsageCodeSpace":null,"measuredHeight":3.1,"storeysAboveGround":1,"rawMeasuredHeight":"3.1","rawStoreysAboveGround":"1","category":"PUBLIC_TRANSPORT","city":"大田区","dataYear":2025,"geometrySource":"lod0RoofEdge","sourceMesh":"53392642"},"geometry":{"type":"Polygon","coordinates":[[[139.7751977,35.5400102],[139.7750655,35.5399478],[139.7752314,35.5397136],[139.7753636,35.539776],[139.7751977,35.5400102]]]}},{"type":"Feature","properties":{"gmlId":"bldg_e3d380ed-210b-43f0-8ebc-a6b30b6d9500","name":"動物検疫所羽田空港支所","usage":"運輸倉庫施設","majorUsage":null,"usageCode":"431","majorUsageCode":null,"usageCodeSpace":"https://assets.cms.plateau.reearth.io/assets/2c/6a2f27-a1e1-466a-a8cf-4627060f7ca4/13111_ota-ku_pref_2025_citygml_1_op/codelists/Building_usage.xml","majorUsageCodeSpace":null,"measuredHeight":30.6,"storeysAboveGround":1,"rawMeasuredHeight":"30.6","rawStoreysAboveGround":"1","category":"PUBLIC_TRANSPORT","city":"大田区","dataYear":2025,"geometrySource":"lod0RoofEdge","sourceMesh":"53392651"},"geometry":{"type":"Polygon","coordinates":[[[139.7696804,35.5432072],[139.7699626,35.5433415],[139.7698132,35.5435512],[139.7695645,35.5439005],[139.7692824,35.5437664],[139.7693136,35.5437225],[139.7691947,35.543666],[139.7691959,35.5436643],[139.7692452,35.5435951],[139.7692468,35.5435928],[139.7693657,35.5436493],[139.7696062,35.5433113],[139.7696804,35.5432072]]]}},{"type":"Feature","properties":{"gmlId":"bldg_8a3e0e2c-9a3e-4b17-bb60-6a744badeb13","name":null,"usage":"運輸倉庫施設","majorUsage":null,"usageCode":"431","majorUsageCode":null,"usageCodeSpace":"https://assets.cms.plateau.reearth.io/assets/2c/6a2f27-a1e1-466a-a8cf-4627060f7ca4/13111_ota-ku_pref_2025_citygml_1_op/codelists/Building_usage.xml","majorUsageCodeSpace":null,"measuredHeight":3.8,"storeysAboveGround":1,"rawMeasuredHeight":"3.8","rawStoreysAboveGround":"1","category":"PUBLIC_TRANSPORT","city":"大田区","dataYear":2025,"geometrySource":"lod0RoofEdge","sourceMesh":"53392642"},"geometry":{"type":"Polygon","coordinates":[[[139.7765598,35.5395452],[139.7765405,35.5395721],[139.7763662,35.5394888],[139.776401,35.5394401],[139.7765753,35.5395234],[139.7765598,35.5395452]]]}},{"type":"Feature","properties":{"gmlId":"bldg_e9bd730a-cc4f-48c1-b8ae-09114a79a978","name":null,"usage":"運輸倉庫施設","majorUsage":null,"usageCode":"431","majorUsageCode":null,"usageCodeSpace":"https://assets.cms.plateau.reearth.io/assets/2c/6a2f27-a1e1-466a-a8cf-4627060f7ca4/13111_ota-ku_pref_2025_citygml_1_op/codelists/Building_usage.xml","majorUsageCodeSpace":null,"measuredHeight":8.4,"storeysAboveGround":1,"rawMeasuredHeight":"8.4","rawStoreysAboveGround":"1","category":"PUBLIC_TRANSPORT","city":"大田区","dataYear":2025,"geometrySource":"lod0RoofEdge","sourceMesh":"53392641"},"geometry":{"type":"Polygon","coordinates":[[[139.773915,35.5404514],[139.7737831,35.5403891],[139.7740262,35.5400467],[139.7741581,35.5401089],[139.773915,35.5404514]]]}},{"type":"Feature","properties":{"gmlId":"bldg_0b8c03f2-2e3a-4349-bcb1-921f585d579a","name":null,"usage":"運輸倉庫施設","majorUsage":null,"usageCode":"431","majorUsageCode":null,"usageCodeSpace":"https://assets.cms.plateau.reearth.io/assets/2c/6a2f27-a1e1-466a-a8cf-4627060f7ca4/13111_ota-ku_pref_2025_citygml_1_op/codelists/Building_usage.xml","majorUsageCodeSpace":null,"measuredHeight":4,"storeysAboveGround":1,"rawMeasuredHeight":"4","rawStoreysAboveGround":"1","category":"PUBLIC_TRANSPORT","city":"大田区","dataYear":2025,"geometrySource":"lod0RoofEdge","sourceMesh":"53392672"},"geometry":{"type":"Polygon","coordinates":[[[139.7770025,35.5594532],[139.7770453,35.5593947],[139.777075,35.5594093],[139.7770323,35.5594678],[139.7770025,35.5594532]]]}},{"type":"Feature","properties":{"gmlId":"bldg_770e8625-0788-4dfc-bb45-3b5a886bd852","name":null,"usage":"運輸倉庫施設","majorUsage":null,"usageCode":"431","majorUsageCode":null,"usageCodeSpace":"https://assets.cms.plateau.reearth.io/assets/2c/6a2f27-a1e1-466a-a8cf-4627060f7ca4/13111_ota-ku_pref_2025_citygml_1_op/codelists/Building_usage.xml","majorUsageCodeSpace":null,"measuredHeight":41.7,"storeysAboveGround":1,"rawMeasuredHeight":"41.7","rawStoreysAboveGround":"1","category":"PUBLIC_TRANSPORT","city":"大田区","dataYear":2025,"geometrySource":"lod0RoofEdge","sourceMesh":"53392653"},"geometry":{"type":"Polygon","coordinates":[[[139.7895515,35.5412832],[139.7886956,35.5424974],[139.7882823,35.5422981],[139.7880714,35.5423438],[139.7876728,35.5421545],[139.7876535,35.5421453],[139.7876531,35.5421457],[139.7876122,35.5421264],[139.78855,35.5408069],[139.7885868,35.5408249],[139.7885875,35.5408238],[139.7895515,35.5412832]]]}},{"type":"Feature","properties":{"gmlId":"bldg_6cfee7ef-994a-41ba-b9ed-52067a2f32af","name":null,"usage":"運輸倉庫施設","majorUsage":null,"usageCode":"431","majorUsageCode":null,"usageCodeSpace":"https://assets.cms.plateau.reearth.io/assets/2c/6a2f27-a1e1-466a-a8cf-4627060f7ca4/13111_ota-ku_pref_2025_citygml_1_op/codelists/Building_usage.xml","majorUsageCodeSpace":null,"measuredHeight":9.5,"storeysAboveGround":1,"rawMeasuredHeight":"9.5","rawStoreysAboveGround":"1","category":"PUBLIC_TRANSPORT","city":"大田区","dataYear":2025,"geometrySource":"lod0RoofEdge","sourceMesh":"53392651"},"geometry":{"type":"Polygon","coordinates":[[[139.7674546,35.5470661],[139.7672387,35.546963],[139.767306,35.546867],[139.767522,35.5469701],[139.7674546,35.5470661]]]}},{"type":"Feature","properties":{"gmlId":"bldg_9059fc40-6bfd-4aea-a225-0d6c3de24674","name":null,"usage":"運輸倉庫施設","majorUsage":null,"usageCode":"431","majorUsageCode":null,"usageCodeSpace":"https://assets.cms.plateau.reearth.io/assets/2c/6a2f27-a1e1-466a-a8cf-4627060f7ca4/13111_ota-ku_pref_2025_citygml_1_op/codelists/Building_usage.xml","majorUsageCodeSpace":null,"measuredHeight":11.8,"storeysAboveGround":1,"rawMeasuredHeight":"11.8","rawStoreysAboveGround":"1","category":"PUBLIC_TRANSPORT","city":"大田区","dataYear":2025,"geometrySource":"lod0RoofEdge","sourceMesh":"53392651"},"geometry":{"type":"Polygon","coordinates":[[[139.7673115,35.5470483],[139.7673353,35.5470602],[139.7673398,35.5470539],[139.7674446,35.5471032],[139.7673438,35.5472455],[139.7673423,35.5472448],[139.7673225,35.5472729],[139.7672745,35.5472488],[139.7672935,35.5472218],[139.7672391,35.5471961],[139.7673156,35.547088],[139.7672922,35.5470763],[139.7673115,35.5470483]]]}},{"type":"Feature","properties":{"gmlId":"bldg_365251b8-4a9c-4e13-b238-eae7a7fd9461","name":null,"usage":"運輸倉庫施設","majorUsage":null,"usageCode":"431","majorUsageCode":null,"usageCodeSpace":"https://assets.cms.plateau.reearth.io/assets/2c/6a2f27-a1e1-466a-a8cf-4627060f7ca4/13111_ota-ku_pref_2025_citygml_1_op/codelists/Building_usage.xml","majorUsageCodeSpace":null,"measuredHeight":3.2,"storeysAboveGround":1,"rawMeasuredHeight":"3.2","rawStoreysAboveGround":"1","category":"PUBLIC_TRANSPORT","city":"大田区","dataYear":2025,"geometrySource":"lod0RoofEdge","sourceMesh":"53392642"},"geometry":{"type":"Polygon","coordinates":[[[139.7750961,35.539595],[139.775173,35.5394882],[139.7752708,35.5395353],[139.7751911,35.5396481],[139.775147,35.5396272],[139.7750188,35.5398049],[139.7749248,35.5397597],[139.775055,35.5395756],[139.7750961,35.539595]]]}},{"type":"Feature","properties":{"gmlId":"bldg_5c936d76-51a7-450b-a8d9-48578cdc5d87","name":null,"usage":"運輸倉庫施設","majorUsage":null,"usageCode":"431","majorUsageCode":null,"usageCodeSpace":"https://assets.cms.plateau.reearth.io/assets/2c/6a2f27-a1e1-466a-a8cf-4627060f7ca4/13111_ota-ku_pref_2025_citygml_1_op/codelists/Building_usage.xml","majorUsageCodeSpace":null,"measuredHeight":44.8,"storeysAboveGround":9,"rawMeasuredHeight":"44.8","rawStoreysAboveGround":"9","category":"PUBLIC_TRANSPORT","city":"大田区","dataYear":2025,"geometrySource":"lod0RoofEdge","sourceMesh":"53392653"},"geometry":{"type":"Polygon","coordinates":[[[139.7903715,35.542841],[139.7902634,35.5429959],[139.7902578,35.5429937],[139.7902542,35.5429988],[139.7902836,35.5430124],[139.7902783,35.5430258],[139.790271,35.5430415],[139.7902623,35.5430569],[139.7902509,35.5430738],[139.7902407,35.5430875],[139.790227,35.5431021],[139.7902151,35.5431136],[139.7902035,35.5431218],[139.7901751,35.5431084],[139.790171,35.543114],[139.7901769,35.5431169],[139.790118,35.5432015],[139.7901127,35.5432036],[139.7895483,35.5429374],[139.7895463,35.5429329],[139.7895982,35.5428596],[139.7895581,35.5428407],[139.7896112,35.5427654],[139.7896516,35.5427844],[139.7896666,35.5427633],[139.7896737,35.5427674],[139.7896779,35.5427615],[139.7896683,35.542757],[139.7896689,35.5427474],[139.7896775,35.5427251],[139.7896911,35.5427015],[139.7897035,35.5426823],[139.789721,35.5426607],[139.7897365,35.5426464],[139.7897522,35.5426356],[139.7897641,35.5426412],[139.7897681,35.5426355],[139.7897586,35.5426312],[139.7898001,35.5425717],[139.789807,35.542569],[139.7903696,35.5428334],[139.7903715,35.542841]]]}},{"type":"Feature","properties":{"gmlId":"bldg_43d681d8-4751-4607-b694-d9de4d9241df","name":null,"usage":"運輸倉庫施設","majorUsage":null,"usageCode":"431","majorUsageCode":null,"usageCodeSpace":"https://assets.cms.plateau.reearth.io/assets/2c/6a2f27-a1e1-466a-a8cf-4627060f7ca4/13111_ota-ku_pref_2025_citygml_1_op/codelists/Building_usage.xml","majorUsageCodeSpace":null,"measuredHeight":15.4,"storeysAboveGround":1,"rawMeasuredHeight":"15.4","rawStoreysAboveGround":"1","category":"PUBLIC_TRANSPORT","city":"大田区","dataYear":2025,"geometrySource":"lod0RoofEdge","sourceMesh":"53392651"},"geometry":{"type":"Polygon","coordinates":[[[139.767025,35.5469836],[139.7670909,35.5470146],[139.7672635,35.547096],[139.7672653,35.5470969],[139.7671969,35.5471937],[139.7672428,35.5472164],[139.7672156,35.547255],[139.7671697,35.5472323],[139.767064,35.547382],[139.7668237,35.5472687],[139.767025,35.5469836]]]}},{"type":"Feature","properties":{"gmlId":"bldg_10c2f0e9-b80c-4c43-a7c4-8e267f8f2a37","name":"羽田空港第3ターミナル駅","usage":"運輸倉庫施設","majorUsage":null,"usageCode":"431","majorUsageCode":null,"usageCodeSpace":"https://assets.cms.plateau.reearth.io/assets/2c/6a2f27-a1e1-466a-a8cf-4627060f7ca4/13111_ota-ku_pref_2025_citygml_1_op/codelists/Building_usage.xml","majorUsageCodeSpace":null,"measuredHeight":18.8,"storeysAboveGround":5,"rawMeasuredHeight":"18.8","rawStoreysAboveGround":"5","category":"PUBLIC_TRANSPORT","city":"大田区","dataYear":2025,"geometrySource":"lod0RoofEdge","sourceMesh":"53392651"},"geometry":{"type":"Polygon","coordinates":[[[139.7682364,35.5443999],[139.7680552,35.5443138],[139.7682446,35.5440469],[139.7685573,35.5441955],[139.768373,35.5444552],[139.7682414,35.5443929],[139.7682364,35.5443999]]]}},{"type":"Feature","properties":{"gmlId":"bldg_0e2ad577-9c14-4038-8ec4-cf15c114678f","name":null,"usage":"運輸倉庫施設","majorUsage":null,"usageCode":"431","majorUsageCode":null,"usageCodeSpace":"https://assets.cms.plateau.reearth.io/assets/2c/6a2f27-a1e1-466a-a8cf-4627060f7ca4/13111_ota-ku_pref_2025_citygml_1_op/codelists/Building_usage.xml","majorUsageCodeSpace":null,"measuredHeight":22.7,"storeysAboveGround":5,"rawMeasuredHeight":"22.7","rawStoreysAboveGround":"5","category":"PUBLIC_TRANSPORT","city":"大田区","dataYear":2025,"geometrySource":"lod0RoofEdge","sourceMesh":"53392651"},"geometry":{"type":"Polygon","coordinates":[[[139.7678831,35.5446545],[139.7681456,35.544779],[139.7680413,35.5449277],[139.7679417,35.5449948],[139.767661,35.5453923],[139.7676128,35.5453694],[139.767572,35.5454267],[139.7674518,35.5453687],[139.7674921,35.545312],[139.7674645,35.5452988],[139.7674511,35.5453177],[139.7674015,35.5452938],[139.7677223,35.5448431],[139.7677534,35.5448395],[139.7678831,35.5446545]]]}},{"type":"Feature","properties":{"gmlId":"bldg_5dace394-2edb-470b-a99c-481a5853dff3","name":null,"usage":"運輸倉庫施設","majorUsage":null,"usageCode":"431","majorUsageCode":null,"usageCodeSpace":"https://assets.cms.plateau.reearth.io/assets/2c/6a2f27-a1e1-466a-a8cf-4627060f7ca4/13111_ota-ku_pref_2025_citygml_1_op/codelists/Building_usage.xml","majorUsageCodeSpace":null,"measuredHeight":37.8,"storeysAboveGround":6,"rawMeasuredHeight":"37.8","rawStoreysAboveGround":"6","category":"PUBLIC_TRANSPORT","city":"大田区","dataYear":2025,"geometrySource":"lod0RoofEdge","sourceMesh":"53392653"},"geometry":{"type":"Polygon","coordinates":[[[139.7894016,35.5414996],[139.7895575,35.5412814],[139.7898938,35.5414348],[139.7897388,35.541656],[139.7897728,35.5416722],[139.7895166,35.5420309],[139.7894845,35.5420156],[139.7892902,35.54229],[139.7893238,35.5423061],[139.7891686,35.5425235],[139.7891358,35.5425079],[139.7890325,35.5426537],[139.7886992,35.5424932],[139.789401,35.5414994],[139.7894016,35.5414996]]]}},{"type":"Feature","properties":{"gmlId":"bldg_da77512a-f8e7-4585-9318-833aed4ed86b","name":null,"usage":"運輸倉庫施設","majorUsage":null,"usageCode":"431","majorUsageCode":null,"usageCodeSpace":"https://assets.cms.plateau.reearth.io/assets/2c/6a2f27-a1e1-466a-a8cf-4627060f7ca4/13111_ota-ku_pref_2025_citygml_1_op/codelists/Building_usage.xml","majorUsageCodeSpace":null,"measuredHeight":12.7,"storeysAboveGround":1,"rawMeasuredHeight":"12.7","rawStoreysAboveGround":"1","category":"PUBLIC_TRANSPORT","city":"大田区","dataYear":2025,"geometrySource":"lod0RoofEdge","sourceMesh":"53392651"},"geometry":{"type":"Polygon","coordinates":[[[139.7675036,35.5447833],[139.7677429,35.5444489],[139.7678341,35.5444923],[139.7676469,35.5447541],[139.7678789,35.54465],[139.7677471,35.5448358],[139.767572,35.5448586],[139.7669771,35.5456959],[139.7668856,35.5456527],[139.7674371,35.5448761],[139.7672872,35.5448956],[139.7672705,35.5448135],[139.7675036,35.5447833]]]}},{"type":"Feature","properties":{"gmlId":"bldg_379fba88-49d0-43b1-b5c6-3014bc2ac3ab","name":null,"usage":"運輸倉庫施設","majorUsage":null,"usageCode":"431","majorUsageCode":null,"usageCodeSpace":"https://assets.cms.plateau.reearth.io/assets/2c/6a2f27-a1e1-466a-a8cf-4627060f7ca4/13111_ota-ku_pref_2025_citygml_1_op/codelists/Building_usage.xml","majorUsageCodeSpace":null,"measuredHeight":12.4,"storeysAboveGround":5,"rawMeasuredHeight":"12.4","rawStoreysAboveGround":"5","category":"PUBLIC_TRANSPORT","city":"大田区","dataYear":2025,"geometrySource":"lod0RoofEdge","sourceMesh":"53392651"},"geometry":{"type":"Polygon","coordinates":[[[139.7679693,35.5444141],[139.767898,35.5445146],[139.7678941,35.5445201],[139.7676595,35.5444071],[139.7676342,35.5444425],[139.7675653,35.5444092],[139.7675906,35.5443739],[139.7675453,35.5443521],[139.7676226,35.5442405],[139.7679732,35.5444086],[139.7679693,35.5444141]]]}},{"type":"Feature","properties":{"gmlId":"bldg_00db2d87-f464-46b6-a985-b7c9fc82b659","name":null,"usage":"運輸倉庫施設","majorUsage":null,"usageCode":"431","majorUsageCode":null,"usageCodeSpace":"https://assets.cms.plateau.reearth.io/assets/2c/6a2f27-a1e1-466a-a8cf-4627060f7ca4/13111_ota-ku_pref_2025_citygml_1_op/codelists/Building_usage.xml","majorUsageCodeSpace":null,"measuredHeight":7.9,"storeysAboveGround":1,"rawMeasuredHeight":"7.9","rawStoreysAboveGround":"1","category":"PUBLIC_TRANSPORT","city":"大田区","dataYear":2025,"geometrySource":"lod0RoofEdge","sourceMesh":"53392672"},"geometry":{"type":"Polygon","coordinates":[[[139.7806117,35.5609672],[139.7805629,35.5609923],[139.7805604,35.5609959],[139.780558,35.5609948],[139.780549,35.5609994],[139.7804544,35.5609546],[139.780448,35.5609634],[139.7804138,35.5609468],[139.7804047,35.5609594],[139.7803525,35.5609344],[139.7803617,35.5609216],[139.7803064,35.5608947],[139.7803119,35.5608871],[139.780234,35.5608502],[139.7802272,35.560847],[139.7801984,35.5608334],[139.7811531,35.5594898],[139.7812173,35.5595209],[139.781219,35.5595186],[139.7812354,35.5595264],[139.7812523,35.559503],[139.7814573,35.5596014],[139.7814433,35.559621],[139.781489,35.5596427],[139.7814784,35.5596576],[139.7815003,35.5596582],[139.7815045,35.55971],[139.7806117,35.5609672]]]}},{"type":"Feature","properties":{"gmlId":"bldg_fb75e67e-f961-40dc-bf7c-59f94cf093ef","name":null,"usage":"運輸倉庫施設","majorUsage":null,"usageCode":"431","majorUsageCode":null,"usageCodeSpace":"https://assets.cms.plateau.reearth.io/assets/2c/6a2f27-a1e1-466a-a8cf-4627060f7ca4/13111_ota-ku_pref_2025_citygml_1_op/codelists/Building_usage.xml","majorUsageCodeSpace":null,"measuredHeight":5.6,"storeysAboveGround":1,"rawMeasuredHeight":"5.6","rawStoreysAboveGround":"1","category":"PUBLIC_TRANSPORT","city":"大田区","dataYear":2025,"geometrySource":"lod0RoofEdge","sourceMesh":"53392653"},"geometry":{"type":"Polygon","coordinates":[[[139.7905824,35.5427461],[139.7905763,35.5427488],[139.7905682,35.5427474],[139.7905147,35.5427217],[139.7905126,35.5427183],[139.7905127,35.5427142],[139.7907092,35.5424341],[139.7907124,35.5424313],[139.790717,35.5424314],[139.7907757,35.5424563],[139.7907793,35.5424589],[139.7907806,35.5424622],[139.7907784,35.5424673],[139.7905824,35.5427461]]]}},{"type":"Feature","properties":{"gmlId":"bldg_30b8986d-baac-430c-a22c-02ac06bd588c","name":null,"usage":"運輸倉庫施設","majorUsage":null,"usageCode":"431","majorUsageCode":null,"usageCodeSpace":"https://assets.cms.plateau.reearth.io/assets/2c/6a2f27-a1e1-466a-a8cf-4627060f7ca4/13111_ota-ku_pref_2025_citygml_1_op/codelists/Building_usage.xml","majorUsageCodeSpace":null,"measuredHeight":8.6,"storeysAboveGround":1,"rawMeasuredHeight":"8.6","rawStoreysAboveGround":"1","category":"PUBLIC_TRANSPORT","city":"大田区","dataYear":2025,"geometrySource":"lod0RoofEdge","sourceMesh":"53392651"},"geometry":{"type":"Polygon","coordinates":[[[139.7669209,35.5452033],[139.7669062,35.5451282],[139.7670828,35.5451053],[139.7670974,35.5451804],[139.7669209,35.5452033]]]}},{"type":"Feature","properties":{"gmlId":"bldg_a99b3edb-930b-4116-a725-3989b5f6a2d1","name":null,"usage":"運輸倉庫施設","majorUsage":null,"usageCode":"431","majorUsageCode":null,"usageCodeSpace":"https://assets.cms.plateau.reearth.io/assets/2c/6a2f27-a1e1-466a-a8cf-4627060f7ca4/13111_ota-ku_pref_2025_citygml_1_op/codelists/Building_usage.xml","majorUsageCodeSpace":null,"measuredHeight":12.7,"storeysAboveGround":1,"rawMeasuredHeight":"12.7","rawStoreysAboveGround":"1","category":"PUBLIC_TRANSPORT","city":"大田区","dataYear":2025,"geometrySource":"lod0RoofEdge","sourceMesh":"53392651"},"geometry":{"type":"Polygon","coordinates":[[[139.7669249,35.5449445],[139.7669082,35.5448625],[139.767268,35.5448135],[139.7672847,35.5448956],[139.7669249,35.5449445]]]}},{"type":"Feature","properties":{"gmlId":"bldg_4fe01ac3-4ae7-423d-91ae-77ced4f4b6d7","name":null,"usage":"運輸倉庫施設","majorUsage":null,"usageCode":"431","majorUsageCode":null,"usageCodeSpace":"https://assets.cms.plateau.reearth.io/assets/2c/6a2f27-a1e1-466a-a8cf-4627060f7ca4/13111_ota-ku_pref_2025_citygml_1_op/codelists/Building_usage.xml","majorUsageCodeSpace":null,"measuredHeight":4.3,"storeysAboveGround":null,"rawMeasuredHeight":"4.3","rawStoreysAboveGround":"9999","category":"PUBLIC_TRANSPORT","city":"大田区","dataYear":2025,"geometrySource":"lod0RoofEdge","sourceMesh":"53392653"},"geometry":{"type":"Polygon","coordinates":[[[139.7918298,35.5435726],[139.7918882,35.5435996],[139.7918894,35.5435979],[139.7921006,35.5436954],[139.7920576,35.5437576],[139.7920696,35.5437632],[139.7920439,35.5437999],[139.7920322,35.5437944],[139.7919797,35.5438705],[139.7919903,35.5438754],[139.791971,35.5439034],[139.7919603,35.5438984],[139.7919554,35.5439056],[139.7917441,35.5438081],[139.7917471,35.5438039],[139.7916887,35.5437769],[139.7918298,35.5435726]]]}},{"type":"Feature","properties":{"gmlId":"bldg_42f0f4ce-6435-43c6-ae67-71c05507369d","name":null,"usage":"運輸倉庫施設","majorUsage":null,"usageCode":"431","majorUsageCode":null,"usageCodeSpace":"https://assets.cms.plateau.reearth.io/assets/2c/6a2f27-a1e1-466a-a8cf-4627060f7ca4/13111_ota-ku_pref_2025_citygml_1_op/codelists/Building_usage.xml","majorUsageCodeSpace":null,"measuredHeight":null,"storeysAboveGround":null,"rawMeasuredHeight":"-9999","rawStoreysAboveGround":"9999","category":"PUBLIC_TRANSPORT","city":"大田区","dataYear":2025,"geometrySource":"lod0RoofEdge","sourceMesh":"53392651"},"geometry":{"type":"Polygon","coordinates":[[[139.7666261,35.5456277],[139.7666057,35.5456181],[139.7666161,35.5456033],[139.7666366,35.5456129],[139.7666261,35.5456277]]]}},{"type":"Feature","properties":{"gmlId":"bldg_701fb9d6-72e2-473a-889a-833de857f013","name":null,"usage":"運輸倉庫施設","majorUsage":null,"usageCode":"431","majorUsageCode":null,"usageCodeSpace":"https://assets.cms.plateau.reearth.io/assets/2c/6a2f27-a1e1-466a-a8cf-4627060f7ca4/13111_ota-ku_pref_2025_citygml_1_op/codelists/Building_usage.xml","majorUsageCodeSpace":null,"measuredHeight":null,"storeysAboveGround":1,"rawMeasuredHeight":"-9999","rawStoreysAboveGround":"1","category":"PUBLIC_TRANSPORT","city":"大田区","dataYear":2025,"geometrySource":"lod0RoofEdge","sourceMesh":"53392651"},"geometry":{"type":"Polygon","coordinates":[[[139.7665816,35.5456953],[139.7665578,35.5456838],[139.7665976,35.5456285],[139.7666215,35.54564],[139.7665816,35.5456953]]]}},{"type":"Feature","properties":{"gmlId":"bldg_3d4df335-ed1b-4b6a-9cd6-9ccedbbac812","name":null,"usage":"運輸倉庫施設","majorUsage":null,"usageCode":"431","majorUsageCode":null,"usageCodeSpace":"https://assets.cms.plateau.reearth.io/assets/2c/6a2f27-a1e1-466a-a8cf-4627060f7ca4/13111_ota-ku_pref_2025_citygml_1_op/codelists/Building_usage.xml","majorUsageCodeSpace":null,"measuredHeight":4.1,"storeysAboveGround":1,"rawMeasuredHeight":"4.1","rawStoreysAboveGround":"1","category":"PUBLIC_TRANSPORT","city":"大田区","dataYear":2025,"geometrySource":"lod0RoofEdge","sourceMesh":"53392643"},"geometry":{"type":"Polygon","coordinates":[[[139.79003,35.5415236],[139.7899745,35.5416025],[139.7899889,35.5416092],[139.7899745,35.5416297],[139.7898735,35.5415822],[139.7898752,35.5415797],[139.7898699,35.5415772],[139.7898825,35.5415593],[139.7898878,35.5415618],[139.7899115,35.5415281],[139.7899055,35.5415253],[139.7899181,35.5415074],[139.7899241,35.5415102],[139.7899433,35.5414829],[139.79003,35.5415236]]]}},{"type":"Feature","properties":{"gmlId":"bldg_fbc81474-6897-4ab0-80f8-20457f4e4aa4","name":null,"usage":"運輸倉庫施設","majorUsage":null,"usageCode":"431","majorUsageCode":null,"usageCodeSpace":"https://assets.cms.plateau.reearth.io/assets/2c/6a2f27-a1e1-466a-a8cf-4627060f7ca4/13111_ota-ku_pref_2025_citygml_1_op/codelists/Building_usage.xml","majorUsageCodeSpace":null,"measuredHeight":10,"storeysAboveGround":1,"rawMeasuredHeight":"10","rawStoreysAboveGround":"1","category":"PUBLIC_TRANSPORT","city":"大田区","dataYear":2025,"geometrySource":"lod0RoofEdge","sourceMesh":"53392651"},"geometry":{"type":"Polygon","coordinates":[[[139.7667448,35.5451515],[139.766878,35.5451357],[139.7668898,35.5451972],[139.7667567,35.545213],[139.7667448,35.5451515]]]}},{"type":"Feature","properties":{"gmlId":"bldg_6ffc2d5e-b0b4-4324-844a-cd7bba96ec4d","name":null,"usage":"運輸倉庫施設","majorUsage":null,"usageCode":"431","majorUsageCode":null,"usageCodeSpace":"https://assets.cms.plateau.reearth.io/assets/2c/6a2f27-a1e1-466a-a8cf-4627060f7ca4/13111_ota-ku_pref_2025_citygml_1_op/codelists/Building_usage.xml","majorUsageCodeSpace":null,"measuredHeight":5.5,"storeysAboveGround":null,"rawMeasuredHeight":"5.5","rawStoreysAboveGround":"9999","category":"PUBLIC_TRANSPORT","city":"大田区","dataYear":2025,"geometrySource":"lod0RoofEdge","sourceMesh":"53392651"},"geometry":{"type":"Polygon","coordinates":[[[139.7672972,35.5442877],[139.766971,35.5442032],[139.7669557,35.5441992],[139.7670308,35.5440934],[139.7674265,35.5441958],[139.7673514,35.5443017],[139.7673263,35.5442952],[139.7672972,35.5442877]]]}},{"type":"Feature","properties":{"gmlId":"bldg_e4c8bc4c-98db-4c55-82ac-73a9bcbaf307","name":null,"usage":"運輸倉庫施設","majorUsage":null,"usageCode":"431","majorUsageCode":null,"usageCodeSpace":"https://assets.cms.plateau.reearth.io/assets/2c/6a2f27-a1e1-466a-a8cf-4627060f7ca4/13111_ota-ku_pref_2025_citygml_1_op/codelists/Building_usage.xml","majorUsageCodeSpace":null,"measuredHeight":4,"storeysAboveGround":1,"rawMeasuredHeight":"4","rawStoreysAboveGround":"1","category":"PUBLIC_TRANSPORT","city":"大田区","dataYear":2025,"geometrySource":"lod0RoofEdge","sourceMesh":"53392643"},"geometry":{"type":"Polygon","coordinates":[[[139.790081,35.5414866],[139.7900521,35.5415269],[139.789948,35.541477],[139.789955,35.5414673],[139.7899484,35.5414642],[139.7899608,35.5414462],[139.7899678,35.5414494],[139.789977,35.5414367],[139.790081,35.5414866]]]}},{"type":"Feature","properties":{"gmlId":"bldg_093a2a49-a660-475b-9a74-579fc458d723","name":null,"usage":"運輸倉庫施設","majorUsage":null,"usageCode":"431","majorUsageCode":null,"usageCodeSpace":"https://assets.cms.plateau.reearth.io/assets/2c/6a2f27-a1e1-466a-a8cf-4627060f7ca4/13111_ota-ku_pref_2025_citygml_1_op/codelists/Building_usage.xml","majorUsageCodeSpace":null,"measuredHeight":16.7,"storeysAboveGround":2,"rawMeasuredHeight":"16.7","rawStoreysAboveGround":"2","category":"PUBLIC_TRANSPORT","city":"大田区","dataYear":2025,"geometrySource":"lod0RoofEdge","sourceMesh":"53392653"},"geometry":{"type":"Polygon","coordinates":[[[139.7904654,35.5419487],[139.7903989,35.5419173],[139.7903932,35.5419251],[139.7903674,35.5419124],[139.7903728,35.541905],[139.790227,35.5418361],[139.79034,35.5416762],[139.7903736,35.5416263],[139.7906151,35.5417352],[139.7905762,35.541793],[139.7905757,35.5417928],[139.7905689,35.5418023],[139.7905605,35.5418232],[139.79055,35.5418401],[139.7905304,35.5418649],[139.7905171,35.5418787],[139.7905127,35.5418819],[139.7904654,35.5419487]]]}},{"type":"Feature","properties":{"gmlId":"bldg_c8125973-3a67-4ce1-977e-a3a6f861df5b","name":null,"usage":"運輸倉庫施設","majorUsage":null,"usageCode":"431","majorUsageCode":null,"usageCodeSpace":"https://assets.cms.plateau.reearth.io/assets/2c/6a2f27-a1e1-466a-a8cf-4627060f7ca4/13111_ota-ku_pref_2025_citygml_1_op/codelists/Building_usage.xml","majorUsageCodeSpace":null,"measuredHeight":36.5,"storeysAboveGround":null,"rawMeasuredHeight":"36.5","rawStoreysAboveGround":"9999","category":"PUBLIC_TRANSPORT","city":"大田区","dataYear":2025,"geometrySource":"lod0RoofEdge","sourceMesh":"53392651"},"geometry":{"type":"Polygon","coordinates":[[[139.7672959,35.5439217],[139.7672832,35.5438893],[139.7671948,35.543903],[139.7670916,35.5438953],[139.7670113,35.5438664],[139.7669647,35.5438395],[139.7669634,35.5438403],[139.7669649,35.5438418],[139.7669412,35.5438568],[139.766867,35.5437783],[139.7668897,35.5437639],[139.7668629,35.5437183],[139.7668579,35.5436727],[139.7668704,35.5435822],[139.7669261,35.5434865],[139.7670083,35.5433837],[139.7670917,35.5433002],[139.7671328,35.5432722],[139.767119,35.5432571],[139.7671173,35.5432554],[139.7672155,35.5431777],[139.7674884,35.5429984],[139.7676226,35.5429218],[139.7677734,35.5428438],[139.7677741,35.5428449],[139.7677761,35.5428481],[139.7677812,35.5428563],[139.7679069,35.5428033],[139.7680713,35.5427457],[139.7681949,35.5427265],[139.7683333,35.5427374],[139.7684199,35.5427746],[139.7684367,35.5427875],[139.7684398,35.5427855],[139.7684391,35.5427848],[139.7684628,35.5427699],[139.7685371,35.5428484],[139.7685147,35.5428626],[139.7685156,35.5428636],[139.7685429,35.5429351],[139.7685421,35.5430156],[139.7685074,35.5430975],[139.7684383,35.5431956],[139.768334,35.5433051],[139.7682904,35.5433427],[139.7683354,35.5433764],[139.7682996,35.5434084],[139.7682219,35.5434697],[139.7681248,35.5435431],[139.7680151,35.5436112],[139.7678923,35.5436803],[139.7677959,35.5437287],[139.7677914,35.5437311],[139.7676968,35.5437801],[139.7675537,35.5438461],[139.7674288,35.5438891],[139.7672959,35.5439217]]]}},{"type":"Feature","properties":{"gmlId":"bldg_40436224-f793-4af1-9ef7-c3b7404930ce","name":null,"usage":"官公庁施設","majorUsage":null,"usageCode":"421","majorUsageCode":null,"usageCodeSpace":"https://assets.cms.plateau.reearth.io/assets/2c/6a2f27-a1e1-466a-a8cf-4627060f7ca4/13111_ota-ku_pref_2025_citygml_1_op/codelists/Building_usage.xml","majorUsageCodeSpace":null,"measuredHeight":7.1,"storeysAboveGround":null,"rawMeasuredHeight":"7.1","rawStoreysAboveGround":"9999","category":"PUBLIC_TRANSPORT","city":"大田区","dataYear":2025,"geometrySource":"lod0RoofEdge","sourceMesh":"53392653"},"geometry":{"type":"Polygon","coordinates":[[[139.7929221,35.5445216],[139.7928763,35.5445859],[139.7927322,35.5445172],[139.792778,35.5444529],[139.7929221,35.5445216]]]}},{"type":"Feature","properties":{"gmlId":"bldg_8f50d758-d1ac-4377-893e-62186797e216","name":null,"usage":"運輸倉庫施設","majorUsage":null,"usageCode":"431","majorUsageCode":null,"usageCodeSpace":"https://assets.cms.plateau.reearth.io/assets/2c/6a2f27-a1e1-466a-a8cf-4627060f7ca4/13111_ota-ku_pref_2025_citygml_1_op/codelists/Building_usage.xml","majorUsageCodeSpace":null,"measuredHeight":10.8,"storeysAboveGround":4,"rawMeasuredHeight":"10.8","rawStoreysAboveGround":"4","category":"PUBLIC_TRANSPORT","city":"大田区","dataYear":2025,"geometrySource":"lod0RoofEdge","sourceMesh":"53392653"},"geometry":{"type":"Polygon","coordinates":[[[139.7924439,35.543501],[139.7924332,35.5435163],[139.7924344,35.5435169],[139.7924356,35.5435175],[139.7924532,35.5435267],[139.7924376,35.5435484],[139.7924188,35.5435385],[139.7924004,35.5435296],[139.7923998,35.5435304],[139.7923867,35.5435241],[139.7923843,35.5435274],[139.7924031,35.5435363],[139.7922751,35.5437172],[139.7922562,35.5437083],[139.7922517,35.5437148],[139.7918125,35.543507],[139.7920026,35.5432385],[139.7924418,35.5434463],[139.7924027,35.5435014],[139.7924142,35.543507],[139.7924678,35.5434319],[139.7924685,35.5434308],[139.7924796,35.5434155],[139.7925173,35.5434337],[139.7925063,35.543449],[139.7924623,35.5435094],[139.7924439,35.543501]]]}},{"type":"Feature","properties":{"gmlId":"bldg_8ddb826d-cefb-420f-b7e7-bd7441692b26","name":null,"usage":"運輸倉庫施設","majorUsage":null,"usageCode":"431","majorUsageCode":null,"usageCodeSpace":"https://assets.cms.plateau.reearth.io/assets/2c/6a2f27-a1e1-466a-a8cf-4627060f7ca4/13111_ota-ku_pref_2025_citygml_1_op/codelists/Building_usage.xml","majorUsageCodeSpace":null,"measuredHeight":5.8,"storeysAboveGround":1,"rawMeasuredHeight":"5.8","rawStoreysAboveGround":"1","category":"PUBLIC_TRANSPORT","city":"大田区","dataYear":2025,"geometrySource":"lod0RoofEdge","sourceMesh":"53392651"},"geometry":{"type":"Polygon","coordinates":[[[139.7661456,35.5451972],[139.7662533,35.545183],[139.7662585,35.5452139],[139.7661508,35.5452281],[139.7661456,35.5451972]]]}},{"type":"Feature","properties":{"gmlId":"bldg_4a73e15a-66ac-4f3f-8990-af64b00478b4","name":null,"usage":"運輸倉庫施設","majorUsage":null,"usageCode":"431","majorUsageCode":null,"usageCodeSpace":"https://assets.cms.plateau.reearth.io/assets/2c/6a2f27-a1e1-466a-a8cf-4627060f7ca4/13111_ota-ku_pref_2025_citygml_1_op/codelists/Building_usage.xml","majorUsageCodeSpace":null,"measuredHeight":4.4,"storeysAboveGround":1,"rawMeasuredHeight":"4.4","rawStoreysAboveGround":"1","category":"PUBLIC_TRANSPORT","city":"大田区","dataYear":2025,"geometrySource":"lod0RoofEdge","sourceMesh":"53392651"},"geometry":{"type":"Polygon","coordinates":[[[139.7660597,35.5450865],[139.7663428,35.5450494],[139.7663583,35.5451325],[139.7662323,35.545149],[139.7662245,35.5451089],[139.7660676,35.5451286],[139.7660597,35.5450865]]]}},{"type":"Feature","properties":{"gmlId":"bldg_e5973e5f-6253-4971-bd9e-996faf30dddc","name":null,"usage":"官公庁施設","majorUsage":null,"usageCode":"421","majorUsageCode":null,"usageCodeSpace":"https://assets.cms.plateau.reearth.io/assets/2c/6a2f27-a1e1-466a-a8cf-4627060f7ca4/13111_ota-ku_pref_2025_citygml_1_op/codelists/Building_usage.xml","majorUsageCodeSpace":null,"measuredHeight":12.3,"storeysAboveGround":2,"rawMeasuredHeight":"12.3","rawStoreysAboveGround":"2","category":"PUBLIC_TRANSPORT","city":"大田区","dataYear":2025,"geometrySource":"lod0RoofEdge","sourceMesh":"53392653"},"geometry":{"type":"Polygon","coordinates":[[[139.7934823,35.5445707],[139.7937244,35.5446873],[139.7937284,35.5446982],[139.793566,35.5449232],[139.793551,35.544916],[139.7935503,35.5449169],[139.7935688,35.5449258],[139.7935356,35.5449717],[139.7933537,35.5448837],[139.7932894,35.5448527],[139.7933787,35.5447287],[139.793429,35.544753],[139.7934868,35.5446729],[139.7934282,35.5446447],[139.793424,35.5446342],[139.7934687,35.5445732],[139.7934823,35.5445707]]]}},{"type":"Feature","properties":{"gmlId":"bldg_36639b98-7ae3-46d3-8dfe-9cf72ec417b5","name":null,"usage":"運輸倉庫施設","majorUsage":null,"usageCode":"431","majorUsageCode":null,"usageCodeSpace":"https://assets.cms.plateau.reearth.io/assets/2c/6a2f27-a1e1-466a-a8cf-4627060f7ca4/13111_ota-ku_pref_2025_citygml_1_op/codelists/Building_usage.xml","majorUsageCodeSpace":null,"measuredHeight":3.1,"storeysAboveGround":1,"rawMeasuredHeight":"3.1","rawStoreysAboveGround":"1","category":"PUBLIC_TRANSPORT","city":"大田区","dataYear":2025,"geometrySource":"lod0RoofEdge","sourceMesh":"53392643"},"geometry":{"type":"Polygon","coordinates":[[[139.7905081,35.5408435],[139.7905027,35.540851],[139.790522,35.5408602],[139.7904694,35.5409336],[139.7904108,35.5409055],[139.7904634,35.5408321],[139.7904815,35.5408408],[139.7904869,35.5408333],[139.7905081,35.5408435]]]}},{"type":"Feature","properties":{"gmlId":"bldg_c69efcee-a7e0-4484-bee7-74733e2ba68d","name":null,"usage":"運輸倉庫施設","majorUsage":null,"usageCode":"431","majorUsageCode":null,"usageCodeSpace":"https://assets.cms.plateau.reearth.io/assets/2c/6a2f27-a1e1-466a-a8cf-4627060f7ca4/13111_ota-ku_pref_2025_citygml_1_op/codelists/Building_usage.xml","majorUsageCodeSpace":null,"measuredHeight":31.4,"storeysAboveGround":6,"rawMeasuredHeight":"31.4","rawStoreysAboveGround":"6","category":"PUBLIC_TRANSPORT","city":"大田区","dataYear":2025,"geometrySource":"lod0RoofEdge","sourceMesh":"53392643"},"geometry":{"type":"Polygon","coordinates":[[[139.7905465,35.5405214],[139.7902369,35.5409615],[139.7898962,35.5408007],[139.7902062,35.5403647],[139.7905465,35.5405214]]]}},{"type":"Feature","properties":{"gmlId":"bldg_b0a6a1cb-b35d-4039-8310-b0f8c0a54b67","name":null,"usage":"宿泊施設","majorUsage":null,"usageCode":"403","majorUsageCode":null,"usageCodeSpace":"https://assets.cms.plateau.reearth.io/assets/2c/6a2f27-a1e1-466a-a8cf-4627060f7ca4/13111_ota-ku_pref_2025_citygml_1_op/codelists/Building_usage.xml","majorUsageCodeSpace":null,"measuredHeight":3.7,"storeysAboveGround":10,"rawMeasuredHeight":"3.7","rawStoreysAboveGround":"10","category":"COMMERCIAL","city":"大田区","dataYear":2025,"geometrySource":"lod0RoofEdge","sourceMesh":"53392651"},"geometry":{"type":"Polygon","coordinates":[[[139.7666564,35.5430288],[139.7666298,35.543045],[139.7666096,35.5430227],[139.7666362,35.5430065],[139.7666564,35.5430288]]]}},{"type":"Feature","properties":{"gmlId":"bldg_431f1e03-d6fb-49ab-a1e3-181439301170","name":null,"usage":"運輸倉庫施設","majorUsage":null,"usageCode":"431","majorUsageCode":null,"usageCodeSpace":"https://assets.cms.plateau.reearth.io/assets/2c/6a2f27-a1e1-466a-a8cf-4627060f7ca4/13111_ota-ku_pref_2025_citygml_1_op/codelists/Building_usage.xml","majorUsageCodeSpace":null,"measuredHeight":3.8,"storeysAboveGround":1,"rawMeasuredHeight":"3.8","rawStoreysAboveGround":"1","category":"PUBLIC_TRANSPORT","city":"大田区","dataYear":2025,"geometrySource":"lod0RoofEdge","sourceMesh":"53392651"},"geometry":{"type":"Polygon","coordinates":[[[139.7651915,35.5454958],[139.7652837,35.5453626],[139.7653591,35.5453974],[139.765267,35.5455307],[139.7651915,35.5454958]]]}},{"type":"Feature","properties":{"gmlId":"bldg_a350f669-94d8-44f1-937b-9e9a3bf48b27","name":null,"usage":"宿泊施設","majorUsage":null,"usageCode":"403","majorUsageCode":null,"usageCodeSpace":"https://assets.cms.plateau.reearth.io/assets/2c/6a2f27-a1e1-466a-a8cf-4627060f7ca4/13111_ota-ku_pref_2025_citygml_1_op/codelists/Building_usage.xml","majorUsageCodeSpace":null,"measuredHeight":3.8,"storeysAboveGround":10,"rawMeasuredHeight":"3.8","rawStoreysAboveGround":"10","category":"COMMERCIAL","city":"大田区","dataYear":2025,"geometrySource":"lod0RoofEdge","sourceMesh":"53392651"},"geometry":{"type":"Polygon","coordinates":[[[139.7665979,35.5430115],[139.766583,35.5429952],[139.7666125,35.5429771],[139.7666274,35.5429934],[139.7665979,35.5430115]]]}},{"type":"Feature","properties":{"gmlId":"bldg_0a8543de-42db-4853-bb27-f901cc339cbd","name":null,"usage":"運輸倉庫施設","majorUsage":null,"usageCode":"431","majorUsageCode":null,"usageCodeSpace":"https://assets.cms.plateau.reearth.io/assets/2c/6a2f27-a1e1-466a-a8cf-4627060f7ca4/13111_ota-ku_pref_2025_citygml_1_op/codelists/Building_usage.xml","majorUsageCodeSpace":null,"measuredHeight":31.7,"storeysAboveGround":null,"rawMeasuredHeight":"31.7","rawStoreysAboveGround":"9999","category":"PUBLIC_TRANSPORT","city":"大田区","dataYear":2025,"geometrySource":"lod0RoofEdge","sourceMesh":"53392643"},"geometry":{"type":"Polygon","coordinates":[[[139.7914396,35.5408289],[139.7911754,35.5412095],[139.7909535,35.5411066],[139.7909555,35.5411037],[139.7909562,35.5411026],[139.7909349,35.5410927],[139.7912395,35.5406534],[139.7912383,35.5406439],[139.7912562,35.5406181],[139.7913192,35.5406473],[139.7913052,35.5406675],[139.7913253,35.5406768],[139.7913524,35.5406894],[139.7913586,35.5406805],[139.7914149,35.5407066],[139.7914087,35.5407155],[139.7914916,35.5407539],[139.7914691,35.5407864],[139.7914982,35.5408004],[139.791468,35.5408425],[139.7914396,35.5408289]]]}},{"type":"Feature","properties":{"gmlId":"bldg_a738683f-1086-439e-86c2-bca3c1d5fea2","name":null,"usage":"運輸倉庫施設","majorUsage":null,"usageCode":"431","majorUsageCode":null,"usageCodeSpace":"https://assets.cms.plateau.reearth.io/assets/2c/6a2f27-a1e1-466a-a8cf-4627060f7ca4/13111_ota-ku_pref_2025_citygml_1_op/codelists/Building_usage.xml","majorUsageCodeSpace":null,"measuredHeight":10.4,"storeysAboveGround":2,"rawMeasuredHeight":"10.4","rawStoreysAboveGround":"2","category":"PUBLIC_TRANSPORT","city":"大田区","dataYear":2025,"geometrySource":"lod0RoofEdge","sourceMesh":"53392643"},"geometry":{"type":"Polygon","coordinates":[[[139.7917577,35.5408898],[139.7917785,35.5408609],[139.7918265,35.5408839],[139.7918056,35.540913],[139.7918179,35.5409189],[139.7918279,35.5409045],[139.7918592,35.5409191],[139.7918489,35.5409339],[139.7919261,35.5409711],[139.791607,35.541413],[139.7915737,35.5413969],[139.7915698,35.5414023],[139.7915405,35.5413883],[139.7914621,35.5413546],[139.7914681,35.541346],[139.791428,35.5413266],[139.791747,35.5408847],[139.7917577,35.5408898]]]}},{"type":"Feature","properties":{"gmlId":"bldg_53467cf2-5e7f-4fe5-a50e-8d5618242957","name":null,"usage":"運輸倉庫施設","majorUsage":null,"usageCode":"431","majorUsageCode":null,"usageCodeSpace":"https://assets.cms.plateau.reearth.io/assets/2c/6a2f27-a1e1-466a-a8cf-4627060f7ca4/13111_ota-ku_pref_2025_citygml_1_op/codelists/Building_usage.xml","majorUsageCodeSpace":null,"measuredHeight":38.1,"storeysAboveGround":1,"rawMeasuredHeight":"38.1","rawStoreysAboveGround":"1","category":"PUBLIC_TRANSPORT","city":"大田区","dataYear":2025,"geometrySource":"lod0RoofEdge","sourceMesh":"53392643"},"geometry":{"type":"Polygon","coordinates":[[[139.7899905,35.5388467],[139.7909647,35.5392955],[139.7898896,35.5408095],[139.7889179,35.5403578],[139.7899905,35.5388467]]]}},{"type":"Feature","properties":{"gmlId":"bldg_2b41e06e-a5df-4348-ba9f-26c23178d778","name":null,"usage":"宿泊施設","majorUsage":null,"usageCode":"403","majorUsageCode":null,"usageCodeSpace":"https://assets.cms.plateau.reearth.io/assets/2c/6a2f27-a1e1-466a-a8cf-4627060f7ca4/13111_ota-ku_pref_2025_citygml_1_op/codelists/Building_usage.xml","majorUsageCodeSpace":null,"measuredHeight":48.3,"storeysAboveGround":10,"rawMeasuredHeight":"48.3","rawStoreysAboveGround":"10","category":"COMMERCIAL","city":"大田区","dataYear":2025,"geometrySource":"lod0RoofEdge","sourceMesh":"53392651"},"geometry":{"type":"Polygon","coordinates":[[[139.765571,35.543638],[139.7657435,35.543566],[139.7665525,35.5430689],[139.7666192,35.5431414],[139.7666316,35.5431338],[139.7666591,35.5431636],[139.7663114,35.5433773],[139.7663723,35.5434075],[139.7661467,35.5436944],[139.7661734,35.5437085],[139.7660205,35.543903],[139.7658457,35.5441253],[139.7659118,35.5441601],[139.7658286,35.544266],[139.7657625,35.5442313],[139.7656215,35.5444107],[139.7655946,35.5443966],[139.7652747,35.5448035],[139.7646414,35.5448817],[139.7646165,35.5448847],[139.7646157,35.5448804],[139.7645973,35.5448826],[139.7645841,35.5448112],[139.764608,35.5448083],[139.7645927,35.5447253],[139.764606,35.5447236],[139.7645925,35.5446504],[139.7645815,35.5446518],[139.7645681,35.5445792],[139.7645783,35.544578],[139.764574,35.5445548],[139.7645352,35.5444931],[139.7645163,35.544501],[139.7644424,35.5443827],[139.7644612,35.5443749],[139.7644422,35.5443445],[139.7644172,35.5443549],[139.7643534,35.5442529],[139.7643434,35.5442571],[139.7642964,35.5441818],[139.7642815,35.544158],[139.764278,35.5441524],[139.7647524,35.5439544],[139.7655134,35.5436368],[139.7655584,35.543618],[139.765571,35.543638]]]}},{"type":"Feature","properties":{"gmlId":"bldg_719d1eb4-3618-4924-8e73-aeaa37c520da","name":null,"usage":"運輸倉庫施設","majorUsage":null,"usageCode":"431","majorUsageCode":null,"usageCodeSpace":"https://assets.cms.plateau.reearth.io/assets/2c/6a2f27-a1e1-466a-a8cf-4627060f7ca4/13111_ota-ku_pref_2025_citygml_1_op/codelists/Building_usage.xml","majorUsageCodeSpace":null,"measuredHeight":23.3,"storeysAboveGround":5,"rawMeasuredHeight":"23.3","rawStoreysAboveGround":"5","category":"PUBLIC_TRANSPORT","city":"大田区","dataYear":2025,"geometrySource":"lod0RoofEdge","sourceMesh":"53392643"},"geometry":{"type":"Polygon","coordinates":[[[139.7917596,35.5403778],[139.7916845,35.5404841],[139.7916858,35.5404848],[139.7916743,35.5405011],[139.791673,35.5405005],[139.7916027,35.5406],[139.7916039,35.5406006],[139.7915949,35.5406134],[139.7915937,35.5406128],[139.7915638,35.5406551],[139.7915644,35.5406554],[139.7915427,35.540685],[139.7915169,35.5407215],[139.7915161,35.5407212],[139.7915003,35.5407427],[139.7914816,35.5407336],[139.7913552,35.540675],[139.7913708,35.5406526],[139.7913182,35.5406278],[139.7913175,35.5406287],[139.7912987,35.5406198],[139.7912994,35.5406189],[139.7912381,35.54059],[139.7912423,35.5405841],[139.791238,35.540582],[139.7912525,35.5405412],[139.7912859,35.5404948],[139.7913182,35.5404696],[139.7913319,35.5404311],[139.7913652,35.5403848],[139.7913954,35.5403613],[139.7914097,35.5403209],[139.791443,35.5402746],[139.791477,35.5402481],[139.7914789,35.540249],[139.7914808,35.5402463],[139.7917411,35.5403691],[139.7917596,35.5403778]]]}},{"type":"Feature","properties":{"gmlId":"bldg_d6b1cd39-0a7d-4eba-93dc-abba307fec38","name":null,"usage":"運輸倉庫施設","majorUsage":null,"usageCode":"431","majorUsageCode":null,"usageCodeSpace":"https://assets.cms.plateau.reearth.io/assets/2c/6a2f27-a1e1-466a-a8cf-4627060f7ca4/13111_ota-ku_pref_2025_citygml_1_op/codelists/Building_usage.xml","majorUsageCodeSpace":null,"measuredHeight":4.9,"storeysAboveGround":null,"rawMeasuredHeight":"4.9","rawStoreysAboveGround":"9999","category":"PUBLIC_TRANSPORT","city":"大田区","dataYear":2025,"geometrySource":"lod0RoofEdge","sourceMesh":"53392643"},"geometry":{"type":"Polygon","coordinates":[[[139.7917997,35.5399648],[139.791776,35.5399532],[139.7918176,35.5398967],[139.791899,35.5399367],[139.791858,35.5399925],[139.7918586,35.5399928],[139.7918455,35.5400103],[139.791787,35.5399816],[139.7917997,35.5399648]]]}},{"type":"Feature","properties":{"gmlId":"bldg_eb13e312-6e20-449d-b1d4-469b6d3cb507","name":null,"usage":"運輸倉庫施設","majorUsage":null,"usageCode":"431","majorUsageCode":null,"usageCodeSpace":"https://assets.cms.plateau.reearth.io/assets/2c/6a2f27-a1e1-466a-a8cf-4627060f7ca4/13111_ota-ku_pref_2025_citygml_1_op/codelists/Building_usage.xml","majorUsageCodeSpace":null,"measuredHeight":4.4,"storeysAboveGround":1,"rawMeasuredHeight":"4.4","rawStoreysAboveGround":"1","category":"PUBLIC_TRANSPORT","city":"大田区","dataYear":2025,"geometrySource":"lod0RoofEdge","sourceMesh":"53392653"},"geometry":{"type":"Polygon","coordinates":[[[139.7940085,35.5421516],[139.7940924,35.5421914],[139.7940229,35.5422893],[139.793939,35.5422495],[139.7940085,35.5421516]]]}},{"type":"Feature","properties":{"gmlId":"bldg_2a2a9bb9-fb20-4c2a-aa0a-66eceeb52fe0","name":null,"usage":"運輸倉庫施設","majorUsage":null,"usageCode":"431","majorUsageCode":null,"usageCodeSpace":"https://assets.cms.plateau.reearth.io/assets/2c/6a2f27-a1e1-466a-a8cf-4627060f7ca4/13111_ota-ku_pref_2025_citygml_1_op/codelists/Building_usage.xml","majorUsageCodeSpace":null,"measuredHeight":13.9,"storeysAboveGround":null,"rawMeasuredHeight":"13.9","rawStoreysAboveGround":"9999","category":"PUBLIC_TRANSPORT","city":"大田区","dataYear":2025,"geometrySource":"lod0RoofEdge","sourceMesh":"53392643"},"geometry":{"type":"Polygon","coordinates":[[[139.7919014,35.5403117],[139.7917265,35.5402299],[139.792007,35.53983],[139.7920821,35.5398653],[139.7920932,35.5398494],[139.792178,35.5398891],[139.7921636,35.5399097],[139.7921799,35.5399174],[139.7919014,35.5403117]]]}},{"type":"Feature","properties":{"gmlId":"bldg_48b27828-12e5-46bc-96bc-1b3b21690b57","name":null,"usage":"運輸倉庫施設","majorUsage":null,"usageCode":"431","majorUsageCode":null,"usageCodeSpace":"https://assets.cms.plateau.reearth.io/assets/2c/6a2f27-a1e1-466a-a8cf-4627060f7ca4/13111_ota-ku_pref_2025_citygml_1_op/codelists/Building_usage.xml","majorUsageCodeSpace":null,"measuredHeight":33.1,"storeysAboveGround":5,"rawMeasuredHeight":"33.1","rawStoreysAboveGround":"5","category":"PUBLIC_TRANSPORT","city":"大田区","dataYear":2025,"geometrySource":"lod0RoofEdge","sourceMesh":"53392643"},"geometry":{"type":"Polygon","coordinates":[[[139.7922131,35.5399342],[139.7922194,35.5399256],[139.7922796,35.5399552],[139.7922739,35.5399629],[139.7924694,35.5400553],[139.7925114,35.5401818],[139.7924563,35.5402597],[139.792458,35.5402605],[139.792463,35.5402704],[139.7924164,35.5403362],[139.7924058,35.540338],[139.7924021,35.5403363],[139.7923305,35.5404374],[139.7923045,35.5404742],[139.7922794,35.5405097],[139.7922453,35.5404936],[139.7918925,35.5403268],[139.792181,35.539919],[139.7922131,35.5399342]]]}},{"type":"Feature","properties":{"gmlId":"bldg_40dee9a9-9ecf-46d6-bdfa-c9cf87901f36","name":null,"usage":"商業施設","majorUsage":null,"usageCode":"402","majorUsageCode":null,"usageCodeSpace":"https://assets.cms.plateau.reearth.io/assets/2c/6a2f27-a1e1-466a-a8cf-4627060f7ca4/13111_ota-ku_pref_2025_citygml_1_op/codelists/Building_usage.xml","majorUsageCodeSpace":null,"measuredHeight":8,"storeysAboveGround":1,"rawMeasuredHeight":"8","rawStoreysAboveGround":"1","category":"COMMERCIAL","city":"大田区","dataYear":2025,"geometrySource":"lod0RoofEdge","sourceMesh":"53392643"},"geometry":{"type":"Polygon","coordinates":[[[139.7919347,35.5394196],[139.7919871,35.5394067],[139.7919825,35.5393798],[139.7920348,35.5393738],[139.7920615,35.5395293],[139.7920091,35.5395353],[139.7919996,35.5394796],[139.7919572,35.5394888],[139.7919679,35.5395218],[139.791853,35.5395468],[139.7918108,35.5394167],[139.7919257,35.5393917],[139.7919347,35.5394196]]]}},{"type":"Feature","properties":{"gmlId":"bldg_1eebf026-dae1-428c-8da0-e4367780256e","name":null,"usage":"運輸倉庫施設","majorUsage":null,"usageCode":"431","majorUsageCode":null,"usageCodeSpace":"https://assets.cms.plateau.reearth.io/assets/2c/6a2f27-a1e1-466a-a8cf-4627060f7ca4/13111_ota-ku_pref_2025_citygml_1_op/codelists/Building_usage.xml","majorUsageCodeSpace":null,"measuredHeight":4.2,"storeysAboveGround":2,"rawMeasuredHeight":"4.2","rawStoreysAboveGround":"2","category":"PUBLIC_TRANSPORT","city":"大田区","dataYear":2025,"geometrySource":"lod0RoofEdge","sourceMesh":"53392650"},"geometry":{"type":"Polygon","coordinates":[[[139.7624297,35.5467036],[139.7624832,35.5466944],[139.7624954,35.5467474],[139.7624419,35.5467554],[139.7624297,35.5467036]]]}},{"type":"Feature","properties":{"gmlId":"bldg_31f6966e-85d0-4095-a108-c5c960d3ab0d","name":null,"usage":"運輸倉庫施設","majorUsage":null,"usageCode":"431","majorUsageCode":null,"usageCodeSpace":"https://assets.cms.plateau.reearth.io/assets/2c/6a2f27-a1e1-466a-a8cf-4627060f7ca4/13111_ota-ku_pref_2025_citygml_1_op/codelists/Building_usage.xml","majorUsageCodeSpace":null,"measuredHeight":null,"storeysAboveGround":2,"rawMeasuredHeight":"-9999","rawStoreysAboveGround":"2","category":"PUBLIC_TRANSPORT","city":"大田区","dataYear":2025,"geometrySource":"lod0RoofEdge","sourceMesh":"53392650"},"geometry":{"type":"Polygon","coordinates":[[[139.7622971,35.5467573],[139.7623752,35.5467425],[139.7623878,35.5467955],[139.7623096,35.546809],[139.7622971,35.5467573]]]}},{"type":"Feature","properties":{"gmlId":"bldg_f8242093-d192-46c9-9cf8-3f6b303f2682","name":null,"usage":"運輸倉庫施設","majorUsage":null,"usageCode":"431","majorUsageCode":null,"usageCodeSpace":"https://assets.cms.plateau.reearth.io/assets/2c/6a2f27-a1e1-466a-a8cf-4627060f7ca4/13111_ota-ku_pref_2025_citygml_1_op/codelists/Building_usage.xml","majorUsageCodeSpace":null,"measuredHeight":4.2,"storeysAboveGround":2,"rawMeasuredHeight":"4.2","rawStoreysAboveGround":"2","category":"PUBLIC_TRANSPORT","city":"大田区","dataYear":2025,"geometrySource":"lod0RoofEdge","sourceMesh":"53392650"},"geometry":{"type":"Polygon","coordinates":[[[139.7623141,35.546888],[139.7622308,35.546901],[139.7622227,35.5468629],[139.7622086,35.5468648],[139.7622022,35.5468348],[139.7622394,35.546829],[139.7622408,35.5468358],[139.7623011,35.5468253],[139.7623141,35.546888]]]}},{"type":"Feature","properties":{"gmlId":"bldg_0396026c-b58e-4548-adff-16d172eac805","name":null,"usage":"運輸倉庫施設","majorUsage":null,"usageCode":"431","majorUsageCode":null,"usageCodeSpace":"https://assets.cms.plateau.reearth.io/assets/2c/6a2f27-a1e1-466a-a8cf-4627060f7ca4/13111_ota-ku_pref_2025_citygml_1_op/codelists/Building_usage.xml","majorUsageCodeSpace":null,"measuredHeight":43.1,"storeysAboveGround":1,"rawMeasuredHeight":"43.1","rawStoreysAboveGround":"1","category":"PUBLIC_TRANSPORT","city":"大田区","dataYear":2025,"geometrySource":"lod0RoofEdge","sourceMesh":"53392643"},"geometry":{"type":"Polygon","coordinates":[[[139.7917917,35.5381667],[139.79177,35.5381564],[139.7917533,35.5381799],[139.7920938,35.5383448],[139.7918973,35.5386208],[139.7919281,35.538635],[139.7918972,35.5386797],[139.7918657,35.5386652],[139.7916675,35.5389436],[139.7913289,35.5387785],[139.7911787,35.5389903],[139.7915117,35.5391475],[139.7915158,35.5391529],[139.7915148,35.5391596],[139.7913681,35.5393652],[139.7913601,35.5393673],[139.7913529,35.5393669],[139.7912654,35.5393256],[139.7912625,35.5393297],[139.7911336,35.5392683],[139.7911363,35.5392646],[139.7910223,35.5392108],[139.7910206,35.5392132],[139.7900606,35.5387564],[139.7900243,35.5387431],[139.791105,35.5372198],[139.7911229,35.5372281],[139.7911389,35.5372356],[139.7921008,35.5376899],[139.7919254,35.5379373],[139.7921086,35.5380235],[139.7921234,35.538037],[139.7921344,35.5380539],[139.7921373,35.5380726],[139.7921341,35.5380939],[139.7920724,35.5381816],[139.7920525,35.5381933],[139.7920329,35.5381983],[139.7920087,35.5381997],[139.7919802,35.5381954],[139.7918237,35.5381218],[139.7917917,35.5381667]]]}},{"type":"Feature","properties":{"gmlId":"bldg_570a6c35-3781-4158-9a41-641bdba5433b","name":null,"usage":"運輸倉庫施設","majorUsage":null,"usageCode":"431","majorUsageCode":null,"usageCodeSpace":"https://assets.cms.plateau.reearth.io/assets/2c/6a2f27-a1e1-466a-a8cf-4627060f7ca4/13111_ota-ku_pref_2025_citygml_1_op/codelists/Building_usage.xml","majorUsageCodeSpace":null,"measuredHeight":5.1,"storeysAboveGround":2,"rawMeasuredHeight":"5.1","rawStoreysAboveGround":"2","category":"PUBLIC_TRANSPORT","city":"大田区","dataYear":2025,"geometrySource":"lod0RoofEdge","sourceMesh":"53392650"},"geometry":{"type":"Polygon","coordinates":[[[139.7624439,35.5460522],[139.7624468,35.5460662],[139.762465,35.5460636],[139.7624785,35.54613],[139.7624759,35.5461304],[139.7624772,35.5461371],[139.7624112,35.5461471],[139.7624097,35.5461396],[139.7623237,35.5461517],[139.7623101,35.5460853],[139.7623547,35.5460791],[139.7623523,35.5460673],[139.7623802,35.5460618],[139.7624439,35.5460522]]]}},{"type":"Feature","properties":{"gmlId":"bldg_276726a6-8dda-45e2-ae35-3f7a26aac3c0","name":null,"usage":"運輸倉庫施設","majorUsage":null,"usageCode":"431","majorUsageCode":null,"usageCodeSpace":"https://assets.cms.plateau.reearth.io/assets/2c/6a2f27-a1e1-466a-a8cf-4627060f7ca4/13111_ota-ku_pref_2025_citygml_1_op/codelists/Building_usage.xml","majorUsageCodeSpace":null,"measuredHeight":5,"storeysAboveGround":2,"rawMeasuredHeight":"5","rawStoreysAboveGround":"2","category":"PUBLIC_TRANSPORT","city":"大田区","dataYear":2025,"geometrySource":"lod0RoofEdge","sourceMesh":"53392650"},"geometry":{"type":"Polygon","coordinates":[[[139.7623595,35.5459752],[139.7624422,35.5459639],[139.7624554,35.5460288],[139.7624591,35.5460283],[139.7624612,35.5460398],[139.7624271,35.546045],[139.7624252,35.5460344],[139.7623249,35.5460482],[139.7623188,35.546018],[139.7622974,35.5460207],[139.7622898,35.5459835],[139.7623594,35.5459747],[139.7623595,35.5459752]]]}},{"type":"Feature","properties":{"gmlId":"bldg_7a175751-cb62-45cb-9373-d894fcd543cb","name":null,"usage":"運輸倉庫施設","majorUsage":null,"usageCode":"431","majorUsageCode":null,"usageCodeSpace":"https://assets.cms.plateau.reearth.io/assets/2c/6a2f27-a1e1-466a-a8cf-4627060f7ca4/13111_ota-ku_pref_2025_citygml_1_op/codelists/Building_usage.xml","majorUsageCodeSpace":null,"measuredHeight":4.9,"storeysAboveGround":2,"rawMeasuredHeight":"4.9","rawStoreysAboveGround":"2","category":"PUBLIC_TRANSPORT","city":"大田区","dataYear":2025,"geometrySource":"lod0RoofEdge","sourceMesh":"53392650"},"geometry":{"type":"Polygon","coordinates":[[[139.7623575,35.5458707],[139.7624067,35.5458632],[139.7624087,35.545873],[139.7624122,35.5458726],[139.7624259,35.5459402],[139.7622967,35.5459578],[139.7622829,35.5458902],[139.7623303,35.5458837],[139.7623289,35.5458765],[139.7623575,35.5458707]]]}},{"type":"Feature","properties":{"gmlId":"bldg_d7f1b795-f805-4c38-8327-94fa4e008f93","name":null,"usage":"運輸倉庫施設","majorUsage":null,"usageCode":"431","majorUsageCode":null,"usageCodeSpace":"https://assets.cms.plateau.reearth.io/assets/2c/6a2f27-a1e1-466a-a8cf-4627060f7ca4/13111_ota-ku_pref_2025_citygml_1_op/codelists/Building_usage.xml","majorUsageCodeSpace":null,"measuredHeight":33.9,"storeysAboveGround":8,"rawMeasuredHeight":"33.9","rawStoreysAboveGround":"8","category":"PUBLIC_TRANSPORT","city":"大田区","dataYear":2025,"geometrySource":"lod0RoofEdge","sourceMesh":"53392643"},"geometry":{"type":"Polygon","coordinates":[[[139.7928835,35.5390738],[139.7928879,35.5390759],[139.7928416,35.5391404],[139.7925916,35.5390206],[139.7926379,35.5389561],[139.792641,35.5389576],[139.7926679,35.5389192],[139.792912,35.5390331],[139.7928835,35.5390738]]]}},{"type":"Feature","properties":{"gmlId":"bldg_9dc96fd6-7fee-48bb-88c8-35ffc81cf292","name":null,"usage":"運輸倉庫施設","majorUsage":null,"usageCode":"431","majorUsageCode":null,"usageCodeSpace":"https://assets.cms.plateau.reearth.io/assets/2c/6a2f27-a1e1-466a-a8cf-4627060f7ca4/13111_ota-ku_pref_2025_citygml_1_op/codelists/Building_usage.xml","majorUsageCodeSpace":null,"measuredHeight":5.6,"storeysAboveGround":2,"rawMeasuredHeight":"5.6","rawStoreysAboveGround":"2","category":"PUBLIC_TRANSPORT","city":"大田区","dataYear":2025,"geometrySource":"lod0RoofEdge","sourceMesh":"53392650"},"geometry":{"type":"Polygon","coordinates":[[[139.7619588,35.5456416],[139.7619751,35.5456393],[139.7619754,35.5456407],[139.7620766,35.5456263],[139.7621145,35.5457917],[139.7620124,35.5458058],[139.7620032,35.5457656],[139.762001,35.5457661],[139.7620059,35.54579],[139.7619896,35.5457923],[139.7619588,35.5456416]]]}},{"type":"Feature","properties":{"gmlId":"bldg_4ec3a5ea-6fa1-467b-a887-b168e0a94920","name":null,"usage":"運輸倉庫施設","majorUsage":null,"usageCode":"431","majorUsageCode":null,"usageCodeSpace":"https://assets.cms.plateau.reearth.io/assets/2c/6a2f27-a1e1-466a-a8cf-4627060f7ca4/13111_ota-ku_pref_2025_citygml_1_op/codelists/Building_usage.xml","majorUsageCodeSpace":null,"measuredHeight":5.5,"storeysAboveGround":2,"rawMeasuredHeight":"5.5","rawStoreysAboveGround":"2","category":"PUBLIC_TRANSPORT","city":"大田区","dataYear":2025,"geometrySource":"lod0RoofEdge","sourceMesh":"53392650"},"geometry":{"type":"Polygon","coordinates":[[[139.7619376,35.5456393],[139.7619539,35.5456369],[139.7619785,35.5457491],[139.7619622,35.5457515],[139.7619615,35.5457483],[139.7618608,35.5457628],[139.7618389,35.5456589],[139.7619388,35.5456446],[139.7619376,35.5456393]]]}},{"type":"Feature","properties":{"gmlId":"bldg_942bfb9c-ecd4-4ece-9250-970bd603facb","name":null,"usage":"運輸倉庫施設","majorUsage":null,"usageCode":"431","majorUsageCode":null,"usageCodeSpace":"https://assets.cms.plateau.reearth.io/assets/2c/6a2f27-a1e1-466a-a8cf-4627060f7ca4/13111_ota-ku_pref_2025_citygml_1_op/codelists/Building_usage.xml","majorUsageCodeSpace":null,"measuredHeight":5.9,"storeysAboveGround":2,"rawMeasuredHeight":"5.9","rawStoreysAboveGround":"2","category":"PUBLIC_TRANSPORT","city":"大田区","dataYear":2025,"geometrySource":"lod0RoofEdge","sourceMesh":"53392650"},"geometry":{"type":"Polygon","coordinates":[[[139.7616409,35.5456811],[139.7617745,35.5456609],[139.7617937,35.5457483],[139.7616601,35.5457684],[139.7616409,35.5456811]]]}},{"type":"Feature","properties":{"gmlId":"bldg_1c251a6d-b3e4-4882-9686-3cda70c9669a","name":null,"usage":"運輸倉庫施設","majorUsage":null,"usageCode":"431","majorUsageCode":null,"usageCodeSpace":"https://assets.cms.plateau.reearth.io/assets/2c/6a2f27-a1e1-466a-a8cf-4627060f7ca4/13111_ota-ku_pref_2025_citygml_1_op/codelists/Building_usage.xml","majorUsageCodeSpace":null,"measuredHeight":null,"storeysAboveGround":2,"rawMeasuredHeight":"-9999","rawStoreysAboveGround":"2","category":"PUBLIC_TRANSPORT","city":"大田区","dataYear":2025,"geometrySource":"lod0RoofEdge","sourceMesh":"53392650"},"geometry":{"type":"Polygon","coordinates":[[[139.7615235,35.5457036],[139.7616004,35.545693],[139.7616115,35.5457446],[139.7615346,35.5457552],[139.7615235,35.5457036]]]}},{"type":"Feature","properties":{"gmlId":"bldg_17c7f04d-c4e7-4f4a-9e02-f0fb4dfd1050","name":null,"usage":"運輸倉庫施設","majorUsage":null,"usageCode":"431","majorUsageCode":null,"usageCodeSpace":"https://assets.cms.plateau.reearth.io/assets/2c/6a2f27-a1e1-466a-a8cf-4627060f7ca4/13111_ota-ku_pref_2025_citygml_1_op/codelists/Building_usage.xml","majorUsageCodeSpace":null,"measuredHeight":5.2,"storeysAboveGround":2,"rawMeasuredHeight":"5.2","rawStoreysAboveGround":"2","category":"PUBLIC_TRANSPORT","city":"大田区","dataYear":2025,"geometrySource":"lod0RoofEdge","sourceMesh":"53392650"},"geometry":{"type":"Polygon","coordinates":[[[139.7614471,35.5457674],[139.7614624,35.545833],[139.7614608,35.5458332],[139.7614638,35.5458463],[139.7614086,35.5458551],[139.7614055,35.5458417],[139.7613839,35.5458451],[139.7613715,35.5457918],[139.7612169,35.5458158],[139.761214,35.5458036],[139.761166,35.5458111],[139.7611504,35.5457437],[139.7614322,35.5456999],[139.7614477,35.5457673],[139.7614471,35.5457674]]]}},{"type":"Feature","properties":{"gmlId":"bldg_5e6b97aa-be0f-4867-a260-7d39a36916bf","name":null,"usage":"運輸倉庫施設","majorUsage":null,"usageCode":"431","majorUsageCode":null,"usageCodeSpace":"https://assets.cms.plateau.reearth.io/assets/2c/6a2f27-a1e1-466a-a8cf-4627060f7ca4/13111_ota-ku_pref_2025_citygml_1_op/codelists/Building_usage.xml","majorUsageCodeSpace":null,"measuredHeight":5.4,"storeysAboveGround":2,"rawMeasuredHeight":"5.4","rawStoreysAboveGround":"2","category":"PUBLIC_TRANSPORT","city":"大田区","dataYear":2025,"geometrySource":"lod0RoofEdge","sourceMesh":"53392650"},"geometry":{"type":"Polygon","coordinates":[[[139.7612047,35.545871],[139.7612099,35.5458702],[139.7612002,35.5458282],[139.7613294,35.545809],[139.7613388,35.5458496],[139.7613405,35.5458493],[139.761351,35.5458854],[139.7612858,35.5458959],[139.761284,35.5458883],[139.7612134,35.5458993],[139.7612047,35.545871]]]}},{"type":"Feature","properties":{"gmlId":"bldg_15a2b5fb-05d6-46ee-8677-f318a842df55","name":null,"usage":"運輸倉庫施設","majorUsage":null,"usageCode":"431","majorUsageCode":null,"usageCodeSpace":"https://assets.cms.plateau.reearth.io/assets/2c/6a2f27-a1e1-466a-a8cf-4627060f7ca4/13111_ota-ku_pref_2025_citygml_1_op/codelists/Building_usage.xml","majorUsageCodeSpace":null,"measuredHeight":19.8,"storeysAboveGround":1,"rawMeasuredHeight":"19.8","rawStoreysAboveGround":"1","category":"PUBLIC_TRANSPORT","city":"大田区","dataYear":2025,"geometrySource":"lod0RoofEdge","sourceMesh":"53392643"},"geometry":{"type":"Polygon","coordinates":[[[139.7928454,35.5372922],[139.7929953,35.537363],[139.7927043,35.5377751],[139.7925544,35.5377043],[139.7928454,35.5372922]]]}},{"type":"Feature","properties":{"gmlId":"bldg_28d431ae-38b7-4c43-a3c0-94d59e84ea70","name":null,"usage":"運輸倉庫施設","majorUsage":null,"usageCode":"431","majorUsageCode":null,"usageCodeSpace":"https://assets.cms.plateau.reearth.io/assets/2c/6a2f27-a1e1-466a-a8cf-4627060f7ca4/13111_ota-ku_pref_2025_citygml_1_op/codelists/Building_usage.xml","majorUsageCodeSpace":null,"measuredHeight":35.4,"storeysAboveGround":1,"rawMeasuredHeight":"35.4","rawStoreysAboveGround":"1","category":"PUBLIC_TRANSPORT","city":"大田区","dataYear":2025,"geometrySource":"lod0RoofEdge","sourceMesh":"53392643"},"geometry":{"type":"Polygon","coordinates":[[[139.7939435,35.5373751],[139.7939951,35.5373996],[139.7938284,35.5376337],[139.7938782,35.5376573],[139.7935273,35.53815],[139.7935177,35.5381454],[139.7935041,35.5381645],[139.7930036,35.5379266],[139.7930171,35.5379076],[139.7930043,35.5379015],[139.7930588,35.5378248],[139.7930266,35.5378095],[139.7932739,35.5374622],[139.7933086,35.5374741],[139.7935213,35.5371754],[139.793511,35.5371705],[139.7934611,35.5372441],[139.793547,35.5369342],[139.7935766,35.5368866],[139.7936601,35.5369699],[139.7936383,35.5369933],[139.7936481,35.5369973],[139.7936881,35.5369411],[139.7941099,35.5371415],[139.7939435,35.5373751]]]}},{"type":"Feature","properties":{"gmlId":"bldg_3aa6af0b-8fee-4a3c-b17f-5693e63bc21d","name":null,"usage":"運輸倉庫施設","majorUsage":null,"usageCode":"431","majorUsageCode":null,"usageCodeSpace":"https://assets.cms.plateau.reearth.io/assets/2c/6a2f27-a1e1-466a-a8cf-4627060f7ca4/13111_ota-ku_pref_2025_citygml_1_op/codelists/Building_usage.xml","majorUsageCodeSpace":null,"measuredHeight":27.3,"storeysAboveGround":1,"rawMeasuredHeight":"27.3","rawStoreysAboveGround":"1","category":"PUBLIC_TRANSPORT","city":"大田区","dataYear":2025,"geometrySource":"lod0RoofEdge","sourceMesh":"53392643"},"geometry":{"type":"Polygon","coordinates":[[[139.7956256,35.5379232],[139.7958038,35.5376711],[139.7960648,35.5377945],[139.7960926,35.5377561],[139.796095,35.5377573],[139.7962353,35.5378253],[139.7962374,35.5378263],[139.7962123,35.5378609],[139.7962768,35.5378915],[139.796245,35.5379364],[139.7962723,35.5379489],[139.7962231,35.5380206],[139.7962749,35.5380452],[139.7959619,35.5384874],[139.7960036,35.5385072],[139.7960039,35.5385071],[139.7960043,35.5385075],[139.7960071,35.5385088],[139.7959505,35.5385887],[139.7959461,35.5385949],[139.795901,35.5385736],[139.7956707,35.538899],[139.7954954,35.5388161],[139.7954803,35.5388368],[139.7956546,35.5389191],[139.7953329,35.539374],[139.7953407,35.5393776],[139.7953733,35.5393308],[139.7953849,35.5393362],[139.7953524,35.5393829],[139.7953348,35.5394086],[139.7953149,35.5393994],[139.7948988,35.5399875],[139.7948748,35.5399762],[139.7948197,35.540054],[139.7947823,35.5400363],[139.7947513,35.5400812],[139.7946845,35.5400503],[139.7947159,35.5400049],[139.7946592,35.5399781],[139.7946336,35.5400132],[139.7946296,35.5400187],[139.7944996,35.5399555],[139.7945282,35.5399162],[139.7944092,35.5398599],[139.7949498,35.5390957],[139.794926,35.5390846],[139.794904,35.5390762],[139.7948988,35.5390721],[139.7948964,35.5390667],[139.7948984,35.5390598],[139.7949028,35.5390568],[139.7949083,35.539056],[139.7949125,35.5390565],[139.7949163,35.5390587],[139.7949463,35.5390713],[139.794962,35.5390785],[139.795015,35.5390036],[139.7949002,35.5389487],[139.7949024,35.5389457],[139.7949021,35.5389455],[139.7949202,35.5389209],[139.7951057,35.5386616],[139.7952187,35.5387157],[139.7952195,35.5387145],[139.7953926,35.5387963],[139.7954082,35.5387749],[139.7951208,35.538639],[139.7954669,35.5381499],[139.7954658,35.5381494],[139.7955056,35.538093],[139.7955034,35.538092],[139.7954254,35.5382028],[139.795362,35.538173],[139.7953654,35.5381682],[139.7953747,35.5381551],[139.7953609,35.5381484],[139.7954278,35.5380566],[139.7953863,35.5380372],[139.7954491,35.5379476],[139.7954495,35.5379478],[139.7955046,35.5378666],[139.7956256,35.5379232]],[[139.7949092,35.5390643],[139.7949076,35.5390667],[139.7949087,35.5390688],[139.79493,35.5390788],[139.7949428,35.5390848],[139.7949466,35.5390793],[139.7949421,35.5390772],[139.7949118,35.5390651],[139.7949092,35.5390643]]]}},{"type":"Feature","properties":{"gmlId":"bldg_6fc1e0d2-0afe-4ace-ad0f-3602892f2f6a","name":null,"usage":"運輸倉庫施設","majorUsage":null,"usageCode":"431","majorUsageCode":null,"usageCodeSpace":"https://assets.cms.plateau.reearth.io/assets/2c/6a2f27-a1e1-466a-a8cf-4627060f7ca4/13111_ota-ku_pref_2025_citygml_1_op/codelists/Building_usage.xml","majorUsageCodeSpace":null,"measuredHeight":43.2,"storeysAboveGround":1,"rawMeasuredHeight":"43.2","rawStoreysAboveGround":"1","category":"PUBLIC_TRANSPORT","city":"大田区","dataYear":2025,"geometrySource":"lod0RoofEdge","sourceMesh":"53392643"},"geometry":{"type":"Polygon","coordinates":[[[139.7940518,35.5361982],[139.7938858,35.5364309],[139.7935593,35.5362753],[139.7925545,35.537701],[139.7925513,35.5376995],[139.7924959,35.5377774],[139.7923742,35.5377196],[139.792372,35.5377185],[139.7922609,35.5376656],[139.7921914,35.5376326],[139.7921907,35.5376337],[139.7911916,35.5371618],[139.791153,35.5371503],[139.792443,35.5353292],[139.7924788,35.5353452],[139.7924844,35.5353478],[139.7934712,35.5358113],[139.7937832,35.5359575],[139.7937802,35.5359618],[139.7940249,35.5360782],[139.7939678,35.5361581],[139.7940518,35.5361982]]]}},{"type":"Feature","properties":{"gmlId":"bldg_5fe191ef-de8d-472d-86de-8fda9561cc2c","name":null,"usage":"運輸倉庫施設","majorUsage":null,"usageCode":"431","majorUsageCode":null,"usageCodeSpace":"https://assets.cms.plateau.reearth.io/assets/2c/6a2f27-a1e1-466a-a8cf-4627060f7ca4/13111_ota-ku_pref_2025_citygml_1_op/codelists/Building_usage.xml","majorUsageCodeSpace":null,"measuredHeight":3,"storeysAboveGround":4,"rawMeasuredHeight":"3","rawStoreysAboveGround":"4","category":"PUBLIC_TRANSPORT","city":"大田区","dataYear":2025,"geometrySource":"lod0RoofEdge","sourceMesh":"53392643"},"geometry":{"type":"Polygon","coordinates":[[[139.7933383,35.5368014],[139.7933958,35.5368286],[139.793305,35.5369571],[139.7932475,35.53693],[139.7933383,35.5368014]]]}},{"type":"Feature","properties":{"gmlId":"bldg_e72ef354-92c9-4dd9-9e7f-fbd137977054","name":null,"usage":"運輸倉庫施設","majorUsage":null,"usageCode":"431","majorUsageCode":null,"usageCodeSpace":"https://assets.cms.plateau.reearth.io/assets/2c/6a2f27-a1e1-466a-a8cf-4627060f7ca4/13111_ota-ku_pref_2025_citygml_1_op/codelists/Building_usage.xml","majorUsageCodeSpace":null,"measuredHeight":3.4,"storeysAboveGround":1,"rawMeasuredHeight":"3.4","rawStoreysAboveGround":"1","category":"PUBLIC_TRANSPORT","city":"大田区","dataYear":2025,"geometrySource":"lod0RoofEdge","sourceMesh":"53392643"},"geometry":{"type":"Polygon","coordinates":[[[139.7935174,35.5366595],[139.7934574,35.5366314],[139.7935145,35.53655],[139.7935745,35.5365781],[139.7935174,35.5366595]]]}},{"type":"Feature","properties":{"gmlId":"bldg_65b53aee-6f88-4f02-969a-b23cda58b063","name":null,"usage":"運輸倉庫施設","majorUsage":null,"usageCode":"431","majorUsageCode":null,"usageCodeSpace":"https://assets.cms.plateau.reearth.io/assets/2c/6a2f27-a1e1-466a-a8cf-4627060f7ca4/13111_ota-ku_pref_2025_citygml_1_op/codelists/Building_usage.xml","majorUsageCodeSpace":null,"measuredHeight":5.5,"storeysAboveGround":1,"rawMeasuredHeight":"5.5","rawStoreysAboveGround":"1","category":"PUBLIC_TRANSPORT","city":"大田区","dataYear":2025,"geometrySource":"lod0RoofEdge","sourceMesh":"53392643"},"geometry":{"type":"Polygon","coordinates":[[[139.7940264,35.5369637],[139.7938397,35.5368752],[139.7939199,35.5367621],[139.7941066,35.5368506],[139.7940264,35.5369637]]]}},{"type":"Feature","properties":{"gmlId":"bldg_8bdbc6ce-14c8-4b67-b56d-e1e36e4edd78","name":null,"usage":"運輸倉庫施設","majorUsage":null,"usageCode":"431","majorUsageCode":null,"usageCodeSpace":"https://assets.cms.plateau.reearth.io/assets/2c/6a2f27-a1e1-466a-a8cf-4627060f7ca4/13111_ota-ku_pref_2025_citygml_1_op/codelists/Building_usage.xml","majorUsageCodeSpace":null,"measuredHeight":20.2,"storeysAboveGround":2,"rawMeasuredHeight":"20.2","rawStoreysAboveGround":"2","category":"PUBLIC_TRANSPORT","city":"大田区","dataYear":2025,"geometrySource":"lod0RoofEdge","sourceMesh":"53392643"},"geometry":{"type":"Polygon","coordinates":[[[139.796448,35.5373721],[139.7964506,35.5373792],[139.7964519,35.5373923],[139.7964449,35.5374128],[139.7964384,35.5374276],[139.796419,35.5374556],[139.7964288,35.5374604],[139.7964066,35.5374909],[139.7963975,35.5374865],[139.7963387,35.5375713],[139.7963266,35.5375867],[139.7963128,35.5376018],[139.7963001,35.5376124],[139.79629,35.5376201],[139.7962781,35.5376253],[139.7962679,35.5376274],[139.7962603,35.5376259],[139.7960213,35.5375133],[139.7960221,35.5375121],[139.7959196,35.5374631],[139.7959124,35.5374726],[139.7958749,35.5374549],[139.7958823,35.5374452],[139.7958658,35.5374373],[139.7958585,35.5374469],[139.7958209,35.5374293],[139.7958284,35.5374194],[139.7957943,35.5374031],[139.7958608,35.5373102],[139.7958181,35.5372891],[139.7958465,35.5372506],[139.7958886,35.5372714],[139.7959328,35.5372097],[139.7960509,35.5372663],[139.7960776,35.5372264],[139.7961019,35.5372373],[139.7960748,35.5372777],[139.7960826,35.5372815],[139.7961281,35.537218],[139.7962099,35.5372572],[139.7962095,35.5372579],[139.7964411,35.5373667],[139.796448,35.5373721]]]}},{"type":"Feature","properties":{"gmlId":"bldg_28800b32-034c-4e38-b2ef-bf54ec17a249","name":null,"usage":"運輸倉庫施設","majorUsage":null,"usageCode":"431","majorUsageCode":null,"usageCodeSpace":"https://assets.cms.plateau.reearth.io/assets/2c/6a2f27-a1e1-466a-a8cf-4627060f7ca4/13111_ota-ku_pref_2025_citygml_1_op/codelists/Building_usage.xml","majorUsageCodeSpace":null,"measuredHeight":8.6,"storeysAboveGround":2,"rawMeasuredHeight":"8.6","rawStoreysAboveGround":"2","category":"PUBLIC_TRANSPORT","city":"大田区","dataYear":2025,"geometrySource":"lod0RoofEdge","sourceMesh":"53392643"},"geometry":{"type":"Polygon","coordinates":[[[139.7962537,35.5367269],[139.796826,35.5369969],[139.7966432,35.5372558],[139.796071,35.5369858],[139.7962537,35.5367269]]]}},{"type":"Feature","properties":{"gmlId":"bldg_21810d48-e00a-4411-b516-f477a70847bd","name":null,"usage":"商業施設","majorUsage":null,"usageCode":"402","majorUsageCode":null,"usageCodeSpace":"https://assets.cms.plateau.reearth.io/assets/2c/6a2f27-a1e1-466a-a8cf-4627060f7ca4/13111_ota-ku_pref_2025_citygml_1_op/codelists/Building_usage.xml","majorUsageCodeSpace":null,"measuredHeight":4.7,"storeysAboveGround":1,"rawMeasuredHeight":"4.7","rawStoreysAboveGround":"1","category":"COMMERCIAL","city":"大田区","dataYear":2025,"geometrySource":"lod0RoofEdge","sourceMesh":"53392650"},"geometry":{"type":"Polygon","coordinates":[[[139.7572719,35.547355],[139.7572164,35.5473095],[139.7573017,35.5472399],[139.7573573,35.5472854],[139.7572719,35.547355]]]}},{"type":"Feature","properties":{"gmlId":"bldg_fa0363fd-f301-4504-9287-66d21863e953","name":null,"usage":"商業施設","majorUsage":null,"usageCode":"402","majorUsageCode":null,"usageCodeSpace":"https://assets.cms.plateau.reearth.io/assets/2c/6a2f27-a1e1-466a-a8cf-4627060f7ca4/13111_ota-ku_pref_2025_citygml_1_op/codelists/Building_usage.xml","majorUsageCodeSpace":null,"measuredHeight":15.5,"storeysAboveGround":1,"rawMeasuredHeight":"15.5","rawStoreysAboveGround":"1","category":"COMMERCIAL","city":"大田区","dataYear":2025,"geometrySource":"lod0RoofEdge","sourceMesh":"53392650"},"geometry":{"type":"Polygon","coordinates":[[[139.7568886,35.5479175],[139.7568089,35.5480244],[139.7567813,35.5480014],[139.7567761,35.5480056],[139.7566426,35.5478948],[139.7565405,35.5478102],[139.7566524,35.5477201],[139.7566915,35.5476886],[139.756719,35.5477114],[139.7568216,35.5476288],[139.7567941,35.547606],[139.7569087,35.5475137],[139.7569411,35.5475406],[139.7570884,35.547422],[139.7571931,35.5475088],[139.7570787,35.5476624],[139.7568886,35.5479175]]]}},{"type":"Feature","properties":{"gmlId":"bldg_c5bb8303-acec-4b13-85d1-6ec58dd2057f","name":null,"usage":"運輸倉庫施設","majorUsage":null,"usageCode":"431","majorUsageCode":null,"usageCodeSpace":"https://assets.cms.plateau.reearth.io/assets/2c/6a2f27-a1e1-466a-a8cf-4627060f7ca4/13111_ota-ku_pref_2025_citygml_1_op/codelists/Building_usage.xml","majorUsageCodeSpace":null,"measuredHeight":8.5,"storeysAboveGround":2,"rawMeasuredHeight":"8.5","rawStoreysAboveGround":"2","category":"PUBLIC_TRANSPORT","city":"大田区","dataYear":2025,"geometrySource":"lod0RoofEdge","sourceMesh":"53392643"},"geometry":{"type":"Polygon","coordinates":[[[139.7961524,35.5361681],[139.7969233,35.5365345],[139.7968587,35.5366254],[139.7960878,35.536259],[139.7961524,35.5361681]]]}},{"type":"Feature","properties":{"gmlId":"bldg_a83102bf-b0f3-4d7f-a15e-ac23bff7e666","name":null,"usage":"商業施設","majorUsage":null,"usageCode":"402","majorUsageCode":null,"usageCodeSpace":"https://assets.cms.plateau.reearth.io/assets/2c/6a2f27-a1e1-466a-a8cf-4627060f7ca4/13111_ota-ku_pref_2025_citygml_1_op/codelists/Building_usage.xml","majorUsageCodeSpace":null,"measuredHeight":18.5,"storeysAboveGround":1,"rawMeasuredHeight":"18.5","rawStoreysAboveGround":"1","category":"COMMERCIAL","city":"大田区","dataYear":2025,"geometrySource":"lod0RoofEdge","sourceMesh":"53392650"},"geometry":{"type":"Polygon","coordinates":[[[139.7569153,35.5473608],[139.7567702,35.5474773],[139.7567562,35.5474657],[139.756439,35.5477201],[139.7561215,35.5474558],[139.7565457,35.5471156],[139.7568619,35.5473789],[139.7569002,35.5473482],[139.7569153,35.5473608]]]}},{"type":"Feature","properties":{"gmlId":"bldg_8790a983-c786-4a06-989a-fc5793016a8a","name":null,"usage":"宿泊施設","majorUsage":null,"usageCode":"403","majorUsageCode":null,"usageCodeSpace":"https://assets.cms.plateau.reearth.io/assets/2c/6a2f27-a1e1-466a-a8cf-4627060f7ca4/13111_ota-ku_pref_2025_citygml_1_op/codelists/Building_usage.xml","majorUsageCodeSpace":null,"measuredHeight":27.2,"storeysAboveGround":5,"rawMeasuredHeight":"27.2","rawStoreysAboveGround":"5","category":"COMMERCIAL","city":"大田区","dataYear":2025,"geometrySource":"lod0RoofEdge","sourceMesh":"53392650"},"geometry":{"type":"Polygon","coordinates":[[[139.7563821,35.5480137],[139.7563671,35.5480009],[139.7565011,35.5478962],[139.7567741,35.5481297],[139.7566478,35.548302],[139.7566383,35.5482937],[139.7566083,35.5483155],[139.7566203,35.548325],[139.7564927,35.548498],[139.7564811,35.5484903],[139.7564549,35.5485124],[139.7564642,35.5485191],[139.7563356,35.5486907],[139.7563502,35.5487052],[139.7562937,35.5487933],[139.7562795,35.5487815],[139.7561294,35.5489368],[139.7561154,35.5489244],[139.756087,35.5489447],[139.7556626,35.5485933],[139.7556877,35.548573],[139.7557169,35.5485972],[139.7557203,35.5485944],[139.7558578,35.5484834],[139.7557644,35.5484061],[139.7557193,35.5484425],[139.755728,35.5484498],[139.7556344,35.5485254],[139.7556075,35.5485031],[139.7555793,35.5485259],[139.7555435,35.5484963],[139.7557408,35.5483369],[139.7557508,35.5483452],[139.755831,35.5482807],[139.755844,35.5482915],[139.7558482,35.5482881],[139.7557728,35.5482255],[139.7552412,35.547784],[139.7553371,35.5477069],[139.7553564,35.5477228],[139.7555328,35.5475801],[139.7555281,35.5475763],[139.7556245,35.5474983],[139.7556292,35.5475022],[139.7561405,35.5479286],[139.756079,35.5479783],[139.756094,35.5479907],[139.7561462,35.5479485],[139.7561431,35.5479459],[139.7561579,35.5479339],[139.7562191,35.5479845],[139.7561088,35.5480734],[139.7561437,35.5481023],[139.7560049,35.5482144],[139.7560088,35.5482177],[139.7559181,35.5482909],[139.7560421,35.5483935],[139.7560657,35.5483744],[139.7560611,35.5483706],[139.7561462,35.5483019],[139.7561512,35.548306],[139.7561725,35.5482887],[139.7561548,35.5482741],[139.7561946,35.5482419],[139.7561597,35.548213],[139.7563478,35.5480605],[139.7563355,35.54805],[139.7563821,35.5480137]],[[139.756009,35.5485577],[139.7561925,35.5487096],[139.7562759,35.5486431],[139.7561065,35.5485017],[139.7560988,35.5485079],[139.7560849,35.5484962],[139.7560269,35.5485426],[139.7560487,35.5485608],[139.7560401,35.5485677],[139.7560187,35.5485498],[139.756009,35.5485577]]]}},{"type":"Feature","properties":{"gmlId":"bldg_c3559174-419d-4dc7-b632-4e1beb28e32a","name":null,"usage":"運輸倉庫施設","majorUsage":null,"usageCode":"431","majorUsageCode":null,"usageCodeSpace":"https://assets.cms.plateau.reearth.io/assets/2c/6a2f27-a1e1-466a-a8cf-4627060f7ca4/13111_ota-ku_pref_2025_citygml_1_op/codelists/Building_usage.xml","majorUsageCodeSpace":null,"measuredHeight":25.8,"storeysAboveGround":7,"rawMeasuredHeight":"25.8","rawStoreysAboveGround":"7","category":"PUBLIC_TRANSPORT","city":"大田区","dataYear":2025,"geometrySource":"lod0RoofEdge","sourceMesh":"53392660"},"geometry":{"type":"Polygon","coordinates":[[[139.7574398,35.5553221],[139.7580811,35.5560713],[139.7578195,35.5562208],[139.7577477,35.5561371],[139.7577346,35.5561446],[139.7577513,35.5561632],[139.7577562,35.5561604],[139.7577765,35.5561833],[139.7577718,35.5561861],[139.7577852,35.556201],[139.7577281,35.5562352],[139.7577144,35.55622],[139.7577049,35.5562256],[139.7576846,35.5562027],[139.7576939,35.5561972],[139.7576765,35.5561778],[139.7576613,35.5561865],[139.7576675,35.5561937],[139.7575861,35.5562402],[139.7575654,35.556252],[139.7575551,35.55624],[139.7574812,35.5562395],[139.7574805,35.5562386],[139.7573937,35.5562386],[139.7573381,35.5562702],[139.7573113,35.5562386],[139.7572393,35.5562386],[139.756952,35.5559025],[139.7569584,35.5558883],[139.7567969,35.5557],[139.7568943,35.5556442],[139.7569726,35.5557355],[139.756986,35.5557279],[139.7569722,35.5557144],[139.7570001,35.5556977],[139.7570144,35.5557118],[139.7570488,35.5556923],[139.7570629,35.5556641],[139.7570489,35.5556477],[139.757151,35.5555895],[139.7571588,35.5555985],[139.7572455,35.5555489],[139.7571814,35.5554739],[139.7574398,35.5553221]]]}},{"type":"Feature","properties":{"gmlId":"bldg_a8638110-4155-4f90-a7e9-873395e8d362","name":null,"usage":"宿泊施設","majorUsage":null,"usageCode":"403","majorUsageCode":null,"usageCodeSpace":"https://assets.cms.plateau.reearth.io/assets/2c/6a2f27-a1e1-466a-a8cf-4627060f7ca4/13111_ota-ku_pref_2025_citygml_1_op/codelists/Building_usage.xml","majorUsageCodeSpace":null,"measuredHeight":14.1,"storeysAboveGround":5,"rawMeasuredHeight":"14.1","rawStoreysAboveGround":"5","category":"COMMERCIAL","city":"大田区","dataYear":2025,"geometrySource":"lod0RoofEdge","sourceMesh":"53392650"},"geometry":{"type":"Polygon","coordinates":[[[139.7557706,35.5474731],[139.7557669,35.547467],[139.755855,35.5474305],[139.7558908,35.5474601],[139.7558863,35.5474637],[139.7560175,35.5475722],[139.7560228,35.5475679],[139.7561947,35.5477101],[139.7561599,35.5477382],[139.75621,35.5477796],[139.7561068,35.5478629],[139.7560815,35.547842],[139.75606,35.5478594],[139.7556698,35.5475331],[139.7556938,35.5475137],[139.7556857,35.5475076],[139.7557706,35.5474731]]]}},{"type":"Feature","properties":{"gmlId":"bldg_4da75545-9e34-4134-a1b7-dc7fd5957826","name":null,"usage":"運輸倉庫施設","majorUsage":null,"usageCode":"431","majorUsageCode":null,"usageCodeSpace":"https://assets.cms.plateau.reearth.io/assets/2c/6a2f27-a1e1-466a-a8cf-4627060f7ca4/13111_ota-ku_pref_2025_citygml_1_op/codelists/Building_usage.xml","majorUsageCodeSpace":null,"measuredHeight":26.4,"storeysAboveGround":4,"rawMeasuredHeight":"26.4","rawStoreysAboveGround":"4","category":"PUBLIC_TRANSPORT","city":"大田区","dataYear":2025,"geometrySource":"lod0RoofEdge","sourceMesh":"53392660"},"geometry":{"type":"Polygon","coordinates":[[[139.7571814,35.5554739],[139.7570096,35.5555721],[139.7570121,35.555575],[139.7569489,35.5556118],[139.7569236,35.5556264],[139.7567842,35.5557069],[139.7563122,35.5551574],[139.7563127,35.5551571],[139.7562254,35.5550557],[139.7565912,35.5548443],[139.7566619,35.5549278],[139.7568973,35.5547932],[139.756866,35.5547574],[139.7569092,35.5547322],[139.7569409,35.5547683],[139.7569578,35.5547586],[139.7574398,35.5553221],[139.7571814,35.5554739]]]}},{"type":"Feature","properties":{"gmlId":"bldg_c4ae0787-315e-4287-b222-abcfb72f35a1","name":null,"usage":"運輸倉庫施設","majorUsage":null,"usageCode":"431","majorUsageCode":null,"usageCodeSpace":"https://assets.cms.plateau.reearth.io/assets/2c/6a2f27-a1e1-466a-a8cf-4627060f7ca4/13111_ota-ku_pref_2025_citygml_1_op/codelists/Building_usage.xml","majorUsageCodeSpace":null,"measuredHeight":34.3,"storeysAboveGround":7,"rawMeasuredHeight":"34.3","rawStoreysAboveGround":"7","category":"PUBLIC_TRANSPORT","city":"大田区","dataYear":2025,"geometrySource":"lod0RoofEdge","sourceMesh":"53392660"},"geometry":{"type":"Polygon","coordinates":[[[139.7569193,35.5562492],[139.7568139,35.5561257],[139.7567948,35.5561366],[139.7564378,35.5557178],[139.7564309,35.5557217],[139.7563894,35.5556734],[139.7563965,35.5556693],[139.7563963,35.5556691],[139.7564856,35.5556183],[139.7565228,35.5555971],[139.7566205,35.5555416],[139.7569524,35.5559309],[139.7569567,35.5559107],[139.7572385,35.5562395],[139.7573034,35.5562389],[139.7573111,35.556248],[139.7573156,35.5562534],[139.7569104,35.5562564],[139.7570405,35.5561817],[139.7569283,35.5560503],[139.7569281,35.5560512],[139.7570389,35.5561811],[139.7569193,35.5562492]]]}},{"type":"Feature","properties":{"gmlId":"bldg_b9eda0ad-bda1-4bf4-a16b-a352b7a60f65","name":null,"usage":"運輸倉庫施設","majorUsage":null,"usageCode":"431","majorUsageCode":null,"usageCodeSpace":"https://assets.cms.plateau.reearth.io/assets/2c/6a2f27-a1e1-466a-a8cf-4627060f7ca4/13111_ota-ku_pref_2025_citygml_1_op/codelists/Building_usage.xml","majorUsageCodeSpace":null,"measuredHeight":null,"storeysAboveGround":null,"rawMeasuredHeight":"-9999","rawStoreysAboveGround":"9999","category":"PUBLIC_TRANSPORT","city":"大田区","dataYear":2025,"geometrySource":"lod0RoofEdge","sourceMesh":"53392660"},"geometry":{"type":"Polygon","coordinates":[[[139.7560649,35.5540221],[139.7560423,35.5539952],[139.756088,35.5539696],[139.7561065,35.553972],[139.7561218,35.5539902],[139.7560649,35.5540221]]]}},{"type":"Feature","properties":{"gmlId":"bldg_df5554f0-7e53-4985-8d07-cf670930bbc5","name":null,"usage":"運輸倉庫施設","majorUsage":null,"usageCode":"431","majorUsageCode":null,"usageCodeSpace":"https://assets.cms.plateau.reearth.io/assets/2c/6a2f27-a1e1-466a-a8cf-4627060f7ca4/13111_ota-ku_pref_2025_citygml_1_op/codelists/Building_usage.xml","majorUsageCodeSpace":null,"measuredHeight":6.6,"storeysAboveGround":2,"rawMeasuredHeight":"6.6","rawStoreysAboveGround":"2","category":"PUBLIC_TRANSPORT","city":"大田区","dataYear":2025,"geometrySource":"lod0RoofEdge","sourceMesh":"53392660"},"geometry":{"type":"Polygon","coordinates":[[[139.7559401,35.5533411],[139.7559578,35.5534027],[139.7558965,35.5534144],[139.7558448,35.5534243],[139.7558271,35.5533628],[139.7558788,35.5533529],[139.7559401,35.5533411]]]}},{"type":"Feature","properties":{"gmlId":"bldg_3292ab13-cfdd-4d1e-8294-843f5ccc0155","name":null,"usage":"運輸倉庫施設","majorUsage":null,"usageCode":"431","majorUsageCode":null,"usageCodeSpace":"https://assets.cms.plateau.reearth.io/assets/2c/6a2f27-a1e1-466a-a8cf-4627060f7ca4/13111_ota-ku_pref_2025_citygml_1_op/codelists/Building_usage.xml","majorUsageCodeSpace":null,"measuredHeight":26,"storeysAboveGround":3,"rawMeasuredHeight":"26","rawStoreysAboveGround":"3","category":"PUBLIC_TRANSPORT","city":"大田区","dataYear":2025,"geometrySource":"lod0RoofEdge","sourceMesh":"53392660"},"geometry":{"type":"Polygon","coordinates":[[[139.756046,35.5540604],[139.7561669,35.5539895],[139.7561631,35.5539851],[139.7562492,35.5539356],[139.7569177,35.5547137],[139.7568319,35.5547625],[139.7568281,35.5547582],[139.7566948,35.5548361],[139.7565702,35.554773],[139.7565328,35.5547942],[139.7565427,35.5548059],[139.756493,35.554834],[139.7564441,35.5548617],[139.7564337,35.5548495],[139.756427,35.5548533],[139.7563856,35.5548775],[139.7562286,35.554968],[139.7562343,35.5549744],[139.7562299,35.554977],[139.7562306,35.5549777],[139.7561148,35.5550439],[139.7559727,35.5550748],[139.7558026,35.5548783],[139.7557719,35.5547939],[139.7557716,35.5547937],[139.7557373,35.5546887],[139.7557429,35.5546854],[139.7556527,35.5544028],[139.7556524,35.5544019],[139.7556522,35.5544012],[139.7555889,35.5541923],[139.7559714,35.5539734],[139.756046,35.5540604]]]}},{"type":"Feature","properties":{"gmlId":"bldg_aaa397da-d573-4945-bb88-72ffcf71401d","name":null,"usage":"運輸倉庫施設","majorUsage":null,"usageCode":"431","majorUsageCode":null,"usageCodeSpace":"https://assets.cms.plateau.reearth.io/assets/2c/6a2f27-a1e1-466a-a8cf-4627060f7ca4/13111_ota-ku_pref_2025_citygml_1_op/codelists/Building_usage.xml","majorUsageCodeSpace":null,"measuredHeight":2.3,"storeysAboveGround":null,"rawMeasuredHeight":"2.3","rawStoreysAboveGround":"9999","category":"PUBLIC_TRANSPORT","city":"大田区","dataYear":2025,"geometrySource":"lod0RoofEdge","sourceMesh":"53392660"},"geometry":{"type":"Polygon","coordinates":[[[139.7567538,35.5562411],[139.7567259,35.5562086],[139.7568018,35.5561652],[139.7568297,35.5561977],[139.7567538,35.5562411]]]}},{"type":"Feature","properties":{"gmlId":"bldg_813af85c-609e-4975-8702-594359c37c7e","name":null,"usage":"運輸倉庫施設","majorUsage":null,"usageCode":"431","majorUsageCode":null,"usageCodeSpace":"https://assets.cms.plateau.reearth.io/assets/2c/6a2f27-a1e1-466a-a8cf-4627060f7ca4/13111_ota-ku_pref_2025_citygml_1_op/codelists/Building_usage.xml","majorUsageCodeSpace":null,"measuredHeight":null,"storeysAboveGround":null,"rawMeasuredHeight":"-9999","rawStoreysAboveGround":"9999","category":"PUBLIC_TRANSPORT","city":"大田区","dataYear":2025,"geometrySource":"lod0RoofEdge","sourceMesh":"53392660"},"geometry":{"type":"Polygon","coordinates":[[[139.7567463,35.5561459],[139.7567693,35.5561728],[139.7567208,35.5562006],[139.7566977,35.5561737],[139.7567463,35.5561459]]]}},{"type":"Feature","properties":{"gmlId":"bldg_8d6bbc49-f7b2-425d-84b5-640a8a9ddf9d","name":null,"usage":"運輸倉庫施設","majorUsage":null,"usageCode":"431","majorUsageCode":null,"usageCodeSpace":"https://assets.cms.plateau.reearth.io/assets/2c/6a2f27-a1e1-466a-a8cf-4627060f7ca4/13111_ota-ku_pref_2025_citygml_1_op/codelists/Building_usage.xml","majorUsageCodeSpace":null,"measuredHeight":23.3,"storeysAboveGround":4,"rawMeasuredHeight":"23.3","rawStoreysAboveGround":"4","category":"PUBLIC_TRANSPORT","city":"大田区","dataYear":2025,"geometrySource":"lod0RoofEdge","sourceMesh":"53392660"},"geometry":{"type":"Polygon","coordinates":[[[139.7560748,35.5553131],[139.7560324,35.5552642],[139.7560411,35.5552592],[139.7559881,35.555198],[139.7560096,35.5551856],[139.7560068,35.5551823],[139.7562075,35.5550663],[139.7562071,35.5550658],[139.7562237,35.5550563],[139.7564852,35.5553639],[139.7564858,35.5553636],[139.7564908,35.5553695],[139.7566184,35.5555209],[139.7566234,35.5555269],[139.7564944,35.5555994],[139.7564923,35.555597],[139.7564597,35.5556156],[139.7563859,35.555658],[139.7563028,35.5555619],[139.7563003,35.5555634],[139.7562221,35.5554729],[139.7562241,35.5554718],[139.7560828,35.5553085],[139.7560748,35.5553131]]]}},{"type":"Feature","properties":{"gmlId":"bldg_26aebb7c-c885-412c-a4cb-0f6c48a81aa6","name":null,"usage":"宿泊施設","majorUsage":null,"usageCode":"403","majorUsageCode":null,"usageCodeSpace":"https://assets.cms.plateau.reearth.io/assets/2c/6a2f27-a1e1-466a-a8cf-4627060f7ca4/13111_ota-ku_pref_2025_citygml_1_op/codelists/Building_usage.xml","majorUsageCodeSpace":null,"measuredHeight":32.6,"storeysAboveGround":5,"rawMeasuredHeight":"32.6","rawStoreysAboveGround":"5","category":"COMMERCIAL","city":"大田区","dataYear":2025,"geometrySource":"lod0RoofEdge","sourceMesh":"53392650"},"geometry":{"type":"Polygon","coordinates":[[[139.7550528,35.5480485],[139.7550394,35.5480374],[139.7552099,35.5479003],[139.7557367,35.5483378],[139.7555394,35.5484971],[139.7555908,35.5485396],[139.7553152,35.5485886],[139.7552904,35.5485681],[139.7552628,35.5485902],[139.7552717,35.5485976],[139.7548032,35.54868],[139.754931,35.5483257],[139.7549381,35.5483199],[139.7549648,35.5482983],[139.7549452,35.5482825],[139.755023,35.5480726],[139.7550528,35.5480485]]]}},{"type":"Feature","properties":{"gmlId":"bldg_2cd78e37-9ede-4996-b599-8001138c5f76","name":null,"usage":"運輸倉庫施設","majorUsage":null,"usageCode":"431","majorUsageCode":null,"usageCodeSpace":"https://assets.cms.plateau.reearth.io/assets/2c/6a2f27-a1e1-466a-a8cf-4627060f7ca4/13111_ota-ku_pref_2025_citygml_1_op/codelists/Building_usage.xml","majorUsageCodeSpace":null,"measuredHeight":null,"storeysAboveGround":null,"rawMeasuredHeight":"-9999","rawStoreysAboveGround":"9999","category":"PUBLIC_TRANSPORT","city":"大田区","dataYear":2025,"geometrySource":"lod0RoofEdge","sourceMesh":"53392660"},"geometry":{"type":"Polygon","coordinates":[[[139.7562967,35.555715],[139.7562509,35.5556602],[139.7562958,35.5556352],[139.7563416,35.55569],[139.7562967,35.555715]]]}},{"type":"Feature","properties":{"gmlId":"bldg_f8d52dea-52d2-43ae-9e58-20dac23d5ba9","name":null,"usage":"官公庁施設","majorUsage":null,"usageCode":"421","majorUsageCode":null,"usageCodeSpace":"https://assets.cms.plateau.reearth.io/assets/2c/6a2f27-a1e1-466a-a8cf-4627060f7ca4/13111_ota-ku_pref_2025_citygml_1_op/codelists/Building_usage.xml","majorUsageCodeSpace":null,"measuredHeight":11.9,"storeysAboveGround":2,"rawMeasuredHeight":"11.9","rawStoreysAboveGround":"2","category":"PUBLIC_TRANSPORT","city":"大田区","dataYear":2025,"geometrySource":"lod0RoofEdge","sourceMesh":"53392671"},"geometry":{"type":"Polygon","coordinates":[[[139.7654274,35.5658158],[139.7654033,35.5657836],[139.7654358,35.5657677],[139.7654595,35.5658001],[139.7654274,35.5658158]]]}},{"type":"Feature","properties":{"gmlId":"bldg_8847bb56-13f6-4385-a60c-fdc16f12f45e","name":null,"usage":"官公庁施設","majorUsage":null,"usageCode":"421","majorUsageCode":null,"usageCodeSpace":"https://assets.cms.plateau.reearth.io/assets/2c/6a2f27-a1e1-466a-a8cf-4627060f7ca4/13111_ota-ku_pref_2025_citygml_1_op/codelists/Building_usage.xml","majorUsageCodeSpace":null,"measuredHeight":9.2,"storeysAboveGround":2,"rawMeasuredHeight":"9.2","rawStoreysAboveGround":"2","category":"PUBLIC_TRANSPORT","city":"大田区","dataYear":2025,"geometrySource":"lod0RoofEdge","sourceMesh":"53392671"},"geometry":{"type":"Polygon","coordinates":[[[139.7655878,35.56603],[139.7655597,35.5659926],[139.7655894,35.565978],[139.7656173,35.5660155],[139.7655878,35.56603]]]}},{"type":"Feature","properties":{"gmlId":"bldg_188e06b0-7ccf-408b-bb1e-7d02ad72a0c5","name":null,"usage":"官公庁施設","majorUsage":null,"usageCode":"421","majorUsageCode":null,"usageCodeSpace":"https://assets.cms.plateau.reearth.io/assets/2c/6a2f27-a1e1-466a-a8cf-4627060f7ca4/13111_ota-ku_pref_2025_citygml_1_op/codelists/Building_usage.xml","majorUsageCodeSpace":null,"measuredHeight":12.1,"storeysAboveGround":2,"rawMeasuredHeight":"12.1","rawStoreysAboveGround":"2","category":"PUBLIC_TRANSPORT","city":"大田区","dataYear":2025,"geometrySource":"lod0RoofEdge","sourceMesh":"53392671"},"geometry":{"type":"Polygon","coordinates":[[[139.7649945,35.5659741],[139.7649827,35.5659797],[139.7649535,35.5659391],[139.7650349,35.5659],[139.7650521,35.5659239],[139.7651975,35.5658542],[139.7651806,35.5658308],[139.7652288,35.5658077],[139.7652439,35.5658287],[139.7653408,35.5657822],[139.7653321,35.5657701],[139.7653766,35.5657488],[139.7653947,35.565774],[139.7649945,35.5659741]]]}},{"type":"Feature","properties":{"gmlId":"bldg_b20ec14f-64df-4845-88ad-09afd04a4d91","name":null,"usage":"官公庁施設","majorUsage":null,"usageCode":"421","majorUsageCode":null,"usageCodeSpace":"https://assets.cms.plateau.reearth.io/assets/2c/6a2f27-a1e1-466a-a8cf-4627060f7ca4/13111_ota-ku_pref_2025_citygml_1_op/codelists/Building_usage.xml","majorUsageCodeSpace":null,"measuredHeight":12.1,"storeysAboveGround":2,"rawMeasuredHeight":"12.1","rawStoreysAboveGround":"2","category":"PUBLIC_TRANSPORT","city":"大田区","dataYear":2025,"geometrySource":"lod0RoofEdge","sourceMesh":"53392671"},"geometry":{"type":"Polygon","coordinates":[[[139.7655597,35.5659926],[139.7655878,35.56603],[139.7657213,35.5662081],[139.7653201,35.5664087],[139.7652928,35.5663722],[139.7652662,35.5663367],[139.7649945,35.5659741],[139.7653947,35.565774],[139.7653957,35.5657734],[139.7654033,35.5657836],[139.7654274,35.5658158],[139.7655597,35.5659926]]]}},{"type":"Feature","properties":{"gmlId":"bldg_586686b8-0aab-4da5-a443-d4c4a8c5cc50","name":null,"usage":"運輸倉庫施設","majorUsage":null,"usageCode":"431","majorUsageCode":null,"usageCodeSpace":"https://assets.cms.plateau.reearth.io/assets/2c/6a2f27-a1e1-466a-a8cf-4627060f7ca4/13111_ota-ku_pref_2025_citygml_1_op/codelists/Building_usage.xml","majorUsageCodeSpace":null,"measuredHeight":6.9,"storeysAboveGround":1,"rawMeasuredHeight":"6.9","rawStoreysAboveGround":"1","category":"PUBLIC_TRANSPORT","city":"大田区","dataYear":2025,"geometrySource":"lod0RoofEdge","sourceMesh":"53392660"},"geometry":{"type":"Polygon","coordinates":[[[139.7561008,35.5563636],[139.7561128,35.5564026],[139.7560968,35.5564059],[139.7561214,35.5564842],[139.7559187,35.5565249],[139.7558577,35.5563312],[139.7559575,35.5563111],[139.7560605,35.5562904],[139.7560846,35.556367],[139.7561008,35.5563636]]]}},{"type":"Feature","properties":{"gmlId":"bldg_390b50b4-4172-41e5-b104-18ff4a48bc41","name":null,"usage":"官公庁施設","majorUsage":null,"usageCode":"421","majorUsageCode":null,"usageCodeSpace":"https://assets.cms.plateau.reearth.io/assets/2c/6a2f27-a1e1-466a-a8cf-4627060f7ca4/13111_ota-ku_pref_2025_citygml_1_op/codelists/Building_usage.xml","majorUsageCodeSpace":null,"measuredHeight":9.7,"storeysAboveGround":2,"rawMeasuredHeight":"9.7","rawStoreysAboveGround":"2","category":"PUBLIC_TRANSPORT","city":"大田区","dataYear":2025,"geometrySource":"lod0RoofEdge","sourceMesh":"53392671"},"geometry":{"type":"Polygon","coordinates":[[[139.7652928,35.5663722],[139.7652392,35.5663974],[139.7652138,35.5663615],[139.7652662,35.5663367],[139.7652928,35.5663722]]]}},{"type":"Feature","properties":{"gmlId":"bldg_f13ebd03-93e1-4e1a-97c5-f62f367a61dc","name":null,"usage":"官公庁施設","majorUsage":null,"usageCode":"421","majorUsageCode":null,"usageCodeSpace":"https://assets.cms.plateau.reearth.io/assets/2c/6a2f27-a1e1-466a-a8cf-4627060f7ca4/13111_ota-ku_pref_2025_citygml_1_op/codelists/Building_usage.xml","majorUsageCodeSpace":null,"measuredHeight":4.6,"storeysAboveGround":2,"rawMeasuredHeight":"4.6","rawStoreysAboveGround":"2","category":"PUBLIC_TRANSPORT","city":"大田区","dataYear":2025,"geometrySource":"lod0RoofEdge","sourceMesh":"53392660"},"geometry":{"type":"Polygon","coordinates":[[[139.7546499,35.5525926],[139.7546945,35.5525843],[139.7547268,35.5526981],[139.7546823,35.5527065],[139.7546825,35.5527072],[139.7544594,35.552752],[139.7544268,35.5526373],[139.7546499,35.5525926]]]}},{"type":"Feature","properties":{"gmlId":"bldg_a580c010-4aeb-412f-bfb1-533ef512cc65","name":null,"usage":"官公庁施設","majorUsage":null,"usageCode":"421","majorUsageCode":null,"usageCodeSpace":"https://assets.cms.plateau.reearth.io/assets/2c/6a2f27-a1e1-466a-a8cf-4627060f7ca4/13111_ota-ku_pref_2025_citygml_1_op/codelists/Building_usage.xml","majorUsageCodeSpace":null,"measuredHeight":6.4,"storeysAboveGround":2,"rawMeasuredHeight":"6.4","rawStoreysAboveGround":"2","category":"PUBLIC_TRANSPORT","city":"大田区","dataYear":2025,"geometrySource":"lod0RoofEdge","sourceMesh":"53392660"},"geometry":{"type":"Polygon","coordinates":[[[139.754624,35.5525518],[139.7544164,35.5525934],[139.7543769,35.5524541],[139.7545845,35.5524124],[139.754624,35.5525518]]]}},{"type":"Feature","properties":{"gmlId":"bldg_be360528-d9c7-47fb-acef-4e2e4be96e0e","name":null,"usage":"運輸倉庫施設","majorUsage":null,"usageCode":"431","majorUsageCode":null,"usageCodeSpace":"https://assets.cms.plateau.reearth.io/assets/2c/6a2f27-a1e1-466a-a8cf-4627060f7ca4/13111_ota-ku_pref_2025_citygml_1_op/codelists/Building_usage.xml","majorUsageCodeSpace":null,"measuredHeight":20.8,"storeysAboveGround":5,"rawMeasuredHeight":"20.8","rawStoreysAboveGround":"5","category":"PUBLIC_TRANSPORT","city":"大田区","dataYear":2025,"geometrySource":"lod0RoofEdge","sourceMesh":"53392660"},"geometry":{"type":"Polygon","coordinates":[[[139.7547299,35.5534849],[139.7550479,35.5534221],[139.7550713,35.5535011],[139.7546429,35.5535857],[139.7546419,35.5535823],[139.7546185,35.5535868],[139.7546073,35.5535478],[139.7546303,35.5535433],[139.7546168,35.5534976],[139.7547272,35.5534758],[139.7547299,35.5534849]]]}},{"type":"Feature","properties":{"gmlId":"bldg_8955ce70-1e02-4e79-9e21-75982fa6fcdf","name":null,"usage":"運輸倉庫施設","majorUsage":null,"usageCode":"431","majorUsageCode":null,"usageCodeSpace":"https://assets.cms.plateau.reearth.io/assets/2c/6a2f27-a1e1-466a-a8cf-4627060f7ca4/13111_ota-ku_pref_2025_citygml_1_op/codelists/Building_usage.xml","majorUsageCodeSpace":null,"measuredHeight":12.6,"storeysAboveGround":2,"rawMeasuredHeight":"12.6","rawStoreysAboveGround":"2","category":"PUBLIC_TRANSPORT","city":"大田区","dataYear":2025,"geometrySource":"lod0RoofEdge","sourceMesh":"53392671"},"geometry":{"type":"Polygon","coordinates":[[[139.7638511,35.5659633],[139.7637159,35.5660295],[139.7636948,35.5660006],[139.7636783,35.5659775],[139.7638146,35.5659122],[139.7638511,35.5659633]]]}},{"type":"Feature","properties":{"gmlId":"bldg_113a1820-ea99-4fb5-bc3f-2939622ffa69","name":null,"usage":"運輸倉庫施設","majorUsage":null,"usageCode":"431","majorUsageCode":null,"usageCodeSpace":"https://assets.cms.plateau.reearth.io/assets/2c/6a2f27-a1e1-466a-a8cf-4627060f7ca4/13111_ota-ku_pref_2025_citygml_1_op/codelists/Building_usage.xml","majorUsageCodeSpace":null,"measuredHeight":13.6,"storeysAboveGround":2,"rawMeasuredHeight":"13.6","rawStoreysAboveGround":"2","category":"PUBLIC_TRANSPORT","city":"大田区","dataYear":2025,"geometrySource":"lod0RoofEdge","sourceMesh":"53392671"},"geometry":{"type":"Polygon","coordinates":[[[139.7634659,35.5663916],[139.7634767,35.5664063],[139.7634216,35.5664333],[139.7632837,35.5662455],[139.7636313,35.5660753],[139.7636088,35.5660445],[139.7636078,35.5660432],[139.7636948,35.5660006],[139.7637159,35.5660295],[139.7638511,35.5659633],[139.7638531,35.5659623],[139.7640258,35.5661978],[139.7639255,35.5662469],[139.7638819,35.5661876],[139.763859,35.5661564],[139.7634427,35.5663601],[139.7634659,35.5663916]]]}},{"type":"Feature","properties":{"gmlId":"bldg_d80f1297-8d74-4b57-99ac-902f195f8f3e","name":null,"usage":"運輸倉庫施設","majorUsage":null,"usageCode":"431","majorUsageCode":null,"usageCodeSpace":"https://assets.cms.plateau.reearth.io/assets/2c/6a2f27-a1e1-466a-a8cf-4627060f7ca4/13111_ota-ku_pref_2025_citygml_1_op/codelists/Building_usage.xml","majorUsageCodeSpace":null,"measuredHeight":12,"storeysAboveGround":2,"rawMeasuredHeight":"12","rawStoreysAboveGround":"2","category":"PUBLIC_TRANSPORT","city":"大田区","dataYear":2025,"geometrySource":"lod0RoofEdge","sourceMesh":"53392671"},"geometry":{"type":"Polygon","coordinates":[[[139.7634659,35.5663916],[139.7634427,35.5663601],[139.763859,35.5661564],[139.7638819,35.5661876],[139.7634659,35.5663916]]]}},{"type":"Feature","properties":{"gmlId":"bldg_0e151795-746c-4c6a-8b2e-ca522ee7dc9e","name":null,"usage":"運輸倉庫施設","majorUsage":null,"usageCode":"431","majorUsageCode":null,"usageCodeSpace":"https://assets.cms.plateau.reearth.io/assets/2c/6a2f27-a1e1-466a-a8cf-4627060f7ca4/13111_ota-ku_pref_2025_citygml_1_op/codelists/Building_usage.xml","majorUsageCodeSpace":null,"measuredHeight":11.3,"storeysAboveGround":2,"rawMeasuredHeight":"11.3","rawStoreysAboveGround":"2","category":"PUBLIC_TRANSPORT","city":"大田区","dataYear":2025,"geometrySource":"lod0RoofEdge","sourceMesh":"53392671"},"geometry":{"type":"Polygon","coordinates":[[[139.7632837,35.5662455],[139.763272,35.5662289],[139.7633182,35.5662071],[139.7633051,35.5661886],[139.7636088,35.5660445],[139.7636313,35.5660753],[139.7632837,35.5662455]]]}},{"type":"Feature","properties":{"gmlId":"bldg_a2fafcd1-0607-49f5-af50-9966d6c4166b","name":null,"usage":"運輸倉庫施設","majorUsage":null,"usageCode":"431","majorUsageCode":null,"usageCodeSpace":"https://assets.cms.plateau.reearth.io/assets/2c/6a2f27-a1e1-466a-a8cf-4627060f7ca4/13111_ota-ku_pref_2025_citygml_1_op/codelists/Building_usage.xml","majorUsageCodeSpace":null,"measuredHeight":3.1,"storeysAboveGround":1,"rawMeasuredHeight":"3.1","rawStoreysAboveGround":"1","category":"PUBLIC_TRANSPORT","city":"大田区","dataYear":2025,"geometrySource":"lod0RoofEdge","sourceMesh":"53392650"},"geometry":{"type":"Polygon","coordinates":[[[139.7534628,35.5499346],[139.7534844,35.5500209],[139.7534284,35.5500303],[139.7534068,35.549944],[139.7534628,35.5499346]]]}},{"type":"Feature","properties":{"gmlId":"bldg_6a9d052a-4875-4949-8f64-751b5254c6fe","name":null,"usage":"運輸倉庫施設","majorUsage":null,"usageCode":"431","majorUsageCode":null,"usageCodeSpace":"https://assets.cms.plateau.reearth.io/assets/2c/6a2f27-a1e1-466a-a8cf-4627060f7ca4/13111_ota-ku_pref_2025_citygml_1_op/codelists/Building_usage.xml","majorUsageCodeSpace":null,"measuredHeight":8.7,"storeysAboveGround":2,"rawMeasuredHeight":"8.7","rawStoreysAboveGround":"2","category":"PUBLIC_TRANSPORT","city":"大田区","dataYear":2025,"geometrySource":"lod0RoofEdge","sourceMesh":"53392671"},"geometry":{"type":"Polygon","coordinates":[[[139.7632694,35.5663267],[139.7632124,35.5662516],[139.7632489,35.566233],[139.763306,35.5663081],[139.7632694,35.5663267]]]}},{"type":"Feature","properties":{"gmlId":"bldg_4f565582-cc18-40c9-a88e-6a2b9a7f2bbc","name":null,"usage":"運輸倉庫施設","majorUsage":null,"usageCode":"431","majorUsageCode":null,"usageCodeSpace":"https://assets.cms.plateau.reearth.io/assets/2c/6a2f27-a1e1-466a-a8cf-4627060f7ca4/13111_ota-ku_pref_2025_citygml_1_op/codelists/Building_usage.xml","majorUsageCodeSpace":null,"measuredHeight":9.4,"storeysAboveGround":2,"rawMeasuredHeight":"9.4","rawStoreysAboveGround":"2","category":"PUBLIC_TRANSPORT","city":"大田区","dataYear":2025,"geometrySource":"lod0RoofEdge","sourceMesh":"53392660"},"geometry":{"type":"Polygon","coordinates":[[[139.753627,35.5528293],[139.7536297,35.5529226],[139.7534877,35.5529253],[139.753485,35.552832],[139.7535514,35.5528308],[139.753627,35.5528293]]]}},{"type":"Feature","properties":{"gmlId":"bldg_2cf7ddd5-4a0a-4d5b-a38c-3f20cf9e0a65","name":"東京消防庁蒲田消防署空港分署","usage":"共同住宅","majorUsage":null,"usageCode":"412","majorUsageCode":null,"usageCodeSpace":"https://assets.cms.plateau.reearth.io/assets/2c/6a2f27-a1e1-466a-a8cf-4627060f7ca4/13111_ota-ku_pref_2025_citygml_1_op/codelists/Building_usage.xml","majorUsageCodeSpace":null,"measuredHeight":23.9,"storeysAboveGround":6,"rawMeasuredHeight":"23.9","rawStoreysAboveGround":"6","category":"PUBLIC_TRANSPORT","city":"大田区","dataYear":2025,"geometrySource":"lod0RoofEdge","sourceMesh":"53392650"},"geometry":{"type":"Polygon","coordinates":[[[139.7531018,35.5490438],[139.7533427,35.5490001],[139.7533965,35.5491982],[139.7531556,35.5492418],[139.7531018,35.5490438]]]}},{"type":"Feature","properties":{"gmlId":"bldg_d0eaf834-06ea-45a3-aa3b-6463d2f88be1","name":"東京空港警察署弁天橋交番","usage":"官公庁施設","majorUsage":null,"usageCode":"421","majorUsageCode":null,"usageCodeSpace":"https://assets.cms.plateau.reearth.io/assets/2c/6a2f27-a1e1-466a-a8cf-4627060f7ca4/13111_ota-ku_pref_2025_citygml_1_op/codelists/Building_usage.xml","majorUsageCodeSpace":null,"measuredHeight":4.9,"storeysAboveGround":2,"rawMeasuredHeight":"4.9","rawStoreysAboveGround":"2","category":"PUBLIC_TRANSPORT","city":"大田区","dataYear":2025,"geometrySource":"lod0RoofEdge","sourceMesh":"53392650"},"geometry":{"type":"Polygon","coordinates":[[[139.7531385,35.547202],[139.753134,35.5471636],[139.7531895,35.5471593],[139.7532073,35.5473118],[139.7531427,35.5473169],[139.7531378,35.5472746],[139.7531503,35.5472736],[139.7531455,35.5472322],[139.7531374,35.5472328],[139.7531379,35.5472368],[139.7531215,35.5472381],[139.7531167,35.5471963],[139.7531319,35.5471951],[139.7531328,35.5472025],[139.7531385,35.547202]]]}},{"type":"Feature","properties":{"gmlId":"bldg_6803f4cc-bdcc-49ab-a648-ec2878d8b580","name":null,"usage":"運輸倉庫施設","majorUsage":null,"usageCode":"431","majorUsageCode":null,"usageCodeSpace":"https://assets.cms.plateau.reearth.io/assets/2c/6a2f27-a1e1-466a-a8cf-4627060f7ca4/13111_ota-ku_pref_2025_citygml_1_op/codelists/Building_usage.xml","majorUsageCodeSpace":null,"measuredHeight":31.6,"storeysAboveGround":5,"rawMeasuredHeight":"31.6","rawStoreysAboveGround":"5","category":"PUBLIC_TRANSPORT","city":"大田区","dataYear":2025,"geometrySource":"lod0RoofEdge","sourceMesh":"53392660"},"geometry":{"type":"Polygon","coordinates":[[[139.7545319,35.5564146],[139.7545131,35.5564186],[139.7545212,35.5564433],[139.7543817,35.5564737],[139.7543732,35.5564479],[139.7541218,35.5565006],[139.75397,35.5559804],[139.7539947,35.5559748],[139.7538716,35.5555729],[139.7538744,35.5555723],[139.754239,35.5554931],[139.7542417,35.5554925],[139.7542819,35.5556203],[139.7543718,35.5559057],[139.7544081,35.556021],[139.7544983,35.5563074],[139.7545313,35.5564124],[139.7545319,35.5564146]]]}},{"type":"Feature","properties":{"gmlId":"bldg_a4fcc5b8-9107-49d5-b36e-113d345b2962","name":"第三管区海上保安本部羽田航空基地","usage":"運輸倉庫施設","majorUsage":null,"usageCode":"431","majorUsageCode":null,"usageCodeSpace":"https://assets.cms.plateau.reearth.io/assets/2c/6a2f27-a1e1-466a-a8cf-4627060f7ca4/13111_ota-ku_pref_2025_citygml_1_op/codelists/Building_usage.xml","majorUsageCodeSpace":null,"measuredHeight":17.6,"storeysAboveGround":1,"rawMeasuredHeight":"17.6","rawStoreysAboveGround":"1","category":"PUBLIC_TRANSPORT","city":"大田区","dataYear":2025,"geometrySource":"lod0RoofEdge","sourceMesh":"53392660"},"geometry":{"type":"Polygon","coordinates":[[[139.7551389,35.557799],[139.7547441,35.5578826],[139.754753,35.5579112],[139.7547074,35.5579207],[139.7544671,35.5571535],[139.7544899,35.5571487],[139.7545126,35.557144],[139.754522,35.5571739],[139.7549193,35.5570887],[139.7549342,35.5571368],[139.7550162,35.55712],[139.7551935,35.5576932],[139.7551114,35.55771],[139.7551389,35.557799]]]}},{"type":"Feature","properties":{"gmlId":"bldg_c3202f10-5a4e-42dd-8e5b-906eb78e9e1d","name":null,"usage":"運輸倉庫施設","majorUsage":null,"usageCode":"431","majorUsageCode":null,"usageCodeSpace":"https://assets.cms.plateau.reearth.io/assets/2c/6a2f27-a1e1-466a-a8cf-4627060f7ca4/13111_ota-ku_pref_2025_citygml_1_op/codelists/Building_usage.xml","majorUsageCodeSpace":null,"measuredHeight":3.7,"storeysAboveGround":1,"rawMeasuredHeight":"3.7","rawStoreysAboveGround":"1","category":"PUBLIC_TRANSPORT","city":"大田区","dataYear":2025,"geometrySource":"lod0RoofEdge","sourceMesh":"53392681"},"geometry":{"type":"Polygon","coordinates":[[[139.7685679,35.5694278],[139.7685418,35.5693967],[139.7686145,35.569356],[139.7686406,35.5693871],[139.7685679,35.5694278]]]}},{"type":"Feature","properties":{"gmlId":"bldg_6ba9be6b-5b4a-42fe-a6d5-33325d1ccecc","name":null,"usage":"運輸倉庫施設","majorUsage":null,"usageCode":"431","majorUsageCode":null,"usageCodeSpace":"https://assets.cms.plateau.reearth.io/assets/2c/6a2f27-a1e1-466a-a8cf-4627060f7ca4/13111_ota-ku_pref_2025_citygml_1_op/codelists/Building_usage.xml","majorUsageCodeSpace":null,"measuredHeight":6.2,"storeysAboveGround":null,"rawMeasuredHeight":"6.2","rawStoreysAboveGround":"9999","category":"PUBLIC_TRANSPORT","city":"大田区","dataYear":2025,"geometrySource":"lod0RoofEdge","sourceMesh":"53392660"},"geometry":{"type":"Polygon","coordinates":[[[139.7548576,35.5579949],[139.7549516,35.5579753],[139.754975,35.5580503],[139.7548811,35.5580699],[139.7548576,35.5579949]]]}},{"type":"Feature","properties":{"gmlId":"bldg_037f5109-f98a-4afd-aee8-6e9dfb457d4f","name":"第三管区海上保安本部羽田特殊救難基地","usage":"運輸倉庫施設","majorUsage":null,"usageCode":"431","majorUsageCode":null,"usageCodeSpace":"https://assets.cms.plateau.reearth.io/assets/2c/6a2f27-a1e1-466a-a8cf-4627060f7ca4/13111_ota-ku_pref_2025_citygml_1_op/codelists/Building_usage.xml","majorUsageCodeSpace":null,"measuredHeight":6.9,"storeysAboveGround":2,"rawMeasuredHeight":"6.9","rawStoreysAboveGround":"2","category":"PUBLIC_TRANSPORT","city":"大田区","dataYear":2025,"geometrySource":"lod0RoofEdge","sourceMesh":"53392660"},"geometry":{"type":"Polygon","coordinates":[[[139.754958,35.557973],[139.7548145,35.5580035],[139.7548136,35.5580009],[139.754752,35.5580138],[139.7547298,35.557925],[139.7547858,35.5579133],[139.7547841,35.5579081],[139.7549276,35.5578776],[139.754958,35.557973]]]}},{"type":"Feature","properties":{"gmlId":"bldg_ac08e699-7c39-4a65-8fe3-3472f765fbb0","name":null,"usage":"運輸倉庫施設","majorUsage":null,"usageCode":"431","majorUsageCode":null,"usageCodeSpace":"https://assets.cms.plateau.reearth.io/assets/2c/6a2f27-a1e1-466a-a8cf-4627060f7ca4/13111_ota-ku_pref_2025_citygml_1_op/codelists/Building_usage.xml","majorUsageCodeSpace":null,"measuredHeight":3.8,"storeysAboveGround":1,"rawMeasuredHeight":"3.8","rawStoreysAboveGround":"1","category":"PUBLIC_TRANSPORT","city":"大田区","dataYear":2025,"geometrySource":"lod0RoofEdge","sourceMesh":"53392660"},"geometry":{"type":"Polygon","coordinates":[[[139.7537196,35.5553158],[139.7537136,35.5553159],[139.7537137,35.5553238],[139.7536692,35.5553241],[139.7536691,35.5553165],[139.7536525,35.5553168],[139.753652,35.5552937],[139.7536501,35.5552938],[139.75365,35.5552904],[139.7536157,35.5552906],[139.7536152,35.5552501],[139.7536158,35.5552501],[139.7535901,35.5552339],[139.7536176,35.5552049],[139.7536623,35.5552327],[139.7536807,35.5552185],[139.753718,35.5552462],[139.7537196,35.5553158]]]}},{"type":"Feature","properties":{"gmlId":"bldg_cf4d98d7-e0f7-42ab-8d3c-32a2a8c2a284","name":null,"usage":"運輸倉庫施設","majorUsage":null,"usageCode":"431","majorUsageCode":null,"usageCodeSpace":"https://assets.cms.plateau.reearth.io/assets/2c/6a2f27-a1e1-466a-a8cf-4627060f7ca4/13111_ota-ku_pref_2025_citygml_1_op/codelists/Building_usage.xml","majorUsageCodeSpace":null,"measuredHeight":3.1,"storeysAboveGround":1,"rawMeasuredHeight":"3.1","rawStoreysAboveGround":"1","category":"PUBLIC_TRANSPORT","city":"大田区","dataYear":2025,"geometrySource":"lod0RoofEdge","sourceMesh":"53392660"},"geometry":{"type":"Polygon","coordinates":[[[139.7547916,35.5581796],[139.7547447,35.5580297],[139.7548498,35.5580077],[139.7548967,35.5581577],[139.7547916,35.5581796]]]}},{"type":"Feature","properties":{"gmlId":"bldg_ed7e613f-5c52-404e-9381-be043028c772","name":null,"usage":"運輸倉庫施設","majorUsage":null,"usageCode":"431","majorUsageCode":null,"usageCodeSpace":"https://assets.cms.plateau.reearth.io/assets/2c/6a2f27-a1e1-466a-a8cf-4627060f7ca4/13111_ota-ku_pref_2025_citygml_1_op/codelists/Building_usage.xml","majorUsageCodeSpace":null,"measuredHeight":null,"storeysAboveGround":1,"rawMeasuredHeight":"-9999","rawStoreysAboveGround":"1","category":"PUBLIC_TRANSPORT","city":"大田区","dataYear":2025,"geometrySource":"lod0RoofEdge","sourceMesh":"53392660"},"geometry":{"type":"Polygon","coordinates":[[[139.7547908,35.5581877],[139.7548513,35.5581751],[139.7548649,35.5582185],[139.7548044,35.5582311],[139.7547908,35.5581877]]]}},{"type":"Feature","properties":{"gmlId":"bldg_9049f5fb-e043-4148-89a2-62ca2c042174","name":null,"usage":"運輸倉庫施設","majorUsage":null,"usageCode":"431","majorUsageCode":null,"usageCodeSpace":"https://assets.cms.plateau.reearth.io/assets/2c/6a2f27-a1e1-466a-a8cf-4627060f7ca4/13111_ota-ku_pref_2025_citygml_1_op/codelists/Building_usage.xml","majorUsageCodeSpace":null,"measuredHeight":8.8,"storeysAboveGround":1,"rawMeasuredHeight":"8.8","rawStoreysAboveGround":"1","category":"PUBLIC_TRANSPORT","city":"大田区","dataYear":2025,"geometrySource":"lod0RoofEdge","sourceMesh":"53392681"},"geometry":{"type":"Polygon","coordinates":[[[139.7687167,35.5697335],[139.7685007,35.5698542],[139.7682731,35.5695825],[139.7682802,35.5695785],[139.768262,35.5695568],[139.7684708,35.56944],[139.7684904,35.5694634],[139.7687167,35.5697335]]]}},{"type":"Feature","properties":{"gmlId":"bldg_dff6259e-953b-4299-9bfa-677f60494564","name":null,"usage":"店舗等併用住宅","majorUsage":null,"usageCode":"413","majorUsageCode":null,"usageCodeSpace":"https://assets.cms.plateau.reearth.io/assets/2c/6a2f27-a1e1-466a-a8cf-4627060f7ca4/13111_ota-ku_pref_2025_citygml_1_op/codelists/Building_usage.xml","majorUsageCodeSpace":null,"measuredHeight":10.7,"storeysAboveGround":3,"rawMeasuredHeight":"10.7","rawStoreysAboveGround":"3","category":"COMMERCIAL","city":"大田区","dataYear":2025,"geometrySource":"lod0RoofEdge","sourceMesh":"53392660"},"geometry":{"type":"Polygon","coordinates":[[[139.7526465,35.5514439],[139.752529,35.5514453],[139.7525285,35.55146],[139.7524712,35.551461],[139.7524685,35.5513495],[139.7525269,35.5513487],[139.7525276,35.5513866],[139.752587,35.5513857],[139.752586,35.551346],[139.7526446,35.5513451],[139.7526465,35.5514439]]]}},{"type":"Feature","properties":{"gmlId":"bldg_f3f62500-d733-483f-8164-adbb62aa9358","name":null,"usage":"店舗等併用住宅","majorUsage":null,"usageCode":"413","majorUsageCode":null,"usageCodeSpace":"https://assets.cms.plateau.reearth.io/assets/2c/6a2f27-a1e1-466a-a8cf-4627060f7ca4/13111_ota-ku_pref_2025_citygml_1_op/codelists/Building_usage.xml","majorUsageCodeSpace":null,"measuredHeight":8,"storeysAboveGround":2,"rawMeasuredHeight":"8","rawStoreysAboveGround":"2","category":"COMMERCIAL","city":"大田区","dataYear":2025,"geometrySource":"lod0RoofEdge","sourceMesh":"53392650"},"geometry":{"type":"Polygon","coordinates":[[[139.7524028,35.549903],[139.7523785,35.5498367],[139.7524419,35.5498213],[139.7524662,35.5498875],[139.7524028,35.549903]]]}},{"type":"Feature","properties":{"gmlId":"bldg_3e1fb91b-0ceb-472b-a0c8-c21daed00fa4","name":null,"usage":"運輸倉庫施設","majorUsage":null,"usageCode":"431","majorUsageCode":null,"usageCodeSpace":"https://assets.cms.plateau.reearth.io/assets/2c/6a2f27-a1e1-466a-a8cf-4627060f7ca4/13111_ota-ku_pref_2025_citygml_1_op/codelists/Building_usage.xml","majorUsageCodeSpace":null,"measuredHeight":5.5,"storeysAboveGround":2,"rawMeasuredHeight":"5.5","rawStoreysAboveGround":"2","category":"PUBLIC_TRANSPORT","city":"大田区","dataYear":2025,"geometrySource":"lod0RoofEdge","sourceMesh":"53392650"},"geometry":{"type":"Polygon","coordinates":[[[139.7523776,35.5499447],[139.7523591,35.5498943],[139.7523833,35.5498884],[139.7524018,35.5499388],[139.7523776,35.5499447]]]}},{"type":"Feature","properties":{"gmlId":"bldg_22ccd145-3319-4616-862d-032796e617c1","name":null,"usage":"運輸倉庫施設","majorUsage":null,"usageCode":"431","majorUsageCode":null,"usageCodeSpace":"https://assets.cms.plateau.reearth.io/assets/2c/6a2f27-a1e1-466a-a8cf-4627060f7ca4/13111_ota-ku_pref_2025_citygml_1_op/codelists/Building_usage.xml","majorUsageCodeSpace":null,"measuredHeight":4.1,"storeysAboveGround":1,"rawMeasuredHeight":"4.1","rawStoreysAboveGround":"1","category":"PUBLIC_TRANSPORT","city":"大田区","dataYear":2025,"geometrySource":"lod0RoofEdge","sourceMesh":"53392650"},"geometry":{"type":"Polygon","coordinates":[[[139.7522308,35.5481752],[139.7522286,35.5480963],[139.7523114,35.5480948],[139.7523137,35.5481737],[139.7522308,35.5481752]]]}},{"type":"Feature","properties":{"gmlId":"bldg_b3bdf555-3840-45fb-9253-14c6cd331e19","name":null,"usage":"宿泊施設","majorUsage":null,"usageCode":"403","majorUsageCode":null,"usageCodeSpace":"https://assets.cms.plateau.reearth.io/assets/2c/6a2f27-a1e1-466a-a8cf-4627060f7ca4/13111_ota-ku_pref_2025_citygml_1_op/codelists/Building_usage.xml","majorUsageCodeSpace":null,"measuredHeight":37.4,"storeysAboveGround":9,"rawMeasuredHeight":"37.4","rawStoreysAboveGround":"9","category":"COMMERCIAL","city":"大田区","dataYear":2025,"geometrySource":"lod0RoofEdge","sourceMesh":"53392660"},"geometry":{"type":"Polygon","coordinates":[[[139.752418,35.5503708],[139.7524187,35.550239],[139.7525075,35.5502386],[139.7525074,35.5502331],[139.7525659,35.5502328],[139.7525677,35.5504688],[139.7519841,35.550578],[139.7519709,35.5505308],[139.7519498,35.5505348],[139.7519354,35.5504834],[139.7519579,35.5504792],[139.751952,35.5504581],[139.752418,35.5503708]]]}},{"type":"Feature","properties":{"gmlId":"bldg_9f5b2968-269e-4ce4-9595-21bd23bdc3c7","name":null,"usage":"運輸倉庫施設","majorUsage":null,"usageCode":"431","majorUsageCode":null,"usageCodeSpace":"https://assets.cms.plateau.reearth.io/assets/2c/6a2f27-a1e1-466a-a8cf-4627060f7ca4/13111_ota-ku_pref_2025_citygml_1_op/codelists/Building_usage.xml","majorUsageCodeSpace":null,"measuredHeight":7,"storeysAboveGround":1,"rawMeasuredHeight":"7","rawStoreysAboveGround":"1","category":"PUBLIC_TRANSPORT","city":"大田区","dataYear":2025,"geometrySource":"lod0RoofEdge","sourceMesh":"53392650"},"geometry":{"type":"Polygon","coordinates":[[[139.7522428,35.5499873],[139.752241,35.5499875],[139.7521631,35.5500316],[139.7521356,35.5499955],[139.7521189,35.5498665],[139.752226,35.5498573],[139.7522428,35.5499873]]]}},{"type":"Feature","properties":{"gmlId":"bldg_d66d2d51-b18a-42a2-aae4-820543ade01a","name":null,"usage":"運輸倉庫施設","majorUsage":null,"usageCode":"431","majorUsageCode":null,"usageCodeSpace":"https://assets.cms.plateau.reearth.io/assets/2c/6a2f27-a1e1-466a-a8cf-4627060f7ca4/13111_ota-ku_pref_2025_citygml_1_op/codelists/Building_usage.xml","majorUsageCodeSpace":null,"measuredHeight":9.1,"storeysAboveGround":2,"rawMeasuredHeight":"9.1","rawStoreysAboveGround":"2","category":"PUBLIC_TRANSPORT","city":"大田区","dataYear":2025,"geometrySource":"lod0RoofEdge","sourceMesh":"53392670"},"geometry":{"type":"Polygon","coordinates":[[[139.7552013,35.5593825],[139.755218,35.5594623],[139.7552266,35.5594611],[139.7552831,35.5597324],[139.7549399,35.5597802],[139.7548833,35.5595089],[139.7549713,35.5594966],[139.7549547,35.5594168],[139.7552013,35.5593825]]]}},{"type":"Feature","properties":{"gmlId":"bldg_25034c82-9976-4b14-91fb-e9aae6ef0946","name":null,"usage":"運輸倉庫施設","majorUsage":null,"usageCode":"431","majorUsageCode":null,"usageCodeSpace":"https://assets.cms.plateau.reearth.io/assets/2c/6a2f27-a1e1-466a-a8cf-4627060f7ca4/13111_ota-ku_pref_2025_citygml_1_op/codelists/Building_usage.xml","majorUsageCodeSpace":null,"measuredHeight":9,"storeysAboveGround":2,"rawMeasuredHeight":"9","rawStoreysAboveGround":"2","category":"PUBLIC_TRANSPORT","city":"大田区","dataYear":2025,"geometrySource":"lod0RoofEdge","sourceMesh":"53392670"},"geometry":{"type":"Polygon","coordinates":[[[139.754802,35.5590595],[139.7550438,35.5590258],[139.7550579,35.5590933],[139.7551477,35.5590808],[139.7552039,35.5593503],[139.7551919,35.5593519],[139.7548719,35.5593965],[139.75486,35.5593981],[139.7548562,35.5593801],[139.7548447,35.5593817],[139.7548077,35.5592042],[139.7548192,35.5592026],[139.7548039,35.5591287],[139.754816,35.559127],[139.7548129,35.5591118],[139.7547831,35.559116],[139.7547733,35.5590687],[139.754803,35.5590646],[139.754802,35.5590595]]]}},{"type":"Feature","properties":{"gmlId":"bldg_08ac03a4-4de3-4004-9b8e-ac63595a5db1","name":null,"usage":"運輸倉庫施設","majorUsage":null,"usageCode":"431","majorUsageCode":null,"usageCodeSpace":"https://assets.cms.plateau.reearth.io/assets/2c/6a2f27-a1e1-466a-a8cf-4627060f7ca4/13111_ota-ku_pref_2025_citygml_1_op/codelists/Building_usage.xml","majorUsageCodeSpace":null,"measuredHeight":3.7,"storeysAboveGround":1,"rawMeasuredHeight":"3.7","rawStoreysAboveGround":"1","category":"PUBLIC_TRANSPORT","city":"大田区","dataYear":2025,"geometrySource":"lod0RoofEdge","sourceMesh":"53392650"},"geometry":{"type":"Polygon","coordinates":[[[139.7521344,35.5482446],[139.7521026,35.5481611],[139.7521758,35.5481425],[139.7522076,35.5482259],[139.7521344,35.5482446]]]}},{"type":"Feature","properties":{"gmlId":"bldg_b9664775-1491-4c7f-a245-efe76688ce10","name":null,"usage":"運輸倉庫施設","majorUsage":null,"usageCode":"431","majorUsageCode":null,"usageCodeSpace":"https://assets.cms.plateau.reearth.io/assets/2c/6a2f27-a1e1-466a-a8cf-4627060f7ca4/13111_ota-ku_pref_2025_citygml_1_op/codelists/Building_usage.xml","majorUsageCodeSpace":null,"measuredHeight":14.1,"storeysAboveGround":2,"rawMeasuredHeight":"14.1","rawStoreysAboveGround":"2","category":"PUBLIC_TRANSPORT","city":"大田区","dataYear":2025,"geometrySource":"lod0RoofEdge","sourceMesh":"53392681"},"geometry":{"type":"Polygon","coordinates":[[[139.7641967,35.5682424],[139.7640124,35.5679959],[139.7642442,35.5678802],[139.7644285,35.5681267],[139.7641967,35.5682424]]]}},{"type":"Feature","properties":{"gmlId":"bldg_50723da8-d923-4d7c-b3d7-b4f9916d726f","name":null,"usage":"店舗等併用住宅","majorUsage":null,"usageCode":"413","majorUsageCode":null,"usageCodeSpace":"https://assets.cms.plateau.reearth.io/assets/2c/6a2f27-a1e1-466a-a8cf-4627060f7ca4/13111_ota-ku_pref_2025_citygml_1_op/codelists/Building_usage.xml","majorUsageCodeSpace":null,"measuredHeight":7.2,"storeysAboveGround":2,"rawMeasuredHeight":"7.2","rawStoreysAboveGround":"2","category":"COMMERCIAL","city":"大田区","dataYear":2025,"geometrySource":"lod0RoofEdge","sourceMesh":"53392650"},"geometry":{"type":"Polygon","coordinates":[[[139.7520659,35.5482928],[139.7520632,35.5482858],[139.7520452,35.5482905],[139.7520243,35.5482361],[139.752045,35.5482307],[139.7520259,35.5481811],[139.7520992,35.5481621],[139.7521419,35.5482731],[139.7520659,35.5482928]]]}},{"type":"Feature","properties":{"gmlId":"bldg_c196d153-a38a-422d-8148-d62e954b8c61","name":null,"usage":"店舗等併用住宅","majorUsage":null,"usageCode":"413","majorUsageCode":null,"usageCodeSpace":"https://assets.cms.plateau.reearth.io/assets/2c/6a2f27-a1e1-466a-a8cf-4627060f7ca4/13111_ota-ku_pref_2025_citygml_1_op/codelists/Building_usage.xml","majorUsageCodeSpace":null,"measuredHeight":2.4,"storeysAboveGround":null,"rawMeasuredHeight":"2.4","rawStoreysAboveGround":"9999","category":"COMMERCIAL","city":"大田区","dataYear":2025,"geometrySource":"lod0RoofEdge","sourceMesh":"53392650"},"geometry":{"type":"Polygon","coordinates":[[[139.752015,35.5482894],[139.7519939,35.5482893],[139.7519945,35.5482496],[139.7520156,35.5482498],[139.752015,35.5482894]]]}},{"type":"Feature","properties":{"gmlId":"bldg_162e8cd4-efb8-4c12-adca-f1bee3b074ff","name":null,"usage":"運輸倉庫施設","majorUsage":null,"usageCode":"431","majorUsageCode":null,"usageCodeSpace":"https://assets.cms.plateau.reearth.io/assets/2c/6a2f27-a1e1-466a-a8cf-4627060f7ca4/13111_ota-ku_pref_2025_citygml_1_op/codelists/Building_usage.xml","majorUsageCodeSpace":null,"measuredHeight":19.2,"storeysAboveGround":5,"rawMeasuredHeight":"19.2","rawStoreysAboveGround":"5","category":"PUBLIC_TRANSPORT","city":"大田区","dataYear":2025,"geometrySource":"lod0RoofEdge","sourceMesh":"53392680"},"geometry":{"type":"Polygon","coordinates":[[[139.7621073,35.5670986],[139.7621731,35.5670656],[139.7619843,35.5668136],[139.7624128,35.5665995],[139.7626431,35.566908],[139.7621178,35.5671747],[139.7620734,35.5671155],[139.7621073,35.5670986]]]}},{"type":"Feature","properties":{"gmlId":"bldg_b5951466-e2d6-45c9-b4a7-f58183680c13","name":null,"usage":"店舗等併用住宅","majorUsage":null,"usageCode":"413","majorUsageCode":null,"usageCodeSpace":"https://assets.cms.plateau.reearth.io/assets/2c/6a2f27-a1e1-466a-a8cf-4627060f7ca4/13111_ota-ku_pref_2025_citygml_1_op/codelists/Building_usage.xml","majorUsageCodeSpace":null,"measuredHeight":9.7,"storeysAboveGround":3,"rawMeasuredHeight":"9.7","rawStoreysAboveGround":"3","category":"COMMERCIAL","city":"大田区","dataYear":2025,"geometrySource":"lod0RoofEdge","sourceMesh":"53392650"},"geometry":{"type":"Polygon","coordinates":[[[139.7518269,35.549113],[139.7518173,35.5490551],[139.7519756,35.5490378],[139.751985,35.5490957],[139.7518269,35.549113]]]}},{"type":"Feature","properties":{"gmlId":"bldg_f6a4c057-caa2-4d25-9f58-dd57a0601347","name":null,"usage":"運輸倉庫施設","majorUsage":null,"usageCode":"431","majorUsageCode":null,"usageCodeSpace":"https://assets.cms.plateau.reearth.io/assets/2c/6a2f27-a1e1-466a-a8cf-4627060f7ca4/13111_ota-ku_pref_2025_citygml_1_op/codelists/Building_usage.xml","majorUsageCodeSpace":null,"measuredHeight":14.4,"storeysAboveGround":5,"rawMeasuredHeight":"14.4","rawStoreysAboveGround":"5","category":"PUBLIC_TRANSPORT","city":"大田区","dataYear":2025,"geometrySource":"lod0RoofEdge","sourceMesh":"53392680"},"geometry":{"type":"Polygon","coordinates":[[[139.7619843,35.5668136],[139.7621731,35.5670656],[139.7621073,35.5670986],[139.7619186,35.5668464],[139.7619843,35.5668136]]]}},{"type":"Feature","properties":{"gmlId":"bldg_f7ae210f-6844-4b5f-a6e9-f71ca3f43640","name":null,"usage":"運輸倉庫施設","majorUsage":null,"usageCode":"431","majorUsageCode":null,"usageCodeSpace":"https://assets.cms.plateau.reearth.io/assets/2c/6a2f27-a1e1-466a-a8cf-4627060f7ca4/13111_ota-ku_pref_2025_citygml_1_op/codelists/Building_usage.xml","majorUsageCodeSpace":null,"measuredHeight":8.6,"storeysAboveGround":2,"rawMeasuredHeight":"8.6","rawStoreysAboveGround":"2","category":"PUBLIC_TRANSPORT","city":"大田区","dataYear":2025,"geometrySource":"lod0RoofEdge","sourceMesh":"53392670"},"geometry":{"type":"Polygon","coordinates":[[[139.7549628,35.559835],[139.7549531,35.5597883],[139.7552877,35.5597417],[139.7553447,35.5600155],[139.755342,35.5600159],[139.7552506,35.5601204],[139.7550282,35.5601514],[139.7550057,35.5600425],[139.755006,35.5600425],[139.7550005,35.5600158],[139.7549761,35.5600207],[139.7549639,35.5599611],[139.7549525,35.5599627],[139.7549275,35.5598415],[139.7549628,35.559835]]]}},{"type":"Feature","properties":{"gmlId":"bldg_aa2ca5e9-12c3-458e-a899-0e5dc2bedb8d","name":null,"usage":"宿泊施設","majorUsage":null,"usageCode":"403","majorUsageCode":null,"usageCodeSpace":"https://assets.cms.plateau.reearth.io/assets/2c/6a2f27-a1e1-466a-a8cf-4627060f7ca4/13111_ota-ku_pref_2025_citygml_1_op/codelists/Building_usage.xml","majorUsageCodeSpace":null,"measuredHeight":7.3,"storeysAboveGround":1,"rawMeasuredHeight":"7.3","rawStoreysAboveGround":"1","category":"COMMERCIAL","city":"大田区","dataYear":2025,"geometrySource":"lod0RoofEdge","sourceMesh":"53392660"},"geometry":{"type":"Polygon","coordinates":[[[139.7518556,35.5503932],[139.7519072,35.5503792],[139.7519401,35.5504606],[139.7518884,35.5504745],[139.7518556,35.5503932]]]}},{"type":"Feature","properties":{"gmlId":"bldg_31bb97d0-b27e-4577-8a76-ce19ab842288","name":null,"usage":"運輸倉庫施設","majorUsage":null,"usageCode":"431","majorUsageCode":null,"usageCodeSpace":"https://assets.cms.plateau.reearth.io/assets/2c/6a2f27-a1e1-466a-a8cf-4627060f7ca4/13111_ota-ku_pref_2025_citygml_1_op/codelists/Building_usage.xml","majorUsageCodeSpace":null,"measuredHeight":null,"storeysAboveGround":null,"rawMeasuredHeight":"-9999","rawStoreysAboveGround":"9999","category":"PUBLIC_TRANSPORT","city":"大田区","dataYear":2025,"geometrySource":"lod0RoofEdge","sourceMesh":"53392670"},"geometry":{"type":"Polygon","coordinates":[[[139.7553927,35.5605843],[139.755415,35.5605811],[139.755419,35.5606],[139.7553968,35.5606032],[139.7553927,35.5605843]]]}},{"type":"Feature","properties":{"gmlId":"bldg_fe9ea24c-ef66-4cff-b85c-5f49d74d2c1f","name":null,"usage":"運輸倉庫施設","majorUsage":null,"usageCode":"431","majorUsageCode":null,"usageCodeSpace":"https://assets.cms.plateau.reearth.io/assets/2c/6a2f27-a1e1-466a-a8cf-4627060f7ca4/13111_ota-ku_pref_2025_citygml_1_op/codelists/Building_usage.xml","majorUsageCodeSpace":null,"measuredHeight":null,"storeysAboveGround":null,"rawMeasuredHeight":"-9999","rawStoreysAboveGround":"9999","category":"PUBLIC_TRANSPORT","city":"大田区","dataYear":2025,"geometrySource":"lod0RoofEdge","sourceMesh":"53392670"},"geometry":{"type":"Polygon","coordinates":[[[139.755343,35.5605943],[139.7553763,35.5605896],[139.7553806,35.5606099],[139.7553473,35.5606146],[139.755343,35.5605943]]]}},{"type":"Feature","properties":{"gmlId":"bldg_7355cfee-df5f-4ff4-83bd-9c1bff61b2f7","name":null,"usage":"運輸倉庫施設","majorUsage":null,"usageCode":"431","majorUsageCode":null,"usageCodeSpace":"https://assets.cms.plateau.reearth.io/assets/2c/6a2f27-a1e1-466a-a8cf-4627060f7ca4/13111_ota-ku_pref_2025_citygml_1_op/codelists/Building_usage.xml","majorUsageCodeSpace":null,"measuredHeight":4.9,"storeysAboveGround":2,"rawMeasuredHeight":"4.9","rawStoreysAboveGround":"2","category":"PUBLIC_TRANSPORT","city":"大田区","dataYear":2025,"geometrySource":"lod0RoofEdge","sourceMesh":"53392650"},"geometry":{"type":"Polygon","coordinates":[[[139.7518308,35.5478832],[139.7517691,35.547907],[139.7517346,35.5478473],[139.7517963,35.5478235],[139.7518308,35.5478832]]]}},{"type":"Feature","properties":{"gmlId":"bldg_b8aea0f0-64dd-4193-97e5-8de2d8125e82","name":null,"usage":"運輸倉庫施設","majorUsage":null,"usageCode":"431","majorUsageCode":null,"usageCodeSpace":"https://assets.cms.plateau.reearth.io/assets/2c/6a2f27-a1e1-466a-a8cf-4627060f7ca4/13111_ota-ku_pref_2025_citygml_1_op/codelists/Building_usage.xml","majorUsageCodeSpace":null,"measuredHeight":11.1,"storeysAboveGround":3,"rawMeasuredHeight":"11.1","rawStoreysAboveGround":"3","category":"PUBLIC_TRANSPORT","city":"大田区","dataYear":2025,"geometrySource":"lod0RoofEdge","sourceMesh":"53392670"},"geometry":{"type":"Polygon","coordinates":[[[139.7550586,35.5602499],[139.7553809,35.5602026],[139.7554375,35.560473],[139.7554567,35.5605632],[139.7551373,35.5606103],[139.7551191,35.5605248],[139.7550692,35.5602979],[139.7550466,35.5603001],[139.7550382,35.5602635],[139.7550611,35.5602612],[139.7550586,35.5602499]]]}},{"type":"Feature","properties":{"gmlId":"bldg_20cf01a2-30ad-44de-96bf-3c52ac47c197","name":null,"usage":"運輸倉庫施設","majorUsage":null,"usageCode":"431","majorUsageCode":null,"usageCodeSpace":"https://assets.cms.plateau.reearth.io/assets/2c/6a2f27-a1e1-466a-a8cf-4627060f7ca4/13111_ota-ku_pref_2025_citygml_1_op/codelists/Building_usage.xml","majorUsageCodeSpace":null,"measuredHeight":2.1,"storeysAboveGround":null,"rawMeasuredHeight":"2.1","rawStoreysAboveGround":"9999","category":"PUBLIC_TRANSPORT","city":"大田区","dataYear":2025,"geometrySource":"lod0RoofEdge","sourceMesh":"53392670"},"geometry":{"type":"Polygon","coordinates":[[[139.7552784,35.5606061],[139.7553324,35.5605985],[139.7553367,35.5606188],[139.7552827,35.5606265],[139.7552784,35.5606061]]]}},{"type":"Feature","properties":{"gmlId":"bldg_a024f7c5-ab72-4bed-b466-30efc63d68ee","name":null,"usage":"運輸倉庫施設","majorUsage":null,"usageCode":"431","majorUsageCode":null,"usageCodeSpace":"https://assets.cms.plateau.reearth.io/assets/2c/6a2f27-a1e1-466a-a8cf-4627060f7ca4/13111_ota-ku_pref_2025_citygml_1_op/codelists/Building_usage.xml","majorUsageCodeSpace":null,"measuredHeight":5.2,"storeysAboveGround":2,"rawMeasuredHeight":"5.2","rawStoreysAboveGround":"2","category":"PUBLIC_TRANSPORT","city":"大田区","dataYear":2025,"geometrySource":"lod0RoofEdge","sourceMesh":"53392650"},"geometry":{"type":"Polygon","coordinates":[[[139.7517582,35.5479129],[139.7516922,35.5479381],[139.7516591,35.5478805],[139.7517251,35.5478552],[139.7517582,35.5479129]]]}},{"type":"Feature","properties":{"gmlId":"bldg_1174d412-63b5-4611-a8fc-cc3221c84301","name":null,"usage":"運輸倉庫施設","majorUsage":null,"usageCode":"431","majorUsageCode":null,"usageCodeSpace":"https://assets.cms.plateau.reearth.io/assets/2c/6a2f27-a1e1-466a-a8cf-4627060f7ca4/13111_ota-ku_pref_2025_citygml_1_op/codelists/Building_usage.xml","majorUsageCodeSpace":null,"measuredHeight":39.8,"storeysAboveGround":6,"rawMeasuredHeight":"39.8","rawStoreysAboveGround":"6","category":"PUBLIC_TRANSPORT","city":"大田区","dataYear":2025,"geometrySource":"lod0RoofEdge","sourceMesh":"53392660"},"geometry":{"type":"Polygon","coordinates":[[[139.7519884,35.5530059],[139.751975,35.5532503],[139.7519256,35.5532486],[139.751939,35.5530042],[139.7519884,35.5530059]]]}},{"type":"Feature","properties":{"gmlId":"bldg_d8c9d435-5672-4fab-b6ae-05b3d964ffde","name":null,"usage":"運輸倉庫施設","majorUsage":null,"usageCode":"431","majorUsageCode":null,"usageCodeSpace":"https://assets.cms.plateau.reearth.io/assets/2c/6a2f27-a1e1-466a-a8cf-4627060f7ca4/13111_ota-ku_pref_2025_citygml_1_op/codelists/Building_usage.xml","majorUsageCodeSpace":null,"measuredHeight":2.6,"storeysAboveGround":1,"rawMeasuredHeight":"2.6","rawStoreysAboveGround":"1","category":"PUBLIC_TRANSPORT","city":"大田区","dataYear":2025,"geometrySource":"lod0RoofEdge","sourceMesh":"53392670"},"geometry":{"type":"Polygon","coordinates":[[[139.7549501,35.560312],[139.7550351,35.560299],[139.7550489,35.5603595],[139.7549639,35.5603725],[139.7549501,35.560312]]]}},{"type":"Feature","properties":{"gmlId":"bldg_ed9b760a-c6c3-4869-9640-cde466985fb1","name":null,"usage":"店舗等併用住宅","majorUsage":null,"usageCode":"413","majorUsageCode":null,"usageCodeSpace":"https://assets.cms.plateau.reearth.io/assets/2c/6a2f27-a1e1-466a-a8cf-4627060f7ca4/13111_ota-ku_pref_2025_citygml_1_op/codelists/Building_usage.xml","majorUsageCodeSpace":null,"measuredHeight":9.1,"storeysAboveGround":3,"rawMeasuredHeight":"9.1","rawStoreysAboveGround":"3","category":"COMMERCIAL","city":"大田区","dataYear":2025,"geometrySource":"lod0RoofEdge","sourceMesh":"53392650"},"geometry":{"type":"Polygon","coordinates":[[[139.7515587,35.5495637],[139.7515522,35.5495038],[139.7515987,35.5495005],[139.7516054,35.5495602],[139.7515587,35.5495637]]]}},{"type":"Feature","properties":{"gmlId":"bldg_871ccf5d-d775-47a2-bfd5-bfca752d3a84","name":null,"usage":"運輸倉庫施設","majorUsage":null,"usageCode":"431","majorUsageCode":null,"usageCodeSpace":"https://assets.cms.plateau.reearth.io/assets/2c/6a2f27-a1e1-466a-a8cf-4627060f7ca4/13111_ota-ku_pref_2025_citygml_1_op/codelists/Building_usage.xml","majorUsageCodeSpace":null,"measuredHeight":9.4,"storeysAboveGround":4,"rawMeasuredHeight":"9.4","rawStoreysAboveGround":"4","category":"PUBLIC_TRANSPORT","city":"大田区","dataYear":2025,"geometrySource":"lod0RoofEdge","sourceMesh":"53392681"},"geometry":{"type":"Polygon","coordinates":[[[139.7657808,35.5694988],[139.7655456,35.5691816],[139.7655633,35.569173],[139.7655937,35.5691919],[139.765595,35.5691937],[139.7656166,35.5691832],[139.7656526,35.5691961],[139.7658486,35.5694659],[139.7657808,35.5694988]]]}},{"type":"Feature","properties":{"gmlId":"bldg_7427a5c2-6394-481c-aff3-ce9544f494bc","name":null,"usage":"運輸倉庫施設","majorUsage":null,"usageCode":"431","majorUsageCode":null,"usageCodeSpace":"https://assets.cms.plateau.reearth.io/assets/2c/6a2f27-a1e1-466a-a8cf-4627060f7ca4/13111_ota-ku_pref_2025_citygml_1_op/codelists/Building_usage.xml","majorUsageCodeSpace":null,"measuredHeight":5.2,"storeysAboveGround":2,"rawMeasuredHeight":"5.2","rawStoreysAboveGround":"2","category":"PUBLIC_TRANSPORT","city":"大田区","dataYear":2025,"geometrySource":"lod0RoofEdge","sourceMesh":"53392650"},"geometry":{"type":"Polygon","coordinates":[[[139.7515684,35.5479143],[139.7516376,35.5478877],[139.7516694,35.5479431],[139.7516003,35.5479696],[139.7515684,35.5479143]]]}},{"type":"Feature","properties":{"gmlId":"bldg_958d2602-de86-402d-a7a6-5dd19e3c6bd2","name":null,"usage":"運輸倉庫施設","majorUsage":null,"usageCode":"431","majorUsageCode":null,"usageCodeSpace":"https://assets.cms.plateau.reearth.io/assets/2c/6a2f27-a1e1-466a-a8cf-4627060f7ca4/13111_ota-ku_pref_2025_citygml_1_op/codelists/Building_usage.xml","majorUsageCodeSpace":null,"measuredHeight":15.1,"storeysAboveGround":3,"rawMeasuredHeight":"15.1","rawStoreysAboveGround":"3","category":"PUBLIC_TRANSPORT","city":"大田区","dataYear":2025,"geometrySource":"lod0RoofEdge","sourceMesh":"53392681"},"geometry":{"type":"Polygon","coordinates":[[[139.7631089,35.5681378],[139.7629562,35.5679293],[139.7632561,35.5677826],[139.7634089,35.5679911],[139.7631089,35.5681378]]]}},{"type":"Feature","properties":{"gmlId":"bldg_67a90d63-c17d-4681-9279-bb423be619f4","name":null,"usage":"店舗等併用住宅","majorUsage":null,"usageCode":"413","majorUsageCode":null,"usageCodeSpace":"https://assets.cms.plateau.reearth.io/assets/2c/6a2f27-a1e1-466a-a8cf-4627060f7ca4/13111_ota-ku_pref_2025_citygml_1_op/codelists/Building_usage.xml","majorUsageCodeSpace":null,"measuredHeight":7.3,"storeysAboveGround":2,"rawMeasuredHeight":"7.3","rawStoreysAboveGround":"2","category":"COMMERCIAL","city":"大田区","dataYear":2025,"geometrySource":"lod0RoofEdge","sourceMesh":"53392650"},"geometry":{"type":"Polygon","coordinates":[[[139.751493,35.5495769],[139.7514852,35.5495071],[139.7515339,35.5495037],[139.7515416,35.5495733],[139.751493,35.5495769]]]}},{"type":"Feature","properties":{"gmlId":"bldg_3939b2cc-a1d2-458e-8a8a-451b3220e393","name":null,"usage":"運輸倉庫施設","majorUsage":null,"usageCode":"431","majorUsageCode":null,"usageCodeSpace":"https://assets.cms.plateau.reearth.io/assets/2c/6a2f27-a1e1-466a-a8cf-4627060f7ca4/13111_ota-ku_pref_2025_citygml_1_op/codelists/Building_usage.xml","majorUsageCodeSpace":null,"measuredHeight":14.2,"storeysAboveGround":3,"rawMeasuredHeight":"14.2","rawStoreysAboveGround":"3","category":"PUBLIC_TRANSPORT","city":"大田区","dataYear":2025,"geometrySource":"lod0RoofEdge","sourceMesh":"53392681"},"geometry":{"type":"Polygon","coordinates":[[[139.7631089,35.5681378],[139.7634089,35.5679911],[139.7634123,35.5679958],[139.7634344,35.5679848],[139.7634871,35.5680556],[139.7634432,35.5680774],[139.7634062,35.5680278],[139.7631658,35.5681461],[139.7632066,35.5681974],[139.7631574,35.5682235],[139.7631028,35.5681548],[139.7631164,35.5681476],[139.7631089,35.5681378]]]}},{"type":"Feature","properties":{"gmlId":"bldg_d6ff8e54-1460-4e78-ba09-a63745de6e1b","name":null,"usage":"運輸倉庫施設","majorUsage":null,"usageCode":"431","majorUsageCode":null,"usageCodeSpace":"https://assets.cms.plateau.reearth.io/assets/2c/6a2f27-a1e1-466a-a8cf-4627060f7ca4/13111_ota-ku_pref_2025_citygml_1_op/codelists/Building_usage.xml","majorUsageCodeSpace":null,"measuredHeight":5.2,"storeysAboveGround":2,"rawMeasuredHeight":"5.2","rawStoreysAboveGround":"2","category":"PUBLIC_TRANSPORT","city":"大田区","dataYear":2025,"geometrySource":"lod0RoofEdge","sourceMesh":"53392650"},"geometry":{"type":"Polygon","coordinates":[[[139.7514943,35.5479412],[139.7515613,35.5479165],[139.7515919,35.5479718],[139.7515249,35.5479965],[139.7514943,35.5479412]]]}},{"type":"Feature","properties":{"gmlId":"bldg_4971428c-4bde-4e9b-b8e6-4df9b6629229","name":null,"usage":"店舗等併用住宅","majorUsage":null,"usageCode":"413","majorUsageCode":null,"usageCodeSpace":"https://assets.cms.plateau.reearth.io/assets/2c/6a2f27-a1e1-466a-a8cf-4627060f7ca4/13111_ota-ku_pref_2025_citygml_1_op/codelists/Building_usage.xml","majorUsageCodeSpace":null,"measuredHeight":7.5,"storeysAboveGround":2,"rawMeasuredHeight":"7.5","rawStoreysAboveGround":"2","category":"COMMERCIAL","city":"大田区","dataYear":2025,"geometrySource":"lod0RoofEdge","sourceMesh":"53392660"},"geometry":{"type":"Polygon","coordinates":[[[139.7514471,35.5505242],[139.7514338,35.5504114],[139.7515062,35.5504057],[139.7515154,35.5504839],[139.7514471,35.5505242]]]}},{"type":"Feature","properties":{"gmlId":"bldg_40229fb3-beeb-4d7f-b907-eb9b3a1a1341","name":null,"usage":"店舗等併用住宅","majorUsage":null,"usageCode":"413","majorUsageCode":null,"usageCodeSpace":"https://assets.cms.plateau.reearth.io/assets/2c/6a2f27-a1e1-466a-a8cf-4627060f7ca4/13111_ota-ku_pref_2025_citygml_1_op/codelists/Building_usage.xml","majorUsageCodeSpace":null,"measuredHeight":7.5,"storeysAboveGround":2,"rawMeasuredHeight":"7.5","rawStoreysAboveGround":"2","category":"COMMERCIAL","city":"大田区","dataYear":2025,"geometrySource":"lod0RoofEdge","sourceMesh":"53392650"},"geometry":{"type":"Polygon","coordinates":[[[139.7514365,35.5481184],[139.7514126,35.548068],[139.7514687,35.5480502],[139.7514927,35.5481004],[139.7514365,35.5481184]]]}},{"type":"Feature","properties":{"gmlId":"bldg_f3279d9b-0837-45a0-87d4-50283e48cc3f","name":null,"usage":"運輸倉庫施設","majorUsage":null,"usageCode":"431","majorUsageCode":null,"usageCodeSpace":"https://assets.cms.plateau.reearth.io/assets/2c/6a2f27-a1e1-466a-a8cf-4627060f7ca4/13111_ota-ku_pref_2025_citygml_1_op/codelists/Building_usage.xml","majorUsageCodeSpace":null,"measuredHeight":19.6,"storeysAboveGround":4,"rawMeasuredHeight":"19.6","rawStoreysAboveGround":"4","category":"PUBLIC_TRANSPORT","city":"大田区","dataYear":2025,"geometrySource":"lod0RoofEdge","sourceMesh":"53392681"},"geometry":{"type":"Polygon","coordinates":[[[139.7657808,35.5694988],[139.7655107,35.5696325],[139.7653222,35.5693784],[139.7654305,35.5693249],[139.7653837,35.5692616],[139.7655456,35.5691816],[139.7657808,35.5694988]]]}},{"type":"Feature","properties":{"gmlId":"bldg_e1066342-622b-4a90-8722-2a3ed4d3de11","name":null,"usage":"運輸倉庫施設","majorUsage":null,"usageCode":"431","majorUsageCode":null,"usageCodeSpace":"https://assets.cms.plateau.reearth.io/assets/2c/6a2f27-a1e1-466a-a8cf-4627060f7ca4/13111_ota-ku_pref_2025_citygml_1_op/codelists/Building_usage.xml","majorUsageCodeSpace":null,"measuredHeight":12.8,"storeysAboveGround":1,"rawMeasuredHeight":"12.8","rawStoreysAboveGround":"1","category":"PUBLIC_TRANSPORT","city":"大田区","dataYear":2025,"geometrySource":"lod0RoofEdge","sourceMesh":"53392681"},"geometry":{"type":"Polygon","coordinates":[[[139.7644105,35.5688987],[139.7643316,35.568789],[139.7644102,35.5687512],[139.7644891,35.5688611],[139.7644105,35.5688987]]]}},{"type":"Feature","properties":{"gmlId":"bldg_305a481d-2268-44da-aaeb-9535244378c4","name":null,"usage":"店舗等併用住宅","majorUsage":null,"usageCode":"413","majorUsageCode":null,"usageCodeSpace":"https://assets.cms.plateau.reearth.io/assets/2c/6a2f27-a1e1-466a-a8cf-4627060f7ca4/13111_ota-ku_pref_2025_citygml_1_op/codelists/Building_usage.xml","majorUsageCodeSpace":null,"measuredHeight":10.2,"storeysAboveGround":3,"rawMeasuredHeight":"10.2","rawStoreysAboveGround":"3","category":"COMMERCIAL","city":"大田区","dataYear":2025,"geometrySource":"lod0RoofEdge","sourceMesh":"53392650"},"geometry":{"type":"Polygon","coordinates":[[[139.7516246,35.5466784],[139.7515259,35.5466911],[139.7515123,35.5466201],[139.751611,35.5466074],[139.7516246,35.5466784]]]}},{"type":"Feature","properties":{"gmlId":"bldg_6a6d30a0-0c94-4cff-b856-ee569b143a5e","name":null,"usage":"運輸倉庫施設","majorUsage":null,"usageCode":"431","majorUsageCode":null,"usageCodeSpace":"https://assets.cms.plateau.reearth.io/assets/2c/6a2f27-a1e1-466a-a8cf-4627060f7ca4/13111_ota-ku_pref_2025_citygml_1_op/codelists/Building_usage.xml","majorUsageCodeSpace":null,"measuredHeight":12.7,"storeysAboveGround":4,"rawMeasuredHeight":"12.7","rawStoreysAboveGround":"4","category":"PUBLIC_TRANSPORT","city":"大田区","dataYear":2025,"geometrySource":"lod0RoofEdge","sourceMesh":"53392680"},"geometry":{"type":"Polygon","coordinates":[[[139.7618381,35.5673503],[139.7617872,35.5673762],[139.7617507,35.5673277],[139.7615785,35.5670984],[139.7616278,35.5670738],[139.7618208,35.5673277],[139.7618381,35.5673503]]]}},{"type":"Feature","properties":{"gmlId":"bldg_969c2260-c2d7-4ba5-b13a-b73ceaea2b1c","name":null,"usage":"運輸倉庫施設","majorUsage":null,"usageCode":"431","majorUsageCode":null,"usageCodeSpace":"https://assets.cms.plateau.reearth.io/assets/2c/6a2f27-a1e1-466a-a8cf-4627060f7ca4/13111_ota-ku_pref_2025_citygml_1_op/codelists/Building_usage.xml","majorUsageCodeSpace":null,"measuredHeight":null,"storeysAboveGround":null,"rawMeasuredHeight":"-9999","rawStoreysAboveGround":"9999","category":"PUBLIC_TRANSPORT","city":"大田区","dataYear":2025,"geometrySource":"lod0RoofEdge","sourceMesh":"53392670"},"geometry":{"type":"Polygon","coordinates":[[[139.753942,35.5590467],[139.7539613,35.5590436],[139.7539765,35.5591072],[139.7539572,35.5591102],[139.753942,35.5590467]]]}},{"type":"Feature","properties":{"gmlId":"bldg_2362d1b4-5721-4556-8737-c4a66ffcf43b","name":null,"usage":"店舗等併用住宅","majorUsage":null,"usageCode":"413","majorUsageCode":null,"usageCodeSpace":"https://assets.cms.plateau.reearth.io/assets/2c/6a2f27-a1e1-466a-a8cf-4627060f7ca4/13111_ota-ku_pref_2025_citygml_1_op/codelists/Building_usage.xml","majorUsageCodeSpace":null,"measuredHeight":11.3,"storeysAboveGround":2,"rawMeasuredHeight":"11.3","rawStoreysAboveGround":"2","category":"COMMERCIAL","city":"大田区","dataYear":2025,"geometrySource":"lod0RoofEdge","sourceMesh":"53392660"},"geometry":{"type":"Polygon","coordinates":[[[139.7513236,35.5503818],[139.751403,35.5503742],[139.7514094,35.550419],[139.75133,35.5504265],[139.7513236,35.5503818]]]}},{"type":"Feature","properties":{"gmlId":"bldg_5b56da42-62f2-44b1-a016-5d4031fb6686","name":null,"usage":"運輸倉庫施設","majorUsage":null,"usageCode":"431","majorUsageCode":null,"usageCodeSpace":"https://assets.cms.plateau.reearth.io/assets/2c/6a2f27-a1e1-466a-a8cf-4627060f7ca4/13111_ota-ku_pref_2025_citygml_1_op/codelists/Building_usage.xml","majorUsageCodeSpace":null,"measuredHeight":5.3,"storeysAboveGround":1,"rawMeasuredHeight":"5.3","rawStoreysAboveGround":"1","category":"PUBLIC_TRANSPORT","city":"大田区","dataYear":2025,"geometrySource":"lod0RoofEdge","sourceMesh":"53392670"},"geometry":{"type":"Polygon","coordinates":[[[139.7538843,35.5591712],[139.7540026,35.5591467],[139.7540655,35.5593642],[139.7539471,35.5593885],[139.7538843,35.5591712]]]}},{"type":"Feature","properties":{"gmlId":"bldg_4cf224c9-2ce5-404e-a500-2c822025c178","name":null,"usage":"店舗等併用住宅","majorUsage":null,"usageCode":"413","majorUsageCode":null,"usageCodeSpace":"https://assets.cms.plateau.reearth.io/assets/2c/6a2f27-a1e1-466a-a8cf-4627060f7ca4/13111_ota-ku_pref_2025_citygml_1_op/codelists/Building_usage.xml","majorUsageCodeSpace":null,"measuredHeight":7.1,"storeysAboveGround":2,"rawMeasuredHeight":"7.1","rawStoreysAboveGround":"2","category":"COMMERCIAL","city":"大田区","dataYear":2025,"geometrySource":"lod0RoofEdge","sourceMesh":"53392650"},"geometry":{"type":"Polygon","coordinates":[[[139.7512984,35.5479401],[139.7512684,35.5478814],[139.7513019,35.54787],[139.751332,35.5479287],[139.7512984,35.5479401]]]}},{"type":"Feature","properties":{"gmlId":"bldg_86503f17-22df-4d4a-a01c-7c8b12257ad4","name":null,"usage":"運輸倉庫施設","majorUsage":null,"usageCode":"431","majorUsageCode":null,"usageCodeSpace":"https://assets.cms.plateau.reearth.io/assets/2c/6a2f27-a1e1-466a-a8cf-4627060f7ca4/13111_ota-ku_pref_2025_citygml_1_op/codelists/Building_usage.xml","majorUsageCodeSpace":null,"measuredHeight":20.6,"storeysAboveGround":4,"rawMeasuredHeight":"20.6","rawStoreysAboveGround":"4","category":"PUBLIC_TRANSPORT","city":"大田区","dataYear":2025,"geometrySource":"lod0RoofEdge","sourceMesh":"53392680"},"geometry":{"type":"Polygon","coordinates":[[[139.7616264,35.5674781],[139.7613808,35.5676012],[139.7611748,35.5673273],[139.7611181,35.5672519],[139.7613664,35.5671273],[139.7613858,35.5671532],[139.7615245,35.5670834],[139.7615096,35.5670638],[139.7616444,35.5669962],[139.7616821,35.5670465],[139.7616278,35.5670738],[139.7615785,35.5670984],[139.7617507,35.5673277],[139.7617872,35.5673762],[139.7616487,35.5674456],[139.7616389,35.5674326],[139.761605,35.5674495],[139.7616264,35.5674781]]]}},{"type":"Feature","properties":{"gmlId":"bldg_887dc6bb-f214-4f5a-bdb5-8a346c18c0ee","name":null,"usage":"運輸倉庫施設","majorUsage":null,"usageCode":"431","majorUsageCode":null,"usageCodeSpace":"https://assets.cms.plateau.reearth.io/assets/2c/6a2f27-a1e1-466a-a8cf-4627060f7ca4/13111_ota-ku_pref_2025_citygml_1_op/codelists/Building_usage.xml","majorUsageCodeSpace":null,"measuredHeight":6.7,"storeysAboveGround":1,"rawMeasuredHeight":"6.7","rawStoreysAboveGround":"1","category":"PUBLIC_TRANSPORT","city":"大田区","dataYear":2025,"geometrySource":"lod0RoofEdge","sourceMesh":"53392670"},"geometry":{"type":"Polygon","coordinates":[[[139.754763,35.5605964],[139.7547032,35.5605946],[139.7547064,35.5605463],[139.7547662,35.5605481],[139.754763,35.5605964]]]}},{"type":"Feature","properties":{"gmlId":"bldg_59d0571c-cbe8-441d-8d5c-b5c08756367a","name":null,"usage":"運輸倉庫施設","majorUsage":null,"usageCode":"431","majorUsageCode":null,"usageCodeSpace":"https://assets.cms.plateau.reearth.io/assets/2c/6a2f27-a1e1-466a-a8cf-4627060f7ca4/13111_ota-ku_pref_2025_citygml_1_op/codelists/Building_usage.xml","majorUsageCodeSpace":null,"measuredHeight":11.5,"storeysAboveGround":1,"rawMeasuredHeight":"11.5","rawStoreysAboveGround":"1","category":"PUBLIC_TRANSPORT","city":"大田区","dataYear":2025,"geometrySource":"lod0RoofEdge","sourceMesh":"53392681"},"geometry":{"type":"Polygon","coordinates":[[[139.7644701,35.569181],[139.7643041,35.5689626],[139.7645405,35.5688424],[139.7647067,35.5690609],[139.7644701,35.569181]]]}},{"type":"Feature","properties":{"gmlId":"bldg_3d9a56a1-0d10-4dc6-8401-1f3238d7dfe3","name":null,"usage":"運輸倉庫施設","majorUsage":null,"usageCode":"431","majorUsageCode":null,"usageCodeSpace":"https://assets.cms.plateau.reearth.io/assets/2c/6a2f27-a1e1-466a-a8cf-4627060f7ca4/13111_ota-ku_pref_2025_citygml_1_op/codelists/Building_usage.xml","majorUsageCodeSpace":null,"measuredHeight":4.9,"storeysAboveGround":1,"rawMeasuredHeight":"4.9","rawStoreysAboveGround":"1","category":"PUBLIC_TRANSPORT","city":"大田区","dataYear":2025,"geometrySource":"lod0RoofEdge","sourceMesh":"53392670"},"geometry":{"type":"Polygon","coordinates":[[[139.7539786,35.5594716],[139.7540908,35.5594485],[139.7541783,35.559737],[139.754066,35.5597597],[139.7539786,35.5594716]]]}},{"type":"Feature","properties":{"gmlId":"bldg_75780d03-3825-47cc-a479-d275274e2031","name":null,"usage":"運輸倉庫施設","majorUsage":null,"usageCode":"431","majorUsageCode":null,"usageCodeSpace":"https://assets.cms.plateau.reearth.io/assets/2c/6a2f27-a1e1-466a-a8cf-4627060f7ca4/13111_ota-ku_pref_2025_citygml_1_op/codelists/Building_usage.xml","majorUsageCodeSpace":null,"measuredHeight":2.7,"storeysAboveGround":1,"rawMeasuredHeight":"2.7","rawStoreysAboveGround":"1","category":"PUBLIC_TRANSPORT","city":"大田区","dataYear":2025,"geometrySource":"lod0RoofEdge","sourceMesh":"53392670"},"geometry":{"type":"Polygon","coordinates":[[[139.7548096,35.5607682],[139.7548627,35.5607677],[139.7548637,35.5608301],[139.7548105,35.5608306],[139.7548096,35.5607682]]]}},{"type":"Feature","properties":{"gmlId":"bldg_dcee4d74-966b-41f4-ac0d-67dc77c5475c","name":null,"usage":"運輸倉庫施設","majorUsage":null,"usageCode":"431","majorUsageCode":null,"usageCodeSpace":"https://assets.cms.plateau.reearth.io/assets/2c/6a2f27-a1e1-466a-a8cf-4627060f7ca4/13111_ota-ku_pref_2025_citygml_1_op/codelists/Building_usage.xml","majorUsageCodeSpace":null,"measuredHeight":3.3,"storeysAboveGround":1,"rawMeasuredHeight":"3.3","rawStoreysAboveGround":"1","category":"PUBLIC_TRANSPORT","city":"大田区","dataYear":2025,"geometrySource":"lod0RoofEdge","sourceMesh":"53392670"},"geometry":{"type":"Polygon","coordinates":[[[139.7550665,35.561226],[139.7550498,35.5611744],[139.7550818,35.5611675],[139.7550985,35.561219],[139.7550665,35.561226]]]}},{"type":"Feature","properties":{"gmlId":"bldg_c3e1f2be-4fd7-4c73-a734-62121fe88445","name":null,"usage":"運輸倉庫施設","majorUsage":null,"usageCode":"431","majorUsageCode":null,"usageCodeSpace":"https://assets.cms.plateau.reearth.io/assets/2c/6a2f27-a1e1-466a-a8cf-4627060f7ca4/13111_ota-ku_pref_2025_citygml_1_op/codelists/Building_usage.xml","majorUsageCodeSpace":null,"measuredHeight":4.2,"storeysAboveGround":1,"rawMeasuredHeight":"4.2","rawStoreysAboveGround":"1","category":"PUBLIC_TRANSPORT","city":"大田区","dataYear":2025,"geometrySource":"lod0RoofEdge","sourceMesh":"53392670"},"geometry":{"type":"Polygon","coordinates":[[[139.7551414,35.5613104],[139.7550766,35.5613255],[139.755063,35.5612864],[139.7551279,35.5612713],[139.7551414,35.5613104]]]}},{"type":"Feature","properties":{"gmlId":"bldg_20eb31ca-f833-42f7-96ad-c4c5c52063bd","name":null,"usage":"運輸倉庫施設","majorUsage":null,"usageCode":"431","majorUsageCode":null,"usageCodeSpace":"https://assets.cms.plateau.reearth.io/assets/2c/6a2f27-a1e1-466a-a8cf-4627060f7ca4/13111_ota-ku_pref_2025_citygml_1_op/codelists/Building_usage.xml","majorUsageCodeSpace":null,"measuredHeight":10,"storeysAboveGround":3,"rawMeasuredHeight":"10","rawStoreysAboveGround":"3","category":"PUBLIC_TRANSPORT","city":"大田区","dataYear":2025,"geometrySource":"lod0RoofEdge","sourceMesh":"53392670"},"geometry":{"type":"Polygon","coordinates":[[[139.7542186,35.5598702],[139.7541777,35.5598784],[139.7541772,35.5598767],[139.7541691,35.5598782],[139.7541051,35.5598908],[139.7540968,35.5598631],[139.7540963,35.5598633],[139.7540952,35.5598598],[139.7540802,35.5598628],[139.7540577,35.5597889],[139.754073,35.5597858],[139.7540696,35.5597745],[139.7541831,35.5597517],[139.7542186,35.5598702]]]}},{"type":"Feature","properties":{"gmlId":"bldg_50e5f1b8-ea24-4f75-ae5b-327bb0911c6c","name":null,"usage":"運輸倉庫施設","majorUsage":null,"usageCode":"431","majorUsageCode":null,"usageCodeSpace":"https://assets.cms.plateau.reearth.io/assets/2c/6a2f27-a1e1-466a-a8cf-4627060f7ca4/13111_ota-ku_pref_2025_citygml_1_op/codelists/Building_usage.xml","majorUsageCodeSpace":null,"measuredHeight":4.6,"storeysAboveGround":1,"rawMeasuredHeight":"4.6","rawStoreysAboveGround":"1","category":"PUBLIC_TRANSPORT","city":"大田区","dataYear":2025,"geometrySource":"lod0RoofEdge","sourceMesh":"53392670"},"geometry":{"type":"Polygon","coordinates":[[[139.7551568,35.5613538],[139.7550916,35.5613694],[139.7550782,35.5613317],[139.7551434,35.5613162],[139.7551568,35.5613538]]]}},{"type":"Feature","properties":{"gmlId":"bldg_ed2b3728-447e-4686-bd59-e86199dbcbc3","name":null,"usage":"運輸倉庫施設","majorUsage":null,"usageCode":"431","majorUsageCode":null,"usageCodeSpace":"https://assets.cms.plateau.reearth.io/assets/2c/6a2f27-a1e1-466a-a8cf-4627060f7ca4/13111_ota-ku_pref_2025_citygml_1_op/codelists/Building_usage.xml","majorUsageCodeSpace":null,"measuredHeight":3.3,"storeysAboveGround":1,"rawMeasuredHeight":"3.3","rawStoreysAboveGround":"1","category":"PUBLIC_TRANSPORT","city":"大田区","dataYear":2025,"geometrySource":"lod0RoofEdge","sourceMesh":"53392670"},"geometry":{"type":"Polygon","coordinates":[[[139.7550223,35.5612371],[139.755004,35.5611858],[139.7550342,35.5611787],[139.7550525,35.5612299],[139.7550223,35.5612371]]]}},{"type":"Feature","properties":{"gmlId":"bldg_4375bbd8-4c32-4710-9378-b2b0b5788ae4","name":null,"usage":"運輸倉庫施設","majorUsage":null,"usageCode":"431","majorUsageCode":null,"usageCodeSpace":"https://assets.cms.plateau.reearth.io/assets/2c/6a2f27-a1e1-466a-a8cf-4627060f7ca4/13111_ota-ku_pref_2025_citygml_1_op/codelists/Building_usage.xml","majorUsageCodeSpace":null,"measuredHeight":10.8,"storeysAboveGround":2,"rawMeasuredHeight":"10.8","rawStoreysAboveGround":"2","category":"PUBLIC_TRANSPORT","city":"大田区","dataYear":2025,"geometrySource":"lod0RoofEdge","sourceMesh":"53392670"},"geometry":{"type":"Polygon","coordinates":[[[139.7550431,35.5613911],[139.755162,35.5613614],[139.7552276,35.5615366],[139.7551086,35.5615663],[139.7550431,35.5613911]]]}},{"type":"Feature","properties":{"gmlId":"bldg_5525dd9c-2db2-4e7d-af05-3e6e854383f0","name":null,"usage":"運輸倉庫施設","majorUsage":null,"usageCode":"431","majorUsageCode":null,"usageCodeSpace":"https://assets.cms.plateau.reearth.io/assets/2c/6a2f27-a1e1-466a-a8cf-4627060f7ca4/13111_ota-ku_pref_2025_citygml_1_op/codelists/Building_usage.xml","majorUsageCodeSpace":null,"measuredHeight":5.8,"storeysAboveGround":2,"rawMeasuredHeight":"5.8","rawStoreysAboveGround":"2","category":"PUBLIC_TRANSPORT","city":"大田区","dataYear":2025,"geometrySource":"lod0RoofEdge","sourceMesh":"53392650"},"geometry":{"type":"Polygon","coordinates":[[[139.7510002,35.5497608],[139.7509817,35.5496653],[139.7510248,35.5496598],[139.7510433,35.5497553],[139.7510002,35.5497608]]]}},{"type":"Feature","properties":{"gmlId":"bldg_247eb8cc-be6a-4c79-afde-3fd93fcba7c5","name":null,"usage":"運輸倉庫施設","majorUsage":null,"usageCode":"431","majorUsageCode":null,"usageCodeSpace":"https://assets.cms.plateau.reearth.io/assets/2c/6a2f27-a1e1-466a-a8cf-4627060f7ca4/13111_ota-ku_pref_2025_citygml_1_op/codelists/Building_usage.xml","majorUsageCodeSpace":null,"measuredHeight":4.5,"storeysAboveGround":1,"rawMeasuredHeight":"4.5","rawStoreysAboveGround":"1","category":"PUBLIC_TRANSPORT","city":"大田区","dataYear":2025,"geometrySource":"lod0RoofEdge","sourceMesh":"53392670"},"geometry":{"type":"Polygon","coordinates":[[[139.7536153,35.5590844],[139.7536674,35.5592587],[139.7535868,35.5592744],[139.7535346,35.5591001],[139.7536153,35.5590844]]]}},{"type":"Feature","properties":{"gmlId":"bldg_c09899d4-3407-4893-aadb-65a9f4d7909c","name":null,"usage":"運輸倉庫施設","majorUsage":null,"usageCode":"431","majorUsageCode":null,"usageCodeSpace":"https://assets.cms.plateau.reearth.io/assets/2c/6a2f27-a1e1-466a-a8cf-4627060f7ca4/13111_ota-ku_pref_2025_citygml_1_op/codelists/Building_usage.xml","majorUsageCodeSpace":null,"measuredHeight":5.8,"storeysAboveGround":1,"rawMeasuredHeight":"5.8","rawStoreysAboveGround":"1","category":"PUBLIC_TRANSPORT","city":"大田区","dataYear":2025,"geometrySource":"lod0RoofEdge","sourceMesh":"53392670"},"geometry":{"type":"Polygon","coordinates":[[[139.7541458,35.5601012],[139.7542691,35.5600899],[139.7542946,35.5602773],[139.7541712,35.5602885],[139.7541709,35.5602862],[139.7541558,35.5602876],[139.7541312,35.560104],[139.7541459,35.5601027],[139.7541458,35.5601012]]]}},{"type":"Feature","properties":{"gmlId":"bldg_150f09b6-bc2d-4ea0-a4d4-370a84136dd5","name":null,"usage":"商業施設","majorUsage":null,"usageCode":"402","majorUsageCode":null,"usageCodeSpace":"https://assets.cms.plateau.reearth.io/assets/2c/6a2f27-a1e1-466a-a8cf-4627060f7ca4/13111_ota-ku_pref_2025_citygml_1_op/codelists/Building_usage.xml","majorUsageCodeSpace":null,"measuredHeight":11.6,"storeysAboveGround":3,"rawMeasuredHeight":"11.6","rawStoreysAboveGround":"3","category":"COMMERCIAL","city":"大田区","dataYear":2025,"geometrySource":"lod0RoofEdge","sourceMesh":"53392681"},"geometry":{"type":"Polygon","coordinates":[[[139.7626877,35.5684031],[139.7625204,35.5681783],[139.7626544,35.5681118],[139.7627899,35.5682938],[139.7626973,35.5683398],[139.7627291,35.5683825],[139.7626877,35.5684031]]]}},{"type":"Feature","properties":{"gmlId":"bldg_f64d9166-e7e8-427b-9044-9d06a17be15c","name":null,"usage":"運輸倉庫施設","majorUsage":null,"usageCode":"431","majorUsageCode":null,"usageCodeSpace":"https://assets.cms.plateau.reearth.io/assets/2c/6a2f27-a1e1-466a-a8cf-4627060f7ca4/13111_ota-ku_pref_2025_citygml_1_op/codelists/Building_usage.xml","majorUsageCodeSpace":null,"measuredHeight":4.7,"storeysAboveGround":1,"rawMeasuredHeight":"4.7","rawStoreysAboveGround":"1","category":"PUBLIC_TRANSPORT","city":"大田区","dataYear":2025,"geometrySource":"lod0RoofEdge","sourceMesh":"53392670"},"geometry":{"type":"Polygon","coordinates":[[[139.7536071,35.5593126],[139.7536902,35.5592965],[139.7537458,35.5594768],[139.7536628,35.5594931],[139.7536071,35.5593126]]]}},{"type":"Feature","properties":{"gmlId":"bldg_10f11455-acf8-42f9-b617-2520829181bb","name":null,"usage":"店舗等併用住宅","majorUsage":null,"usageCode":"413","majorUsageCode":null,"usageCodeSpace":"https://assets.cms.plateau.reearth.io/assets/2c/6a2f27-a1e1-466a-a8cf-4627060f7ca4/13111_ota-ku_pref_2025_citygml_1_op/codelists/Building_usage.xml","majorUsageCodeSpace":null,"measuredHeight":8.8,"storeysAboveGround":2,"rawMeasuredHeight":"8.8","rawStoreysAboveGround":"2","category":"COMMERCIAL","city":"大田区","dataYear":2025,"geometrySource":"lod0RoofEdge","sourceMesh":"53392650"},"geometry":{"type":"Polygon","coordinates":[[[139.7509878,35.5472908],[139.7509767,35.5472554],[139.7510814,35.5472336],[139.7510925,35.547269],[139.7509878,35.5472908]]]}},{"type":"Feature","properties":{"gmlId":"bldg_7877d55a-74c3-4c72-b8c6-76a94789be6e","name":null,"usage":"店舗等併用住宅","majorUsage":null,"usageCode":"413","majorUsageCode":null,"usageCodeSpace":"https://assets.cms.plateau.reearth.io/assets/2c/6a2f27-a1e1-466a-a8cf-4627060f7ca4/13111_ota-ku_pref_2025_citygml_1_op/codelists/Building_usage.xml","majorUsageCodeSpace":null,"measuredHeight":7.2,"storeysAboveGround":2,"rawMeasuredHeight":"7.2","rawStoreysAboveGround":"2","category":"COMMERCIAL","city":"大田区","dataYear":2025,"geometrySource":"lod0RoofEdge","sourceMesh":"53392650"},"geometry":{"type":"Polygon","coordinates":[[[139.7508638,35.5488899],[139.750923,35.5488729],[139.7509506,35.5489371],[139.7508914,35.5489541],[139.7508638,35.5488899]]]}},{"type":"Feature","properties":{"gmlId":"bldg_cf1d454c-aa74-4227-bc51-845c6328af71","name":null,"usage":"運輸倉庫施設","majorUsage":null,"usageCode":"431","majorUsageCode":null,"usageCodeSpace":"https://assets.cms.plateau.reearth.io/assets/2c/6a2f27-a1e1-466a-a8cf-4627060f7ca4/13111_ota-ku_pref_2025_citygml_1_op/codelists/Building_usage.xml","majorUsageCodeSpace":null,"measuredHeight":5.5,"storeysAboveGround":1,"rawMeasuredHeight":"5.5","rawStoreysAboveGround":"1","category":"PUBLIC_TRANSPORT","city":"大田区","dataYear":2025,"geometrySource":"lod0RoofEdge","sourceMesh":"53392670"},"geometry":{"type":"Polygon","coordinates":[[[139.7539567,35.5599739],[139.7539575,35.5599765],[139.7538374,35.5600015],[139.7537796,35.5598162],[139.7538997,35.5597913],[139.7539009,35.5597951],[139.7539164,35.5597919],[139.753971,35.5599709],[139.7539567,35.5599739]]]}},{"type":"Feature","properties":{"gmlId":"bldg_7592c848-133f-4017-a751-7f9d6ab715b9","name":null,"usage":"運輸倉庫施設","majorUsage":null,"usageCode":"431","majorUsageCode":null,"usageCodeSpace":"https://assets.cms.plateau.reearth.io/assets/2c/6a2f27-a1e1-466a-a8cf-4627060f7ca4/13111_ota-ku_pref_2025_citygml_1_op/codelists/Building_usage.xml","majorUsageCodeSpace":null,"measuredHeight":4.6,"storeysAboveGround":1,"rawMeasuredHeight":"4.6","rawStoreysAboveGround":"1","category":"PUBLIC_TRANSPORT","city":"大田区","dataYear":2025,"geometrySource":"lod0RoofEdge","sourceMesh":"53392670"},"geometry":{"type":"Polygon","coordinates":[[[139.7536711,35.559531],[139.7537541,35.5595148],[139.7538368,35.5597833],[139.7537538,35.5597996],[139.7536711,35.559531]]]}},{"type":"Feature","properties":{"gmlId":"bldg_cc8d3670-99fe-4b0e-a511-07976c0d5b44","name":null,"usage":"運輸倉庫施設","majorUsage":null,"usageCode":"431","majorUsageCode":null,"usageCodeSpace":"https://assets.cms.plateau.reearth.io/assets/2c/6a2f27-a1e1-466a-a8cf-4627060f7ca4/13111_ota-ku_pref_2025_citygml_1_op/codelists/Building_usage.xml","majorUsageCodeSpace":null,"measuredHeight":5.4,"storeysAboveGround":1,"rawMeasuredHeight":"5.4","rawStoreysAboveGround":"1","category":"PUBLIC_TRANSPORT","city":"大田区","dataYear":2025,"geometrySource":"lod0RoofEdge","sourceMesh":"53392670"},"geometry":{"type":"Polygon","coordinates":[[[139.7540192,35.5601787],[139.7540201,35.5601818],[139.7539,35.5602068],[139.7538422,35.5600215],[139.7539623,35.5599965],[139.7539634,35.56],[139.753977,35.5599972],[139.7540315,35.5601762],[139.7540192,35.5601787]]]}},{"type":"Feature","properties":{"gmlId":"bldg_bae29222-a6c7-4119-b25f-27834d0f529c","name":null,"usage":"運輸倉庫施設","majorUsage":null,"usageCode":"431","majorUsageCode":null,"usageCodeSpace":"https://assets.cms.plateau.reearth.io/assets/2c/6a2f27-a1e1-466a-a8cf-4627060f7ca4/13111_ota-ku_pref_2025_citygml_1_op/codelists/Building_usage.xml","majorUsageCodeSpace":null,"measuredHeight":11.8,"storeysAboveGround":7,"rawMeasuredHeight":"11.8","rawStoreysAboveGround":"7","category":"PUBLIC_TRANSPORT","city":"大田区","dataYear":2025,"geometrySource":"lod0RoofEdge","sourceMesh":"53392660"},"geometry":{"type":"Polygon","coordinates":[[[139.7511908,35.5546965],[139.7516583,35.554714],[139.7516709,35.5544887],[139.7516913,35.5544894],[139.7516779,35.5547306],[139.7516776,35.5547306],[139.7516112,35.5547281],[139.751528,35.554725],[139.7515227,35.554819],[139.7513333,35.5548119],[139.7513351,35.5547799],[139.7512141,35.5547754],[139.7512175,35.5547156],[139.7511898,35.5547145],[139.7511908,35.5546965]]]}},{"type":"Feature","properties":{"gmlId":"bldg_58ea3e68-e84f-4eeb-bc5c-dad9cfd02579","name":"東京湾岸警察署羽田水上派出所","usage":"官公庁施設","majorUsage":null,"usageCode":"421","majorUsageCode":null,"usageCodeSpace":"https://assets.cms.plateau.reearth.io/assets/2c/6a2f27-a1e1-466a-a8cf-4627060f7ca4/13111_ota-ku_pref_2025_citygml_1_op/codelists/Building_usage.xml","majorUsageCodeSpace":null,"measuredHeight":5.9,"storeysAboveGround":1,"rawMeasuredHeight":"5.9","rawStoreysAboveGround":"1","category":"PUBLIC_TRANSPORT","city":"大田区","dataYear":2025,"geometrySource":"lod0RoofEdge","sourceMesh":"53392670"},"geometry":{"type":"Polygon","coordinates":[[[139.7539703,35.5603033],[139.7539042,35.5603161],[139.7538842,35.5602473],[139.7539503,35.5602344],[139.7539703,35.5603033]]]}},{"type":"Feature","properties":{"gmlId":"bldg_75661644-d551-4603-a1bc-e3db339b5c29","name":null,"usage":"商業施設","majorUsage":null,"usageCode":"402","majorUsageCode":null,"usageCodeSpace":"https://assets.cms.plateau.reearth.io/assets/2c/6a2f27-a1e1-466a-a8cf-4627060f7ca4/13111_ota-ku_pref_2025_citygml_1_op/codelists/Building_usage.xml","majorUsageCodeSpace":null,"measuredHeight":3.8,"storeysAboveGround":null,"rawMeasuredHeight":"3.8","rawStoreysAboveGround":"9999","category":"COMMERCIAL","city":"大田区","dataYear":2025,"geometrySource":"lod0RoofEdge","sourceMesh":"53392660"},"geometry":{"type":"Polygon","coordinates":[[[139.7507892,35.5513273],[139.7508031,35.5513873],[139.75074,35.551397],[139.7507261,35.5513371],[139.7507892,35.5513273]]]}},{"type":"Feature","properties":{"gmlId":"bldg_0870e7d1-4582-4a9a-a8a5-4232f5bbd770","name":null,"usage":"店舗等併用住宅","majorUsage":null,"usageCode":"413","majorUsageCode":null,"usageCodeSpace":"https://assets.cms.plateau.reearth.io/assets/2c/6a2f27-a1e1-466a-a8cf-4627060f7ca4/13111_ota-ku_pref_2025_citygml_1_op/codelists/Building_usage.xml","majorUsageCodeSpace":null,"measuredHeight":7.6,"storeysAboveGround":2,"rawMeasuredHeight":"7.6","rawStoreysAboveGround":"2","category":"COMMERCIAL","city":"大田区","dataYear":2025,"geometrySource":"lod0RoofEdge","sourceMesh":"53392650"},"geometry":{"type":"Polygon","coordinates":[[[139.7506485,35.5480875],[139.7506214,35.5480398],[139.750722,35.5480017],[139.750749,35.5480495],[139.7506485,35.5480875]]]}},{"type":"Feature","properties":{"gmlId":"bldg_29c328c1-794e-4b1f-8722-5f5c9d002955","name":null,"usage":"運輸倉庫施設","majorUsage":null,"usageCode":"431","majorUsageCode":null,"usageCodeSpace":"https://assets.cms.plateau.reearth.io/assets/2c/6a2f27-a1e1-466a-a8cf-4627060f7ca4/13111_ota-ku_pref_2025_citygml_1_op/codelists/Building_usage.xml","majorUsageCodeSpace":null,"measuredHeight":5.4,"storeysAboveGround":2,"rawMeasuredHeight":"5.4","rawStoreysAboveGround":"2","category":"PUBLIC_TRANSPORT","city":"大田区","dataYear":2025,"geometrySource":"lod0RoofEdge","sourceMesh":"53392670"},"geometry":{"type":"Polygon","coordinates":[[[139.7544296,35.5613386],[139.7542168,35.5612809],[139.7542855,35.5611117],[139.754291,35.5611132],[139.7543883,35.5611395],[139.7544193,35.5610692],[139.7545295,35.5611014],[139.7545226,35.5611172],[139.7545536,35.5611255],[139.7545282,35.5611884],[139.7544943,35.5611792],[139.7544296,35.5613386]]]}},{"type":"Feature","properties":{"gmlId":"bldg_fdd954b7-33dc-477f-9551-b4a2568e7357","name":null,"usage":"運輸倉庫施設","majorUsage":null,"usageCode":"431","majorUsageCode":null,"usageCodeSpace":"https://assets.cms.plateau.reearth.io/assets/2c/6a2f27-a1e1-466a-a8cf-4627060f7ca4/13111_ota-ku_pref_2025_citygml_1_op/codelists/Building_usage.xml","majorUsageCodeSpace":null,"measuredHeight":7.5,"storeysAboveGround":1,"rawMeasuredHeight":"7.5","rawStoreysAboveGround":"1","category":"PUBLIC_TRANSPORT","city":"大田区","dataYear":2025,"geometrySource":"lod0RoofEdge","sourceMesh":"53392681"},"geometry":{"type":"Polygon","coordinates":[[[139.7647889,35.5698729],[139.7646794,35.5697257],[139.7647508,35.5696913],[139.7648589,35.5698373],[139.7647889,35.5698729]]]}},{"type":"Feature","properties":{"gmlId":"bldg_0dc0a1c8-9655-463a-a57d-7c1818a45681","name":null,"usage":"運輸倉庫施設","majorUsage":null,"usageCode":"431","majorUsageCode":null,"usageCodeSpace":"https://assets.cms.plateau.reearth.io/assets/2c/6a2f27-a1e1-466a-a8cf-4627060f7ca4/13111_ota-ku_pref_2025_citygml_1_op/codelists/Building_usage.xml","majorUsageCodeSpace":null,"measuredHeight":4.4,"storeysAboveGround":2,"rawMeasuredHeight":"4.4","rawStoreysAboveGround":"2","category":"PUBLIC_TRANSPORT","city":"大田区","dataYear":2025,"geometrySource":"lod0RoofEdge","sourceMesh":"53392681"},"geometry":{"type":"Polygon","coordinates":[[[139.7636805,35.5695156],[139.763468,35.569235],[139.7636943,35.5691207],[139.7637042,35.5691337],[139.7637374,35.569117],[139.7638215,35.5692281],[139.7638337,35.5692219],[139.763952,35.5693783],[139.7636805,35.5695156]]]}},{"type":"Feature","properties":{"gmlId":"bldg_9cd4071c-d3f4-4524-b5aa-3b71b370c444","name":null,"usage":"運輸倉庫施設","majorUsage":null,"usageCode":"431","majorUsageCode":null,"usageCodeSpace":"https://assets.cms.plateau.reearth.io/assets/2c/6a2f27-a1e1-466a-a8cf-4627060f7ca4/13111_ota-ku_pref_2025_citygml_1_op/codelists/Building_usage.xml","majorUsageCodeSpace":null,"measuredHeight":18.5,"storeysAboveGround":3,"rawMeasuredHeight":"18.5","rawStoreysAboveGround":"3","category":"PUBLIC_TRANSPORT","city":"大田区","dataYear":2025,"geometrySource":"lod0RoofEdge","sourceMesh":"53392680"},"geometry":{"type":"Polygon","coordinates":[[[139.7607362,35.5677657],[139.7606566,35.5678045],[139.7604844,35.5675687],[139.7609797,35.5673272],[139.7610822,35.5672773],[139.7611186,35.5673273],[139.7612543,35.5675131],[139.7607362,35.5677657]]]}},{"type":"Feature","properties":{"gmlId":"bldg_0a5eeddd-c930-4d3e-88c0-bcc35a344702","name":null,"usage":"店舗等併用住宅","majorUsage":null,"usageCode":"413","majorUsageCode":null,"usageCodeSpace":"https://assets.cms.plateau.reearth.io/assets/2c/6a2f27-a1e1-466a-a8cf-4627060f7ca4/13111_ota-ku_pref_2025_citygml_1_op/codelists/Building_usage.xml","majorUsageCodeSpace":null,"measuredHeight":10.3,"storeysAboveGround":3,"rawMeasuredHeight":"10.3","rawStoreysAboveGround":"3","category":"COMMERCIAL","city":"大田区","dataYear":2025,"geometrySource":"lod0RoofEdge","sourceMesh":"53392650"},"geometry":{"type":"Polygon","coordinates":[[[139.7505209,35.5482867],[139.7504832,35.5482175],[139.7506244,35.5481662],[139.7506526,35.5482179],[139.7505704,35.5482477],[139.7505798,35.5482653],[139.7505209,35.5482867]]]}},{"type":"Feature","properties":{"gmlId":"bldg_655f6fbd-ff8e-4059-a8c2-d876a23a7666","name":null,"usage":"店舗等併用住宅","majorUsage":null,"usageCode":"413","majorUsageCode":null,"usageCodeSpace":"https://assets.cms.plateau.reearth.io/assets/2c/6a2f27-a1e1-466a-a8cf-4627060f7ca4/13111_ota-ku_pref_2025_citygml_1_op/codelists/Building_usage.xml","majorUsageCodeSpace":null,"measuredHeight":8.1,"storeysAboveGround":2,"rawMeasuredHeight":"8.1","rawStoreysAboveGround":"2","category":"COMMERCIAL","city":"大田区","dataYear":2025,"geometrySource":"lod0RoofEdge","sourceMesh":"53392650"},"geometry":{"type":"Polygon","coordinates":[[[139.750642,35.5474582],[139.750671,35.5475333],[139.7506016,35.5475511],[139.7505942,35.5475319],[139.7505762,35.5475365],[139.7505546,35.5474808],[139.750642,35.5474582]]]}},{"type":"Feature","properties":{"gmlId":"bldg_42e53fd8-88af-49da-8214-f45c96108949","name":null,"usage":"運輸倉庫施設","majorUsage":null,"usageCode":"431","majorUsageCode":null,"usageCodeSpace":"https://assets.cms.plateau.reearth.io/assets/2c/6a2f27-a1e1-466a-a8cf-4627060f7ca4/13111_ota-ku_pref_2025_citygml_1_op/codelists/Building_usage.xml","majorUsageCodeSpace":null,"measuredHeight":4.4,"storeysAboveGround":2,"rawMeasuredHeight":"4.4","rawStoreysAboveGround":"2","category":"PUBLIC_TRANSPORT","city":"大田区","dataYear":2025,"geometrySource":"lod0RoofEdge","sourceMesh":"53392670"},"geometry":{"type":"Polygon","coordinates":[[[139.7547233,35.5617153],[139.7545565,35.5616643],[139.7545729,35.5616286],[139.7547396,35.5616795],[139.7547233,35.5617153]]]}},{"type":"Feature","properties":{"gmlId":"bldg_89ef1c0d-3c5d-4067-bcba-720c9b3e11d3","name":null,"usage":"商業施設","majorUsage":null,"usageCode":"402","majorUsageCode":null,"usageCodeSpace":"https://assets.cms.plateau.reearth.io/assets/2c/6a2f27-a1e1-466a-a8cf-4627060f7ca4/13111_ota-ku_pref_2025_citygml_1_op/codelists/Building_usage.xml","majorUsageCodeSpace":null,"measuredHeight":11.3,"storeysAboveGround":3,"rawMeasuredHeight":"11.3","rawStoreysAboveGround":"3","category":"COMMERCIAL","city":"大田区","dataYear":2025,"geometrySource":"lod0RoofEdge","sourceMesh":"53392660"},"geometry":{"type":"Polygon","coordinates":[[[139.7505952,35.5512561],[139.7506681,35.5512428],[139.750688,35.5513151],[139.7504788,35.5513534],[139.7504591,35.551281],[139.7504639,35.5512801],[139.7505952,35.5512561]]]}},{"type":"Feature","properties":{"gmlId":"bldg_cb8aa648-8f71-43a5-a02f-f9e054284d78","name":null,"usage":"商業施設","majorUsage":null,"usageCode":"402","majorUsageCode":null,"usageCodeSpace":"https://assets.cms.plateau.reearth.io/assets/2c/6a2f27-a1e1-466a-a8cf-4627060f7ca4/13111_ota-ku_pref_2025_citygml_1_op/codelists/Building_usage.xml","majorUsageCodeSpace":null,"measuredHeight":4.5,"storeysAboveGround":2,"rawMeasuredHeight":"4.5","rawStoreysAboveGround":"2","category":"COMMERCIAL","city":"大田区","dataYear":2025,"geometrySource":"lod0RoofEdge","sourceMesh":"53392650"},"geometry":{"type":"Polygon","coordinates":[[[139.7505109,35.5477397],[139.750536,35.5477433],[139.7505625,35.5477947],[139.7505096,35.547812],[139.7505109,35.5477397]]]}},{"type":"Feature","properties":{"gmlId":"bldg_433599f9-c742-400f-b20f-eadd4aa7de9c","name":null,"usage":"運輸倉庫施設","majorUsage":null,"usageCode":"431","majorUsageCode":null,"usageCodeSpace":"https://assets.cms.plateau.reearth.io/assets/2c/6a2f27-a1e1-466a-a8cf-4627060f7ca4/13111_ota-ku_pref_2025_citygml_1_op/codelists/Building_usage.xml","majorUsageCodeSpace":null,"measuredHeight":3.3,"storeysAboveGround":1,"rawMeasuredHeight":"3.3","rawStoreysAboveGround":"1","category":"PUBLIC_TRANSPORT","city":"大田区","dataYear":2025,"geometrySource":"lod0RoofEdge","sourceMesh":"53392670"},"geometry":{"type":"Polygon","coordinates":[[[139.7542441,35.5611712],[139.7541603,35.5611468],[139.7542121,35.5610294],[139.7542959,35.5610539],[139.7542441,35.5611712]]]}},{"type":"Feature","properties":{"gmlId":"bldg_59e43db9-bcdf-451f-8272-e75404521cdc","name":null,"usage":"運輸倉庫施設","majorUsage":null,"usageCode":"431","majorUsageCode":null,"usageCodeSpace":"https://assets.cms.plateau.reearth.io/assets/2c/6a2f27-a1e1-466a-a8cf-4627060f7ca4/13111_ota-ku_pref_2025_citygml_1_op/codelists/Building_usage.xml","majorUsageCodeSpace":null,"measuredHeight":6.3,"storeysAboveGround":null,"rawMeasuredHeight":"6.3","rawStoreysAboveGround":"9999","category":"PUBLIC_TRANSPORT","city":"大田区","dataYear":2025,"geometrySource":"lod0RoofEdge","sourceMesh":"53392681"},"geometry":{"type":"Polygon","coordinates":[[[139.7644802,35.5698046],[139.7644347,35.5697396],[139.7644761,35.5697202],[139.7645216,35.5697852],[139.7644802,35.5698046]]]}},{"type":"Feature","properties":{"gmlId":"bldg_4e6c2a84-c635-449b-a2cd-873dc560173d","name":null,"usage":"運輸倉庫施設","majorUsage":null,"usageCode":"431","majorUsageCode":null,"usageCodeSpace":"https://assets.cms.plateau.reearth.io/assets/2c/6a2f27-a1e1-466a-a8cf-4627060f7ca4/13111_ota-ku_pref_2025_citygml_1_op/codelists/Building_usage.xml","majorUsageCodeSpace":null,"measuredHeight":6.9,"storeysAboveGround":1,"rawMeasuredHeight":"6.9","rawStoreysAboveGround":"1","category":"PUBLIC_TRANSPORT","city":"大田区","dataYear":2025,"geometrySource":"lod0RoofEdge","sourceMesh":"53392681"},"geometry":{"type":"Polygon","coordinates":[[[139.7647889,35.5698729],[139.7646525,35.5699406],[139.7646242,35.5699026],[139.7646095,35.5699099],[139.7645367,35.5698121],[139.7645185,35.5698212],[139.7645043,35.569802],[139.7645356,35.5697866],[139.7645413,35.5697942],[139.7646794,35.5697257],[139.7647889,35.5698729]]]}},{"type":"Feature","properties":{"gmlId":"bldg_bafc7c30-2455-4203-a731-8aa580269b0e","name":null,"usage":"商業施設","majorUsage":null,"usageCode":"402","majorUsageCode":null,"usageCodeSpace":"https://assets.cms.plateau.reearth.io/assets/2c/6a2f27-a1e1-466a-a8cf-4627060f7ca4/13111_ota-ku_pref_2025_citygml_1_op/codelists/Building_usage.xml","majorUsageCodeSpace":null,"measuredHeight":8.6,"storeysAboveGround":null,"rawMeasuredHeight":"8.6","rawStoreysAboveGround":"9999","category":"COMMERCIAL","city":"大田区","dataYear":2025,"geometrySource":"lod0RoofEdge","sourceMesh":"53392660"},"geometry":{"type":"Polygon","coordinates":[[[139.7505952,35.5512561],[139.7504639,35.5512801],[139.750434,35.5511651],[139.7505596,35.5511445],[139.7505952,35.5512561]]]}},{"type":"Feature","properties":{"gmlId":"bldg_54f9363f-b464-4812-affc-36d0de9ad26c","name":null,"usage":"店舗等併用住宅","majorUsage":null,"usageCode":"413","majorUsageCode":null,"usageCodeSpace":"https://assets.cms.plateau.reearth.io/assets/2c/6a2f27-a1e1-466a-a8cf-4627060f7ca4/13111_ota-ku_pref_2025_citygml_1_op/codelists/Building_usage.xml","majorUsageCodeSpace":null,"measuredHeight":9.6,"storeysAboveGround":2,"rawMeasuredHeight":"9.6","rawStoreysAboveGround":"2","category":"COMMERCIAL","city":"大田区","dataYear":2025,"geometrySource":"lod0RoofEdge","sourceMesh":"53392650"},"geometry":{"type":"Polygon","coordinates":[[[139.7505524,35.5476516],[139.7505067,35.5476728],[139.7504537,35.5475961],[139.7504994,35.547575],[139.7505524,35.5476516]]]}},{"type":"Feature","properties":{"gmlId":"bldg_2b85a2eb-07da-4cfa-99b3-b2b342dd3138","name":null,"usage":"店舗等併用住宅","majorUsage":null,"usageCode":"413","majorUsageCode":null,"usageCodeSpace":"https://assets.cms.plateau.reearth.io/assets/2c/6a2f27-a1e1-466a-a8cf-4627060f7ca4/13111_ota-ku_pref_2025_citygml_1_op/codelists/Building_usage.xml","majorUsageCodeSpace":null,"measuredHeight":6.3,"storeysAboveGround":2,"rawMeasuredHeight":"6.3","rawStoreysAboveGround":"2","category":"COMMERCIAL","city":"大田区","dataYear":2025,"geometrySource":"lod0RoofEdge","sourceMesh":"53392650"},"geometry":{"type":"Polygon","coordinates":[[[139.7505185,35.5471229],[139.7504721,35.5470091],[139.7505368,35.5469914],[139.7505649,35.5470601],[139.7505816,35.5470556],[139.7506,35.5471007],[139.7505185,35.5471229]]]}},{"type":"Feature","properties":{"gmlId":"bldg_73b70857-c522-42b1-bb3d-24d6b029a872","name":null,"usage":"店舗等併用住宅","majorUsage":null,"usageCode":"413","majorUsageCode":null,"usageCodeSpace":"https://assets.cms.plateau.reearth.io/assets/2c/6a2f27-a1e1-466a-a8cf-4627060f7ca4/13111_ota-ku_pref_2025_citygml_1_op/codelists/Building_usage.xml","majorUsageCodeSpace":null,"measuredHeight":12.6,"storeysAboveGround":3,"rawMeasuredHeight":"12.6","rawStoreysAboveGround":"3","category":"COMMERCIAL","city":"大田区","dataYear":2025,"geometrySource":"lod0RoofEdge","sourceMesh":"53392650"},"geometry":{"type":"Polygon","coordinates":[[[139.7504963,35.5473291],[139.7504551,35.5472594],[139.7505446,35.547224],[139.7505859,35.5472935],[139.7504963,35.5473291]]]}},{"type":"Feature","properties":{"gmlId":"bldg_70471bba-9888-4600-91bb-2ac82609249e","name":null,"usage":"運輸倉庫施設","majorUsage":null,"usageCode":"431","majorUsageCode":null,"usageCodeSpace":"https://assets.cms.plateau.reearth.io/assets/2c/6a2f27-a1e1-466a-a8cf-4627060f7ca4/13111_ota-ku_pref_2025_citygml_1_op/codelists/Building_usage.xml","majorUsageCodeSpace":null,"measuredHeight":35.4,"storeysAboveGround":5,"rawMeasuredHeight":"35.4","rawStoreysAboveGround":"5","category":"PUBLIC_TRANSPORT","city":"大田区","dataYear":2025,"geometrySource":"lod0RoofEdge","sourceMesh":"53392660"},"geometry":{"type":"Polygon","coordinates":[[[139.7504812,35.555621],[139.7505409,35.5555243],[139.7502321,35.5553968],[139.750244,35.5553773],[139.750237,35.5553744],[139.7506239,35.5547485],[139.750835,35.5548356],[139.7508678,35.5547825],[139.7521259,35.5553019],[139.7520365,35.5554465],[139.752123,35.5554822],[139.7521076,35.555507],[139.7521261,35.5555146],[139.7517393,35.5561405],[139.7504812,35.555621]]]}},{"type":"Feature","properties":{"gmlId":"bldg_7d8fe267-303a-4321-843a-fc0c312b0e80","name":null,"usage":"運輸倉庫施設","majorUsage":null,"usageCode":"431","majorUsageCode":null,"usageCodeSpace":"https://assets.cms.plateau.reearth.io/assets/2c/6a2f27-a1e1-466a-a8cf-4627060f7ca4/13111_ota-ku_pref_2025_citygml_1_op/codelists/Building_usage.xml","majorUsageCodeSpace":null,"measuredHeight":15.6,"storeysAboveGround":4,"rawMeasuredHeight":"15.6","rawStoreysAboveGround":"4","category":"PUBLIC_TRANSPORT","city":"大田区","dataYear":2025,"geometrySource":"lod0RoofEdge","sourceMesh":"53392681"},"geometry":{"type":"Polygon","coordinates":[[[139.7640492,35.56992],[139.7640769,35.5699583],[139.7640422,35.5699758],[139.7640112,35.5699384],[139.7640492,35.56992]]]}},{"type":"Feature","properties":{"gmlId":"bldg_ddb6f5b5-78a1-41f5-85a0-40e86505a254","name":null,"usage":"店舗等併用住宅","majorUsage":null,"usageCode":"413","majorUsageCode":null,"usageCodeSpace":"https://assets.cms.plateau.reearth.io/assets/2c/6a2f27-a1e1-466a-a8cf-4627060f7ca4/13111_ota-ku_pref_2025_citygml_1_op/codelists/Building_usage.xml","majorUsageCodeSpace":null,"measuredHeight":7.2,"storeysAboveGround":2,"rawMeasuredHeight":"7.2","rawStoreysAboveGround":"2","category":"COMMERCIAL","city":"大田区","dataYear":2025,"geometrySource":"lod0RoofEdge","sourceMesh":"53392650"},"geometry":{"type":"Polygon","coordinates":[[[139.7501062,35.5465153],[139.750068,35.5464411],[139.7501154,35.5464247],[139.7501534,35.5464117],[139.7501916,35.5464858],[139.7501499,35.5465002],[139.7501062,35.5465153]]]}},{"type":"Feature","properties":{"gmlId":"bldg_d351a55a-1f19-4f2b-8a79-a88c4db7bc4e","name":null,"usage":"運輸倉庫施設","majorUsage":null,"usageCode":"431","majorUsageCode":null,"usageCodeSpace":"https://assets.cms.plateau.reearth.io/assets/2c/6a2f27-a1e1-466a-a8cf-4627060f7ca4/13111_ota-ku_pref_2025_citygml_1_op/codelists/Building_usage.xml","majorUsageCodeSpace":null,"measuredHeight":21.3,"storeysAboveGround":3,"rawMeasuredHeight":"21.3","rawStoreysAboveGround":"3","category":"PUBLIC_TRANSPORT","city":"大田区","dataYear":2025,"geometrySource":"lod0RoofEdge","sourceMesh":"53392680"},"geometry":{"type":"Polygon","coordinates":[[[139.7596227,35.5685776],[139.7594985,35.5684111],[139.7594404,35.5684401],[139.759371,35.5683471],[139.7594251,35.5683201],[139.7593068,35.5681617],[139.7604376,35.5675979],[139.7607363,35.567998],[139.7605433,35.5680942],[139.7605567,35.5681121],[139.7596227,35.5685776]]]}},{"type":"Feature","properties":{"gmlId":"bldg_593ca1ba-83e0-4e6c-ac58-d5fdd8acb74b","name":null,"usage":"官公庁施設","majorUsage":null,"usageCode":"421","majorUsageCode":null,"usageCodeSpace":"https://assets.cms.plateau.reearth.io/assets/2c/6a2f27-a1e1-466a-a8cf-4627060f7ca4/13111_ota-ku_pref_2025_citygml_1_op/codelists/Building_usage.xml","majorUsageCodeSpace":null,"measuredHeight":5.5,"storeysAboveGround":1,"rawMeasuredHeight":"5.5","rawStoreysAboveGround":"1","category":"PUBLIC_TRANSPORT","city":"大田区","dataYear":2025,"geometrySource":"lod0RoofEdge","sourceMesh":"53392670"},"geometry":{"type":"Polygon","coordinates":[[[139.7526646,35.562217],[139.7525239,35.5622029],[139.7525643,35.5619337],[139.7527049,35.5619478],[139.7526646,35.562217]]]}},{"type":"Feature","properties":{"gmlId":"bldg_1be88005-5c18-42ea-afa2-768ee60106a6","name":null,"usage":"官公庁施設","majorUsage":null,"usageCode":"421","majorUsageCode":null,"usageCodeSpace":"https://assets.cms.plateau.reearth.io/assets/2c/6a2f27-a1e1-466a-a8cf-4627060f7ca4/13111_ota-ku_pref_2025_citygml_1_op/codelists/Building_usage.xml","majorUsageCodeSpace":null,"measuredHeight":4.3,"storeysAboveGround":1,"rawMeasuredHeight":"4.3","rawStoreysAboveGround":"1","category":"PUBLIC_TRANSPORT","city":"大田区","dataYear":2025,"geometrySource":"lod0RoofEdge","sourceMesh":"53392670"},"geometry":{"type":"Polygon","coordinates":[[[139.7526182,35.5622624],[139.7525635,35.5622585],[139.7525684,35.5622124],[139.7526231,35.5622163],[139.7526182,35.5622624]]]}},{"type":"Feature","properties":{"gmlId":"bldg_ef5ae5c3-a498-433b-937a-050b6f003b70","name":null,"usage":"運輸倉庫施設","majorUsage":null,"usageCode":"431","majorUsageCode":null,"usageCodeSpace":"https://assets.cms.plateau.reearth.io/assets/2c/6a2f27-a1e1-466a-a8cf-4627060f7ca4/13111_ota-ku_pref_2025_citygml_1_op/codelists/Building_usage.xml","majorUsageCodeSpace":null,"measuredHeight":21.7,"storeysAboveGround":3,"rawMeasuredHeight":"21.7","rawStoreysAboveGround":"3","category":"PUBLIC_TRANSPORT","city":"大田区","dataYear":2025,"geometrySource":"lod0RoofEdge","sourceMesh":"53392680"},"geometry":{"type":"Polygon","coordinates":[[[139.7596442,35.5687987],[139.7591026,35.5693472],[139.7585609,35.5689902],[139.7585153,35.5689601],[139.7585057,35.5689538],[139.7590472,35.5684053],[139.7596442,35.5687987]]]}},{"type":"Feature","properties":{"gmlId":"bldg_bffa1aaf-dea9-4ba8-ac37-cf3b816dc9be","name":null,"usage":"運輸倉庫施設","majorUsage":null,"usageCode":"431","majorUsageCode":null,"usageCodeSpace":"https://assets.cms.plateau.reearth.io/assets/2c/6a2f27-a1e1-466a-a8cf-4627060f7ca4/13111_ota-ku_pref_2025_citygml_1_op/codelists/Building_usage.xml","majorUsageCodeSpace":null,"measuredHeight":7.6,"storeysAboveGround":2,"rawMeasuredHeight":"7.6","rawStoreysAboveGround":"2","category":"PUBLIC_TRANSPORT","city":"大田区","dataYear":2025,"geometrySource":"lod0RoofEdge","sourceMesh":"53392670"},"geometry":{"type":"Polygon","coordinates":[[[139.7508592,35.5602734],[139.7508545,35.560202],[139.7509873,35.5601962],[139.750992,35.5602675],[139.7508592,35.5602734]]]}},{"type":"Feature","properties":{"gmlId":"bldg_455643a0-6ca4-43ae-a9cb-638786dc4bac","name":null,"usage":"運輸倉庫施設","majorUsage":null,"usageCode":"431","majorUsageCode":null,"usageCodeSpace":"https://assets.cms.plateau.reearth.io/assets/2c/6a2f27-a1e1-466a-a8cf-4627060f7ca4/13111_ota-ku_pref_2025_citygml_1_op/codelists/Building_usage.xml","majorUsageCodeSpace":null,"measuredHeight":4.1,"storeysAboveGround":1,"rawMeasuredHeight":"4.1","rawStoreysAboveGround":"1","category":"PUBLIC_TRANSPORT","city":"大田区","dataYear":2025,"geometrySource":"lod0RoofEdge","sourceMesh":"53392680"},"geometry":{"type":"Polygon","coordinates":[[[139.7595349,35.5695394],[139.7593874,35.5694959],[139.759394,35.5694814],[139.7595839,35.5695385],[139.7595773,35.5695519],[139.7595349,35.5695394]]]}},{"type":"Feature","properties":{"gmlId":"bldg_352586d8-a761-4733-8ee2-bb3ab5a7983b","name":null,"usage":"運輸倉庫施設","majorUsage":null,"usageCode":"431","majorUsageCode":null,"usageCodeSpace":"https://assets.cms.plateau.reearth.io/assets/2c/6a2f27-a1e1-466a-a8cf-4627060f7ca4/13111_ota-ku_pref_2025_citygml_1_op/codelists/Building_usage.xml","majorUsageCodeSpace":null,"measuredHeight":7.4,"storeysAboveGround":1,"rawMeasuredHeight":"7.4","rawStoreysAboveGround":"1","category":"PUBLIC_TRANSPORT","city":"大田区","dataYear":2025,"geometrySource":"lod0RoofEdge","sourceMesh":"53392680"},"geometry":{"type":"Polygon","coordinates":[[[139.7595349,35.5695394],[139.7594306,35.5697753],[139.7590902,35.5696749],[139.7590652,35.5697312],[139.7589915,35.5697096],[139.7591209,35.5694172],[139.7593874,35.5694959],[139.7595349,35.5695394]]]}},{"type":"Feature","properties":{"gmlId":"bldg_5c5375ac-0d42-49f1-b887-02238536fc45","name":null,"usage":"運輸倉庫施設","majorUsage":null,"usageCode":"431","majorUsageCode":null,"usageCodeSpace":"https://assets.cms.plateau.reearth.io/assets/2c/6a2f27-a1e1-466a-a8cf-4627060f7ca4/13111_ota-ku_pref_2025_citygml_1_op/codelists/Building_usage.xml","majorUsageCodeSpace":null,"measuredHeight":22.2,"storeysAboveGround":5,"rawMeasuredHeight":"22.2","rawStoreysAboveGround":"5","category":"PUBLIC_TRANSPORT","city":"大田区","dataYear":2025,"geometrySource":"lod0RoofEdge","sourceMesh":"53392680"},"geometry":{"type":"Polygon","coordinates":[[[139.7586506,35.569469],[139.7585726,35.5694462],[139.7586463,35.5692775],[139.759074,35.569402],[139.7590001,35.5695708],[139.7589251,35.569549],[139.7586506,35.569469]]]}},{"type":"Feature","properties":{"gmlId":"bldg_246509a0-7467-45a8-a372-87b11298b9ef","name":null,"usage":"運輸倉庫施設","majorUsage":null,"usageCode":"431","majorUsageCode":null,"usageCodeSpace":"https://assets.cms.plateau.reearth.io/assets/2c/6a2f27-a1e1-466a-a8cf-4627060f7ca4/13111_ota-ku_pref_2025_citygml_1_op/codelists/Building_usage.xml","majorUsageCodeSpace":null,"measuredHeight":22.2,"storeysAboveGround":5,"rawMeasuredHeight":"22.2","rawStoreysAboveGround":"5","category":"PUBLIC_TRANSPORT","city":"大田区","dataYear":2025,"geometrySource":"lod0RoofEdge","sourceMesh":"53392680"},"geometry":{"type":"Polygon","coordinates":[[[139.7586506,35.569469],[139.7589251,35.569549],[139.7589019,35.5696018],[139.7586276,35.5695217],[139.7586506,35.569469]]]}},{"type":"Feature","properties":{"gmlId":"bldg_cb44445c-99d3-4918-a37f-d658c2e0255d","name":null,"usage":"運輸倉庫施設","majorUsage":null,"usageCode":"431","majorUsageCode":null,"usageCodeSpace":"https://assets.cms.plateau.reearth.io/assets/2c/6a2f27-a1e1-466a-a8cf-4627060f7ca4/13111_ota-ku_pref_2025_citygml_1_op/codelists/Building_usage.xml","majorUsageCodeSpace":null,"measuredHeight":5.4,"storeysAboveGround":1,"rawMeasuredHeight":"5.4","rawStoreysAboveGround":"1","category":"PUBLIC_TRANSPORT","city":"大田区","dataYear":2025,"geometrySource":"lod0RoofEdge","sourceMesh":"53392670"},"geometry":{"type":"Polygon","coordinates":[[[139.7507065,35.5612644],[139.7506371,35.5612522],[139.7506966,35.561026],[139.7507659,35.5610381],[139.7507065,35.5612644]]]}},{"type":"Feature","properties":{"gmlId":"bldg_3f016d11-42ea-415b-a085-d56523a0c94e","name":null,"usage":"運輸倉庫施設","majorUsage":null,"usageCode":"431","majorUsageCode":null,"usageCodeSpace":"https://assets.cms.plateau.reearth.io/assets/2c/6a2f27-a1e1-466a-a8cf-4627060f7ca4/13111_ota-ku_pref_2025_citygml_1_op/codelists/Building_usage.xml","majorUsageCodeSpace":null,"measuredHeight":20.9,"storeysAboveGround":5,"rawMeasuredHeight":"20.9","rawStoreysAboveGround":"5","category":"PUBLIC_TRANSPORT","city":"大田区","dataYear":2025,"geometrySource":"lod0RoofEdge","sourceMesh":"53392680"},"geometry":{"type":"Polygon","coordinates":[[[139.7585032,35.5695525],[139.7582629,35.5694831],[139.7583905,35.5691888],[139.7586306,35.5692582],[139.7585032,35.5695525]]]}},{"type":"Feature","properties":{"gmlId":"bldg_4272e7fb-7afc-4719-97d0-a905344e79fe","name":null,"usage":"運輸倉庫施設","majorUsage":null,"usageCode":"431","majorUsageCode":null,"usageCodeSpace":"https://assets.cms.plateau.reearth.io/assets/2c/6a2f27-a1e1-466a-a8cf-4627060f7ca4/13111_ota-ku_pref_2025_citygml_1_op/codelists/Building_usage.xml","majorUsageCodeSpace":null,"measuredHeight":19.5,"storeysAboveGround":null,"rawMeasuredHeight":"19.5","rawStoreysAboveGround":"9999","category":"PUBLIC_TRANSPORT","city":"大田区","dataYear":2025,"geometrySource":"lod0RoofEdge","sourceMesh":"53392680"},"geometry":{"type":"Polygon","coordinates":[[[139.7585499,35.569585],[139.7585047,35.5695713],[139.7585576,35.5694544],[139.7586028,35.5694681],[139.7585499,35.569585]]]}},{"type":"Feature","properties":{"gmlId":"bldg_71c01ac6-f9a6-42d1-a657-bfc9e7ab9ac8","name":null,"usage":"運輸倉庫施設","majorUsage":null,"usageCode":"431","majorUsageCode":null,"usageCodeSpace":"https://assets.cms.plateau.reearth.io/assets/2c/6a2f27-a1e1-466a-a8cf-4627060f7ca4/13111_ota-ku_pref_2025_citygml_1_op/codelists/Building_usage.xml","majorUsageCodeSpace":null,"measuredHeight":6.8,"storeysAboveGround":2,"rawMeasuredHeight":"6.8","rawStoreysAboveGround":"2","category":"PUBLIC_TRANSPORT","city":"大田区","dataYear":2025,"geometrySource":"lod0RoofEdge","sourceMesh":"53392670"},"geometry":{"type":"Polygon","coordinates":[[[139.7505815,35.5613249],[139.7501498,35.5613087],[139.750152,35.5612673],[139.7502138,35.5612696],[139.7502237,35.5610948],[139.7502482,35.5610956],[139.7502512,35.5610412],[139.7504508,35.5610487],[139.7504522,35.5610238],[139.750645,35.5610309],[139.7506347,35.5612138],[139.7506198,35.5612132],[139.7506159,35.5612828],[139.7505839,35.5612815],[139.7505815,35.5613249]]]}},{"type":"Feature","properties":{"gmlId":"bldg_85da917d-a135-4573-9878-f3d211c788ca","name":null,"usage":"店舗等併用住宅","majorUsage":null,"usageCode":"413","majorUsageCode":null,"usageCodeSpace":"https://assets.cms.plateau.reearth.io/assets/2c/6a2f27-a1e1-466a-a8cf-4627060f7ca4/13111_ota-ku_pref_2025_citygml_1_op/codelists/Building_usage.xml","majorUsageCodeSpace":null,"measuredHeight":7.6,"storeysAboveGround":2,"rawMeasuredHeight":"7.6","rawStoreysAboveGround":"2","category":"COMMERCIAL","city":"大田区","dataYear":2025,"geometrySource":"lod0RoofEdge","sourceMesh":"53392670"},"geometry":{"type":"Polygon","coordinates":[[[139.7504551,35.5614972],[139.7503641,35.5614596],[139.7504034,35.5613961],[139.7504944,35.5614337],[139.7504551,35.5614972]]]}},{"type":"Feature","properties":{"gmlId":"bldg_76a007a7-5f25-4318-9f01-82937d8949cb","name":null,"usage":"運輸倉庫施設","majorUsage":null,"usageCode":"431","majorUsageCode":null,"usageCodeSpace":"https://assets.cms.plateau.reearth.io/assets/2c/6a2f27-a1e1-466a-a8cf-4627060f7ca4/13111_ota-ku_pref_2025_citygml_1_op/codelists/Building_usage.xml","majorUsageCodeSpace":null,"measuredHeight":20,"storeysAboveGround":5,"rawMeasuredHeight":"20","rawStoreysAboveGround":"5","category":"PUBLIC_TRANSPORT","city":"大田区","dataYear":2025,"geometrySource":"lod0RoofEdge","sourceMesh":"53392680"},"geometry":{"type":"Polygon","coordinates":[[[139.7586568,35.5698391],[139.7586294,35.5699024],[139.7585823,35.5698888],[139.7585893,35.5698729],[139.7585614,35.5698649],[139.7585549,35.5698797],[139.758402,35.5698355],[139.75843,35.5697735],[139.7586235,35.5698304],[139.7586568,35.5698391]]]}},{"type":"Feature","properties":{"gmlId":"bldg_b39a7e72-a4a1-4526-b7b5-2b402ddb78b1","name":null,"usage":"運輸倉庫施設","majorUsage":null,"usageCode":"431","majorUsageCode":null,"usageCodeSpace":"https://assets.cms.plateau.reearth.io/assets/2c/6a2f27-a1e1-466a-a8cf-4627060f7ca4/13111_ota-ku_pref_2025_citygml_1_op/codelists/Building_usage.xml","majorUsageCodeSpace":null,"measuredHeight":11.1,"storeysAboveGround":4,"rawMeasuredHeight":"11.1","rawStoreysAboveGround":"4","category":"PUBLIC_TRANSPORT","city":"大田区","dataYear":2025,"geometrySource":"lod0RoofEdge","sourceMesh":"53392680"},"geometry":{"type":"Polygon","coordinates":[[[139.758384,35.5697399],[139.758132,35.5696677],[139.7581581,35.5696093],[139.7584088,35.5696839],[139.758384,35.5697399]]]}},{"type":"Feature","properties":{"gmlId":"bldg_16fc1b30-bd05-4769-90d7-ff0b401cffe0","name":null,"usage":"不明","majorUsage":null,"usageCode":"461","majorUsageCode":null,"usageCodeSpace":"https://assets.cms.plateau.reearth.io/assets/2c/6a2f27-a1e1-466a-a8cf-4627060f7ca4/13111_ota-ku_pref_2025_citygml_1_op/codelists/Building_usage.xml","majorUsageCodeSpace":null,"measuredHeight":4.2,"storeysAboveGround":null,"rawMeasuredHeight":"4.2","rawStoreysAboveGround":"9999","category":"OTHER","city":"大田区","dataYear":2025,"geometrySource":"lod0RoofEdge","sourceMesh":"53392662"},"geometry":{"type":"Polygon","coordinates":[[[139.7829221,35.5524389],[139.7829081,35.5524597],[139.7830659,35.552533],[139.7830336,35.5525795],[139.7828766,35.5525066],[139.7828755,35.5525082],[139.7828256,35.5524858],[139.7828722,35.5524164],[139.7829221,35.5524389]]]}},{"type":"Feature","properties":{"gmlId":"bldg_f2eb3281-210e-4278-add8-5c77db646ccd","name":null,"usage":"不明","majorUsage":null,"usageCode":"461","majorUsageCode":null,"usageCodeSpace":"https://assets.cms.plateau.reearth.io/assets/2c/6a2f27-a1e1-466a-a8cf-4627060f7ca4/13111_ota-ku_pref_2025_citygml_1_op/codelists/Building_usage.xml","majorUsageCodeSpace":null,"measuredHeight":116.1,"storeysAboveGround":null,"rawMeasuredHeight":"116.1","rawStoreysAboveGround":"9999","category":"OTHER","city":"大田区","dataYear":2025,"geometrySource":"lod0RoofEdge","sourceMesh":"53392662"},"geometry":{"type":"Polygon","coordinates":[[[139.7839794,35.5519511],[139.7836473,35.5517962],[139.7836358,35.5517618],[139.7837756,35.5515634],[139.7838327,35.5515902],[139.7838663,35.5515728],[139.7839343,35.5514804],[139.7839185,35.5514472],[139.7839595,35.5513885],[139.7842304,35.5515149],[139.7841974,35.5515621],[139.7842379,35.551581],[139.7839794,35.5519511]]]}},{"type":"Feature","properties":{"gmlId":"bldg_36a42ad1-7179-45e3-a12e-056e7c7783e8","name":null,"usage":"不明","majorUsage":null,"usageCode":"461","majorUsageCode":null,"usageCodeSpace":"https://assets.cms.plateau.reearth.io/assets/2c/6a2f27-a1e1-466a-a8cf-4627060f7ca4/13111_ota-ku_pref_2025_citygml_1_op/codelists/Building_usage.xml","majorUsageCodeSpace":null,"measuredHeight":4.2,"storeysAboveGround":null,"rawMeasuredHeight":"4.2","rawStoreysAboveGround":"9999","category":"OTHER","city":"大田区","dataYear":2025,"geometrySource":"lod0RoofEdge","sourceMesh":"53392662"},"geometry":{"type":"Polygon","coordinates":[[[139.7826326,35.5526958],[139.7827071,35.5525887],[139.7830654,35.5527878],[139.783008,35.5528703],[139.7826326,35.5526958]]]}},{"type":"Feature","properties":{"gmlId":"bldg_d8c14ddc-9f39-48bc-9028-bf8bf7aef20a","name":null,"usage":"不明","majorUsage":null,"usageCode":"461","majorUsageCode":null,"usageCodeSpace":"https://assets.cms.plateau.reearth.io/assets/2c/6a2f27-a1e1-466a-a8cf-4627060f7ca4/13111_ota-ku_pref_2025_citygml_1_op/codelists/Building_usage.xml","majorUsageCodeSpace":null,"measuredHeight":2.3,"storeysAboveGround":null,"rawMeasuredHeight":"2.3","rawStoreysAboveGround":"9999","category":"OTHER","city":"大田区","dataYear":2025,"geometrySource":"lod0RoofEdge","sourceMesh":"53392662"},"geometry":{"type":"Polygon","coordinates":[[[139.7828791,35.5526414],[139.7829184,35.5525856],[139.7831623,35.5527007],[139.7831229,35.5527564],[139.7828791,35.5526414]]]}},{"type":"Feature","properties":{"gmlId":"bldg_736633b6-961e-42de-b1b9-d232daf1e351","name":null,"usage":"業務施設","majorUsage":null,"usageCode":"401","majorUsageCode":null,"usageCodeSpace":"https://assets.cms.plateau.reearth.io/assets/2c/6a2f27-a1e1-466a-a8cf-4627060f7ca4/13111_ota-ku_pref_2025_citygml_1_op/codelists/Building_usage.xml","majorUsageCodeSpace":null,"measuredHeight":44.9,"storeysAboveGround":9,"rawMeasuredHeight":"44.9","rawStoreysAboveGround":"9","category":"OTHER","city":"大田区","dataYear":2025,"geometrySource":"lod0RoofEdge","sourceMesh":"53392662"},"geometry":{"type":"Polygon","coordinates":[[[139.7828773,35.5528428],[139.7828693,35.5528544],[139.7828723,35.5528558],[139.7829038,35.5528715],[139.7829182,35.5528854],[139.7829286,35.5529061],[139.782935,35.552924],[139.7829344,35.5529435],[139.7829302,35.5529626],[139.7829235,35.5529757],[139.7829097,35.5529953],[139.7828945,35.5530063],[139.7828771,35.5530146],[139.782857,35.5530201],[139.7828482,35.5530229],[139.7828672,35.5530319],[139.7828339,35.5530796],[139.7828251,35.5530754],[139.7828273,35.5530872],[139.7828264,35.5531023],[139.7828244,35.5531111],[139.7828198,35.553123],[139.7828139,35.5531328],[139.7828006,35.5531489],[139.7827846,35.55316],[139.7827653,35.5531702],[139.7827506,35.5531742],[139.7827173,35.5532198],[139.782712,35.5532173],[139.7827145,35.5532295],[139.7827141,35.5532492],[139.7827121,35.5532732],[139.7826978,35.5532964],[139.7826684,35.5533176],[139.7826427,35.5533281],[139.7826211,35.5533309],[139.7825912,35.5533214],[139.7825663,35.5533117],[139.7825513,35.5533132],[139.7825354,35.5533106],[139.7825236,35.5533086],[139.7825148,35.5533044],[139.782512,35.5533082],[139.7823455,35.5532297],[139.7823254,35.5532186],[139.7823039,35.5532026],[139.7822918,35.5531903],[139.782282,35.5531795],[139.7822742,35.5531626],[139.7822699,35.5531484],[139.7822692,35.5531347],[139.7822709,35.5531145],[139.7822783,35.5530995],[139.7822933,35.553082],[139.7823104,35.5530682],[139.7823267,35.5530594],[139.7823419,35.5530544],[139.7823554,35.5530501],[139.7823834,35.5530077],[139.7823809,35.553],[139.7823788,35.5529835],[139.7823802,35.5529734],[139.7823832,35.5529592],[139.7823892,35.5529463],[139.7823993,35.552933],[139.7824026,35.5529301],[139.7824118,35.55292],[139.782426,35.5529115],[139.7824349,35.5529054],[139.7824517,35.5528979],[139.7824649,35.5528962],[139.782493,35.5528537],[139.7824899,35.5528427],[139.7824893,35.5528279],[139.7824906,35.5528161],[139.7824965,35.5527984],[139.7825022,35.5527869],[139.7825114,35.5527771],[139.7825227,35.5527671],[139.7825337,35.5527575],[139.7825456,35.5527505],[139.7825561,35.5527455],[139.7825743,35.5527418],[139.782601,35.5527403],[139.7826099,35.5527413],[139.782611,35.5527413],[139.7826147,35.5527418],[139.7826187,35.5527422],[139.7826194,35.5527425],[139.7826291,35.5527439],[139.7826407,35.5527474],[139.782666,35.5527572],[139.7826639,35.5527608],[139.7826706,35.5527639],[139.7826791,35.5527516],[139.7828773,35.5528428]],[[139.782796,35.5530309],[139.7828015,35.5530355],[139.7828092,35.5530416],[139.7828137,35.5530479],[139.7828293,35.5530257],[139.7828258,35.5530256],[139.7828107,35.5530247],[139.7828007,35.553024],[139.782796,35.5530309]]]}},{"type":"Feature","properties":{"gmlId":"bldg_afd00472-6cfb-4c64-b15f-118ec2e3e1c1","name":null,"usage":"業務施設","majorUsage":null,"usageCode":"401","majorUsageCode":null,"usageCodeSpace":"https://assets.cms.plateau.reearth.io/assets/2c/6a2f27-a1e1-466a-a8cf-4627060f7ca4/13111_ota-ku_pref_2025_citygml_1_op/codelists/Building_usage.xml","majorUsageCodeSpace":null,"measuredHeight":28.9,"storeysAboveGround":6,"rawMeasuredHeight":"28.9","rawStoreysAboveGround":"6","category":"OTHER","city":"大田区","dataYear":2025,"geometrySource":"lod0RoofEdge","sourceMesh":"53392662"},"geometry":{"type":"Polygon","coordinates":[[[139.7824874,35.5535092],[139.7824979,35.5535301],[139.7825044,35.5535481],[139.7825038,35.5535677],[139.7824996,35.5535869],[139.7824927,35.5536001],[139.7824789,35.5536198],[139.7824636,35.5536308],[139.7824461,35.5536392],[139.7824259,35.5536448],[139.7824075,35.5536506],[139.7823945,35.5536502],[139.7823793,35.5536493],[139.7823692,35.5536486],[139.7823645,35.5536556],[139.78237,35.5536602],[139.7823778,35.5536664],[139.7823846,35.5536759],[139.7823879,35.5536839],[139.782392,35.5536943],[139.7823932,35.5536976],[139.782396,35.5537123],[139.782395,35.5537275],[139.7823931,35.5537364],[139.7823884,35.5537483],[139.7823825,35.5537581],[139.7823691,35.5537743],[139.782353,35.5537855],[139.7823336,35.5537957],[139.7823111,35.5538018],[139.7822918,35.5538029],[139.7822739,35.5538031],[139.7822615,35.5538018],[139.7822568,35.5538099],[139.7822671,35.5538172],[139.782274,35.5538246],[139.7822785,35.5538358],[139.7822792,35.553839],[139.7822825,35.5538554],[139.7822826,35.5538643],[139.7822826,35.5538745],[139.7822802,35.5538986],[139.7822801,35.5538993],[139.7822657,35.5539227],[139.7822362,35.553944],[139.7822103,35.5539546],[139.7821885,35.5539573],[139.7821597,35.5539576],[139.7821565,35.5539569],[139.7821665,35.5539618],[139.7821572,35.5539745],[139.7820856,35.5539391],[139.7820905,35.5539324],[139.7820621,35.5539189],[139.7820562,35.5539269],[139.7819981,35.5538982],[139.7820033,35.5538911],[139.7819896,35.5538846],[139.7819853,35.5538904],[139.7819271,35.5538617],[139.7819308,35.5538567],[139.7819172,35.5538503],[139.7818945,35.5538405],[139.7818742,35.5538251],[139.7818604,35.5538126],[139.7818516,35.5538028],[139.7818498,35.5538012],[139.7818449,35.5537902],[139.7818437,35.5537879],[139.7818415,35.5537825],[139.7818377,35.553774],[139.7818377,35.5537732],[139.7818375,35.5537727],[139.7818346,35.5537597],[139.7818357,35.5537463],[139.7818354,35.5537424],[139.7818361,35.5537409],[139.7818362,35.5537394],[139.7818437,35.5537244],[139.7818449,35.5537229],[139.7818497,35.553713],[139.7818735,35.5536854],[139.7818967,35.5536751],[139.7819231,35.5536667],[139.7819552,35.5536657],[139.7819686,35.5536666],[139.7819728,35.5536674],[139.7819784,35.5536593],[139.7819696,35.5536525],[139.781968,35.5536508],[139.7819618,35.5536469],[139.7819535,35.5536372],[139.7819522,35.5536347],[139.7819511,35.5536336],[139.7819501,35.5536306],[139.7819469,35.5536242],[139.7819462,35.5536188],[139.7819431,35.5536094],[139.7819441,35.5535914],[139.781951,35.5535666],[139.7819667,35.5535453],[139.7819878,35.5535309],[139.7820116,35.5535165],[139.7820346,35.5535117],[139.7820584,35.5535112],[139.7820733,35.5535129],[139.7820805,35.5535135],[139.782083,35.5535086],[139.7820744,35.5534995],[139.782071,35.5534946],[139.7820655,35.5534889],[139.7820642,35.5534858],[139.7820611,35.553482],[139.7820566,35.553466],[139.7820565,35.5534648],[139.7820532,35.5534517],[139.7820546,35.5534354],[139.7820581,35.5534164],[139.7820659,35.5534009],[139.7820805,35.5533852],[139.7820966,35.5533721],[139.7821123,35.553364],[139.7821291,35.5533594],[139.7821473,35.5533575],[139.7821643,35.5533553],[139.7821833,35.5533569],[139.7821985,35.5533607],[139.7822165,35.553368],[139.7822528,35.5533852],[139.7822485,35.5533914],[139.7824412,35.5534794],[139.782473,35.5534952],[139.7824874,35.5535092]]]}},{"type":"Feature","properties":{"gmlId":"bldg_e5ee95ec-36bd-4fd6-b398-788bdbdbabab","name":null,"usage":"業務施設","majorUsage":null,"usageCode":"401","majorUsageCode":null,"usageCodeSpace":"https://assets.cms.plateau.reearth.io/assets/2c/6a2f27-a1e1-466a-a8cf-4627060f7ca4/13111_ota-ku_pref_2025_citygml_1_op/codelists/Building_usage.xml","majorUsageCodeSpace":null,"measuredHeight":21.6,"storeysAboveGround":4,"rawMeasuredHeight":"21.6","rawStoreysAboveGround":"4","category":"OTHER","city":"大田区","dataYear":2025,"geometrySource":"lod0RoofEdge","sourceMesh":"53392662"},"geometry":{"type":"Polygon","coordinates":[[[139.7819067,35.5544357],[139.7815955,35.5542888],[139.781691,35.5541536],[139.7819674,35.554284],[139.7819772,35.5542702],[139.7820061,35.5542839],[139.7819964,35.5542977],[139.7820022,35.5543005],[139.7820777,35.5543362],[139.782026,35.5544094],[139.7819505,35.5543738],[139.7819067,35.5544357]]]}},{"type":"Feature","properties":{"gmlId":"bldg_091488ca-57fe-4607-ac97-3c4e0a7b4398","name":null,"usage":"その他","majorUsage":null,"usageCode":"454","majorUsageCode":null,"usageCodeSpace":"https://assets.cms.plateau.reearth.io/assets/2c/6a2f27-a1e1-466a-a8cf-4627060f7ca4/13111_ota-ku_pref_2025_citygml_1_op/codelists/Building_usage.xml","majorUsageCodeSpace":null,"measuredHeight":8.5,"storeysAboveGround":null,"rawMeasuredHeight":"8.5","rawStoreysAboveGround":"9999","category":"OTHER","city":"大田区","dataYear":2025,"geometrySource":"lod0RoofEdge","sourceMesh":"53392662"},"geometry":{"type":"Polygon","coordinates":[[[139.7859251,35.5508768],[139.785938,35.5508592],[139.7859604,35.5508697],[139.7859565,35.550875],[139.7860718,35.550926],[139.7860481,35.5509581],[139.7860058,35.5510154],[139.7859984,35.5510254],[139.7859953,35.551024],[139.7858839,35.5509746],[139.7858808,35.5509788],[139.7858584,35.5509682],[139.7858611,35.5509645],[139.7858657,35.5509581],[139.785873,35.5509482],[139.7859251,35.5508768]]]}},{"type":"Feature","properties":{"gmlId":"bldg_da21bdc0-3744-40c9-8c73-9752d9dd634d","name":null,"usage":"不明","majorUsage":null,"usageCode":"461","majorUsageCode":null,"usageCodeSpace":"https://assets.cms.plateau.reearth.io/assets/2c/6a2f27-a1e1-466a-a8cf-4627060f7ca4/13111_ota-ku_pref_2025_citygml_1_op/codelists/Building_usage.xml","majorUsageCodeSpace":null,"measuredHeight":1.9,"storeysAboveGround":null,"rawMeasuredHeight":"1.9","rawStoreysAboveGround":"9999","category":"OTHER","city":"大田区","dataYear":2025,"geometrySource":"lod0RoofEdge","sourceMesh":"53392662"},"geometry":{"type":"Polygon","coordinates":[[[139.7750177,35.553398],[139.7750024,35.5533906],[139.7750199,35.5533664],[139.7750351,35.5533738],[139.7750177,35.553398]]]}},{"type":"Feature","properties":{"gmlId":"bldg_913778aa-4bf1-44c4-8a53-e96b73ce1f63","name":null,"usage":"不明","majorUsage":null,"usageCode":"461","majorUsageCode":null,"usageCodeSpace":"https://assets.cms.plateau.reearth.io/assets/2c/6a2f27-a1e1-466a-a8cf-4627060f7ca4/13111_ota-ku_pref_2025_citygml_1_op/codelists/Building_usage.xml","majorUsageCodeSpace":null,"measuredHeight":1.8,"storeysAboveGround":null,"rawMeasuredHeight":"1.8","rawStoreysAboveGround":"9999","category":"OTHER","city":"大田区","dataYear":2025,"geometrySource":"lod0RoofEdge","sourceMesh":"53392661"},"geometry":{"type":"Polygon","coordinates":[[[139.7749975,35.5534282],[139.7749809,35.5534204],[139.7749974,35.5533971],[139.7750139,35.5534049],[139.7749975,35.5534282]]]}},{"type":"Feature","properties":{"gmlId":"bldg_9932172c-9b3a-4b4b-a07e-bc8caf7c66f7","name":null,"usage":"不明","majorUsage":null,"usageCode":"461","majorUsageCode":null,"usageCodeSpace":"https://assets.cms.plateau.reearth.io/assets/2c/6a2f27-a1e1-466a-a8cf-4627060f7ca4/13111_ota-ku_pref_2025_citygml_1_op/codelists/Building_usage.xml","majorUsageCodeSpace":null,"measuredHeight":2,"storeysAboveGround":null,"rawMeasuredHeight":"2","rawStoreysAboveGround":"9999","category":"OTHER","city":"大田区","dataYear":2025,"geometrySource":"lod0RoofEdge","sourceMesh":"53392661"},"geometry":{"type":"Polygon","coordinates":[[[139.7749742,35.553429],[139.7749985,35.5534405],[139.774904,35.5535733],[139.7748797,35.5535619],[139.7749742,35.553429]]]}},{"type":"Feature","properties":{"gmlId":"bldg_608b07ac-e03c-466f-bddd-208187ef75dc","name":null,"usage":"その他","majorUsage":null,"usageCode":"454","majorUsageCode":null,"usageCodeSpace":"https://assets.cms.plateau.reearth.io/assets/2c/6a2f27-a1e1-466a-a8cf-4627060f7ca4/13111_ota-ku_pref_2025_citygml_1_op/codelists/Building_usage.xml","majorUsageCodeSpace":null,"measuredHeight":5.3,"storeysAboveGround":null,"rawMeasuredHeight":"5.3","rawStoreysAboveGround":"9999","category":"OTHER","city":"大田区","dataYear":2025,"geometrySource":"lod0RoofEdge","sourceMesh":"53392662"},"geometry":{"type":"Polygon","coordinates":[[[139.7851809,35.5537546],[139.7850013,35.5536683],[139.7850816,35.5535567],[139.7852612,35.553643],[139.7851809,35.5537546]]]}},{"type":"Feature","properties":{"gmlId":"bldg_6aeb1e0e-d34c-4efe-bb14-ae410783af21","name":null,"usage":"不明","majorUsage":null,"usageCode":"461","majorUsageCode":null,"usageCodeSpace":"https://assets.cms.plateau.reearth.io/assets/2c/6a2f27-a1e1-466a-a8cf-4627060f7ca4/13111_ota-ku_pref_2025_citygml_1_op/codelists/Building_usage.xml","majorUsageCodeSpace":null,"measuredHeight":3,"storeysAboveGround":null,"rawMeasuredHeight":"3","rawStoreysAboveGround":"9999","category":"OTHER","city":"大田区","dataYear":2025,"geometrySource":"lod0RoofEdge","sourceMesh":"53392661"},"geometry":{"type":"Polygon","coordinates":[[[139.7748466,35.5541825],[139.7748552,35.5541863],[139.7748614,35.5541771],[139.7748767,35.5541841],[139.7748599,35.5542089],[139.7748715,35.5542141],[139.7748598,35.5542314],[139.7748465,35.5542254],[139.7748336,35.5542442],[139.7748116,35.5542342],[139.7748466,35.5541825]]]}},{"type":"Feature","properties":{"gmlId":"bldg_0f52f68b-f2a7-4192-ac45-ef4ce2aee1be","name":null,"usage":"不明","majorUsage":null,"usageCode":"461","majorUsageCode":null,"usageCodeSpace":"https://assets.cms.plateau.reearth.io/assets/2c/6a2f27-a1e1-466a-a8cf-4627060f7ca4/13111_ota-ku_pref_2025_citygml_1_op/codelists/Building_usage.xml","majorUsageCodeSpace":null,"measuredHeight":3.5,"storeysAboveGround":null,"rawMeasuredHeight":"3.5","rawStoreysAboveGround":"9999","category":"OTHER","city":"大田区","dataYear":2025,"geometrySource":"lod0RoofEdge","sourceMesh":"53392662"},"geometry":{"type":"Polygon","coordinates":[[[139.7863491,35.5528159],[139.7862577,35.5529457],[139.7861732,35.552906],[139.7861857,35.5528882],[139.7861948,35.5528925],[139.7862576,35.5528033],[139.7862485,35.552799],[139.7862646,35.5527761],[139.7863491,35.5528159]]]}},{"type":"Feature","properties":{"gmlId":"bldg_f6a22865-ccda-4228-a044-018a73201ff3","name":null,"usage":"不明","majorUsage":null,"usageCode":"461","majorUsageCode":null,"usageCodeSpace":"https://assets.cms.plateau.reearth.io/assets/2c/6a2f27-a1e1-466a-a8cf-4627060f7ca4/13111_ota-ku_pref_2025_citygml_1_op/codelists/Building_usage.xml","majorUsageCodeSpace":null,"measuredHeight":2.9,"storeysAboveGround":null,"rawMeasuredHeight":"2.9","rawStoreysAboveGround":"9999","category":"OTHER","city":"大田区","dataYear":2025,"geometrySource":"lod0RoofEdge","sourceMesh":"53392651"},"geometry":{"type":"Polygon","coordinates":[[[139.7726566,35.5468644],[139.7726324,35.5468526],[139.7726654,35.546807],[139.7726898,35.5468187],[139.7726566,35.5468644]]]}},{"type":"Feature","properties":{"gmlId":"bldg_8dde5e2c-2b32-4c7c-bed2-67761e11c5eb","name":null,"usage":"不明","majorUsage":null,"usageCode":"461","majorUsageCode":null,"usageCodeSpace":"https://assets.cms.plateau.reearth.io/assets/2c/6a2f27-a1e1-466a-a8cf-4627060f7ca4/13111_ota-ku_pref_2025_citygml_1_op/codelists/Building_usage.xml","majorUsageCodeSpace":null,"measuredHeight":27.2,"storeysAboveGround":null,"rawMeasuredHeight":"27.2","rawStoreysAboveGround":"9999","category":"OTHER","city":"大田区","dataYear":2025,"geometrySource":"lod0RoofEdge","sourceMesh":"53392662"},"geometry":{"type":"Polygon","coordinates":[[[139.7841474,35.5548157],[139.7841484,35.5548143],[139.784136,35.5548092],[139.784207,35.5547101],[139.7842187,35.5547149],[139.7842487,35.554729],[139.7843009,35.5546559],[139.7843038,35.5546572],[139.7843045,35.5546576],[139.7843025,35.55466],[139.7846877,35.5548445],[139.7846897,35.5548414],[139.7846902,35.5548417],[139.7846931,35.5548431],[139.7846373,35.5549211],[139.7846501,35.5549274],[139.7846256,35.5549606],[139.7846134,35.5549546],[139.7846088,35.554961],[139.7846414,35.5549775],[139.7845969,35.5550364],[139.784566,35.5550208],[139.7845651,35.5550221],[139.784173,35.5548349],[139.7841768,35.5548296],[139.7841474,35.5548157]],[[139.7842214,35.5547684],[139.7842241,35.5547697],[139.7842452,35.5547402],[139.7842423,35.5547387],[139.7842214,35.5547684]]]}},{"type":"Feature","properties":{"gmlId":"bldg_08f20ef8-8a81-4129-9b7f-9af8d5a83a67","name":null,"usage":"不明","majorUsage":null,"usageCode":"461","majorUsageCode":null,"usageCodeSpace":"https://assets.cms.plateau.reearth.io/assets/2c/6a2f27-a1e1-466a-a8cf-4627060f7ca4/13111_ota-ku_pref_2025_citygml_1_op/codelists/Building_usage.xml","majorUsageCodeSpace":null,"measuredHeight":null,"storeysAboveGround":null,"rawMeasuredHeight":"-9999","rawStoreysAboveGround":"9999","category":"OTHER","city":"大田区","dataYear":2025,"geometrySource":"lod0RoofEdge","sourceMesh":"53392651"},"geometry":{"type":"Polygon","coordinates":[[[139.7716203,35.5496056],[139.7715703,35.5495814],[139.7715988,35.5495422],[139.7716487,35.5495664],[139.7716203,35.5496056]]]}},{"type":"Feature","properties":{"gmlId":"bldg_0aff1a4c-1300-49bc-b760-d1a65e8ea3ad","name":null,"usage":"不明","majorUsage":null,"usageCode":"461","majorUsageCode":null,"usageCodeSpace":"https://assets.cms.plateau.reearth.io/assets/2c/6a2f27-a1e1-466a-a8cf-4627060f7ca4/13111_ota-ku_pref_2025_citygml_1_op/codelists/Building_usage.xml","majorUsageCodeSpace":null,"measuredHeight":7.5,"storeysAboveGround":null,"rawMeasuredHeight":"7.5","rawStoreysAboveGround":"9999","category":"OTHER","city":"大田区","dataYear":2025,"geometrySource":"lod0RoofEdge","sourceMesh":"53392662"},"geometry":{"type":"Polygon","coordinates":[[[139.7850635,35.5544654],[139.785061,35.5544642],[139.7851004,35.5544083],[139.7852398,35.554474],[139.785181,35.5545574],[139.7851705,35.5545525],[139.7851084,35.5545232],[139.7851143,35.5545148],[139.7850501,35.5544841],[139.7850635,35.5544654]]]}},{"type":"Feature","properties":{"gmlId":"bldg_91818541-e2b0-4387-bf21-b4ab05a93aa3","name":null,"usage":"業務施設","majorUsage":null,"usageCode":"401","majorUsageCode":null,"usageCodeSpace":"https://assets.cms.plateau.reearth.io/assets/2c/6a2f27-a1e1-466a-a8cf-4627060f7ca4/13111_ota-ku_pref_2025_citygml_1_op/codelists/Building_usage.xml","majorUsageCodeSpace":null,"measuredHeight":26.8,"storeysAboveGround":5,"rawMeasuredHeight":"26.8","rawStoreysAboveGround":"5","category":"OTHER","city":"大田区","dataYear":2025,"geometrySource":"lod0RoofEdge","sourceMesh":"53392662"},"geometry":{"type":"Polygon","coordinates":[[[139.7869508,35.5537919],[139.7869511,35.5537914],[139.786954,35.5537928],[139.7870211,35.5538242],[139.7870115,35.5538373],[139.7870723,35.5540196],[139.7870735,35.5540233],[139.7868982,35.5542741],[139.7867496,35.5543051],[139.7867158,35.554289],[139.7867155,35.5542895],[139.7862082,35.554049],[139.7864709,35.5536792],[139.7864694,35.5536785],[139.7865295,35.5535933],[139.7869508,35.5537919]]]}},{"type":"Feature","properties":{"gmlId":"bldg_9b1093cd-a72c-4b0d-a2cd-ac400eb4110b","name":null,"usage":"不明","majorUsage":null,"usageCode":"461","majorUsageCode":null,"usageCodeSpace":"https://assets.cms.plateau.reearth.io/assets/2c/6a2f27-a1e1-466a-a8cf-4627060f7ca4/13111_ota-ku_pref_2025_citygml_1_op/codelists/Building_usage.xml","majorUsageCodeSpace":null,"measuredHeight":19.1,"storeysAboveGround":null,"rawMeasuredHeight":"19.1","rawStoreysAboveGround":"9999","category":"OTHER","city":"大田区","dataYear":2025,"geometrySource":"lod0RoofEdge","sourceMesh":"53392651"},"geometry":{"type":"Polygon","coordinates":[[[139.7712792,35.5486018],[139.7712619,35.5486126],[139.7712628,35.5486135],[139.7712628,35.5486153],[139.7712613,35.5486168],[139.7712591,35.5486171],[139.7712571,35.5486162],[139.7712569,35.5486157],[139.7711172,35.5487031],[139.7711082,35.5487166],[139.7711091,35.548717],[139.7711049,35.5487234],[139.7711264,35.5487232],[139.7711264,35.5487253],[139.7712711,35.5487281],[139.7712706,35.5487278],[139.7712698,35.5487261],[139.7712706,35.5487244],[139.7712726,35.5487234],[139.7712748,35.5487238],[139.7712763,35.5487252],[139.7712763,35.548727],[139.7712751,35.5487282],[139.7712915,35.5487285],[139.7712914,35.5487263],[139.7713258,35.5487256],[139.7713543,35.5487402],[139.7713326,35.5487684],[139.7713087,35.5487561],[139.7712935,35.5487564],[139.7712939,35.5487663],[139.7712674,35.5487669],[139.7712663,35.5487669],[139.7711975,35.5487648],[139.7711964,35.5487648],[139.7711964,35.5487639],[139.7711965,35.5487525],[139.7711268,35.5487512],[139.7711268,35.5487534],[139.7710857,35.5487538],[139.7711146,35.5490134],[139.7712277,35.5490675],[139.7710691,35.549289],[139.7707361,35.5491296],[139.7707358,35.5491301],[139.7705479,35.5491723],[139.7704091,35.5493631],[139.7703541,35.5493373],[139.7704921,35.549147],[139.7704426,35.5489892],[139.7702823,35.5489125],[139.7704408,35.548691],[139.77049,35.5487145],[139.7704856,35.5484991],[139.7704411,35.5484787],[139.7704701,35.5484366],[139.770492,35.5484467],[139.7704946,35.5484429],[139.770491,35.5484412],[139.7705082,35.5484173],[139.7705208,35.5484234],[139.7705279,35.5484136],[139.7705299,35.5484146],[139.7706419,35.5483313],[139.7706383,35.5483276],[139.7705787,35.5483727],[139.7705779,35.5483733],[139.7705678,35.5483639],[139.7705671,35.5483632],[139.7705679,35.5483626],[139.7706273,35.5483178],[139.7706282,35.5483172],[139.7706489,35.5483037],[139.7706607,35.5483159],[139.770661,35.5483153],[139.7706633,35.5483142],[139.7706646,35.5483144],[139.7706674,35.5483123],[139.7706671,35.548312],[139.770689,35.5482972],[139.77073,35.5482985],[139.7707284,35.5483342],[139.7706882,35.548333],[139.7706873,35.5483321],[139.770683,35.5483353],[139.7706837,35.548336],[139.7706837,35.5483382],[139.770682,35.5483399],[139.7706793,35.5483403],[139.7706775,35.5483394],[139.7705575,35.5484288],[139.7705405,35.5484523],[139.7705487,35.5484561],[139.7705632,35.5484491],[139.7705642,35.5484505],[139.7706562,35.5484056],[139.7706565,35.5484048],[139.7706589,35.5484037],[139.7706598,35.5484038],[139.7706661,35.5484007],[139.7706666,35.5484014],[139.7706829,35.548395],[139.7707222,35.5484019],[139.7707132,35.5484365],[139.7706753,35.5484299],[139.7706837,35.5484394],[139.7706622,35.5484521],[139.7706613,35.5484526],[139.7705913,35.5484877],[139.7705907,35.548487],[139.7705823,35.5484765],[139.7705832,35.5484761],[139.7706518,35.5484418],[139.7706527,35.5484414],[139.7706493,35.5484375],[139.7705795,35.5484716],[139.7705816,35.5484746],[139.7705434,35.548493],[139.7705272,35.5484895],[139.7705322,35.5487347],[139.7710676,35.5489909],[139.7710473,35.5487631],[139.7710012,35.5487429],[139.7710274,35.5487031],[139.7710549,35.5487151],[139.771066,35.5486982],[139.7710718,35.5487007],[139.7710873,35.5486774],[139.7710968,35.5486816],[139.7711838,35.5486271],[139.7711755,35.5486191],[139.7711748,35.5486184],[139.7711756,35.5486178],[139.7712283,35.5485786],[139.7712291,35.548578],[139.77125,35.5485647],[139.7712615,35.5485767],[139.7712803,35.5485638],[139.7713243,35.5485678],[139.7713192,35.5486057],[139.7712796,35.5486022],[139.7712792,35.5486018]],[[139.7712366,35.5485903],[139.7712385,35.5485906],[139.7712399,35.548592],[139.7712415,35.548591],[139.7712391,35.5485885],[139.7712366,35.5485903]],[[139.7712338,35.5485924],[139.7711984,35.548618],[139.7712351,35.548595],[139.7712343,35.5485947],[139.7712335,35.5485929],[139.7712338,35.5485924]]]}},{"type":"Feature","properties":{"gmlId":"bldg_b56a2959-c93f-4018-85be-735526918ed8","name":null,"usage":"工場","majorUsage":null,"usageCode":"441","majorUsageCode":null,"usageCodeSpace":"https://assets.cms.plateau.reearth.io/assets/2c/6a2f27-a1e1-466a-a8cf-4627060f7ca4/13111_ota-ku_pref_2025_citygml_1_op/codelists/Building_usage.xml","majorUsageCodeSpace":null,"measuredHeight":3.9,"storeysAboveGround":1,"rawMeasuredHeight":"3.9","rawStoreysAboveGround":"1","category":"OTHER","city":"大田区","dataYear":2025,"geometrySource":"lod0RoofEdge","sourceMesh":"53392662"},"geometry":{"type":"Polygon","coordinates":[[[139.7838266,35.5562734],[139.7837631,35.5563629],[139.7837407,35.5563523],[139.7837269,35.5563715],[139.783712,35.5563643],[139.7837179,35.5563562],[139.7836949,35.5563449],[139.7837027,35.5563342],[139.7836972,35.5563317],[139.7836831,35.5563513],[139.7836683,35.5563441],[139.7836764,35.5563329],[139.7836815,35.5563353],[139.7836874,35.556327],[139.7836674,35.5563175],[139.7836536,35.5563367],[139.7836388,35.5563296],[139.7836469,35.5563183],[139.783652,35.5563208],[139.7836576,35.5563129],[139.7836468,35.5563078],[139.7837104,35.5562183],[139.7838266,35.5562734]]]}},{"type":"Feature","properties":{"gmlId":"bldg_57c4bbea-aec8-422d-8805-6851c6d5c802","name":null,"usage":"工場","majorUsage":null,"usageCode":"441","majorUsageCode":null,"usageCodeSpace":"https://assets.cms.plateau.reearth.io/assets/2c/6a2f27-a1e1-466a-a8cf-4627060f7ca4/13111_ota-ku_pref_2025_citygml_1_op/codelists/Building_usage.xml","majorUsageCodeSpace":null,"measuredHeight":10.5,"storeysAboveGround":1,"rawMeasuredHeight":"10.5","rawStoreysAboveGround":"1","category":"OTHER","city":"大田区","dataYear":2025,"geometrySource":"lod0RoofEdge","sourceMesh":"53392662"},"geometry":{"type":"Polygon","coordinates":[[[139.7847814,35.5558969],[139.7847862,35.5558902],[139.7850902,35.5560349],[139.785087,35.5560394],[139.7851006,35.5560457],[139.785081,35.5560737],[139.7850558,35.5561244],[139.7850351,35.5561441],[139.7851368,35.5561915],[139.7850576,35.556305],[139.7850545,35.5563094],[139.785045,35.556305],[139.7849521,35.5562617],[139.784939,35.556287],[139.7849004,35.5563325],[139.7848798,35.556362],[139.7848627,35.556354],[139.7848574,35.5563615],[139.7845534,35.5562168],[139.7845571,35.5562116],[139.7845494,35.556208],[139.7845594,35.5561936],[139.7845962,35.5561255],[139.7846165,35.5561054],[139.7845235,35.556062],[139.7846058,35.5559441],[139.784702,35.5559889],[139.7847154,35.555962],[139.7847379,35.5559378],[139.7847701,35.5558917],[139.7847814,35.5558969]]]}},{"type":"Feature","properties":{"gmlId":"bldg_eb5a3a6a-079f-4e3d-96e6-d73e34457bae","name":null,"usage":"不明","majorUsage":null,"usageCode":"461","majorUsageCode":null,"usageCodeSpace":"https://assets.cms.plateau.reearth.io/assets/2c/6a2f27-a1e1-466a-a8cf-4627060f7ca4/13111_ota-ku_pref_2025_citygml_1_op/codelists/Building_usage.xml","majorUsageCodeSpace":null,"measuredHeight":5.5,"storeysAboveGround":null,"rawMeasuredHeight":"5.5","rawStoreysAboveGround":"9999","category":"OTHER","city":"大田区","dataYear":2025,"geometrySource":"lod0RoofEdge","sourceMesh":"53392653"},"geometry":{"type":"Polygon","coordinates":[[[139.7896105,35.5469684],[139.7893896,35.5472792],[139.7893526,35.5472616],[139.7893656,35.5472433],[139.7893161,35.5472198],[139.789524,35.5469273],[139.7895552,35.5469421],[139.7895606,35.5469346],[139.7895951,35.5469511],[139.7895898,35.5469585],[139.7896105,35.5469684]]]}},{"type":"Feature","properties":{"gmlId":"bldg_07f88b45-796d-413e-845d-87f05320d6c7","name":null,"usage":"不明","majorUsage":null,"usageCode":"461","majorUsageCode":null,"usageCodeSpace":"https://assets.cms.plateau.reearth.io/assets/2c/6a2f27-a1e1-466a-a8cf-4627060f7ca4/13111_ota-ku_pref_2025_citygml_1_op/codelists/Building_usage.xml","majorUsageCodeSpace":null,"measuredHeight":6.3,"storeysAboveGround":null,"rawMeasuredHeight":"6.3","rawStoreysAboveGround":"9999","category":"OTHER","city":"大田区","dataYear":2025,"geometrySource":"lod0RoofEdge","sourceMesh":"53392653"},"geometry":{"type":"Polygon","coordinates":[[[139.7897765,35.5465192],[139.7897879,35.5465031],[139.7899045,35.5465581],[139.7898915,35.5465764],[139.7899023,35.5465816],[139.7898505,35.5466533],[139.7898388,35.5466477],[139.7897855,35.5467215],[139.7896964,35.5466786],[139.7897363,35.5466233],[139.7896794,35.5465964],[139.7897184,35.5465415],[139.7897173,35.5465409],[139.7897436,35.5465037],[139.7897765,35.5465192]]]}},{"type":"Feature","properties":{"gmlId":"bldg_81866f22-dd25-4f26-a4fd-e0e5005ed0cf","name":null,"usage":"不明","majorUsage":null,"usageCode":"461","majorUsageCode":null,"usageCodeSpace":"https://assets.cms.plateau.reearth.io/assets/2c/6a2f27-a1e1-466a-a8cf-4627060f7ca4/13111_ota-ku_pref_2025_citygml_1_op/codelists/Building_usage.xml","majorUsageCodeSpace":null,"measuredHeight":8.7,"storeysAboveGround":null,"rawMeasuredHeight":"8.7","rawStoreysAboveGround":"9999","category":"OTHER","city":"大田区","dataYear":2025,"geometrySource":"lod0RoofEdge","sourceMesh":"53392653"},"geometry":{"type":"Polygon","coordinates":[[[139.7897396,35.5464632],[139.7897586,35.5464361],[139.7897739,35.5464433],[139.7898043,35.546402],[139.7898175,35.5464085],[139.7898024,35.5464289],[139.7899641,35.5465051],[139.7899303,35.546553],[139.7899542,35.5465643],[139.7899462,35.5465755],[139.7897621,35.5464884],[139.7897637,35.5464862],[139.7897589,35.5464839],[139.7897726,35.5464644],[139.7897695,35.5464628],[139.7897618,35.5464736],[139.7897396,35.5464632]]]}},{"type":"Feature","properties":{"gmlId":"bldg_0ab33e75-4c0b-429e-bd0f-a6ae31cdb977","name":null,"usage":"不明","majorUsage":null,"usageCode":"461","majorUsageCode":null,"usageCodeSpace":"https://assets.cms.plateau.reearth.io/assets/2c/6a2f27-a1e1-466a-a8cf-4627060f7ca4/13111_ota-ku_pref_2025_citygml_1_op/codelists/Building_usage.xml","majorUsageCodeSpace":null,"measuredHeight":8.1,"storeysAboveGround":null,"rawMeasuredHeight":"8.1","rawStoreysAboveGround":"9999","category":"OTHER","city":"大田区","dataYear":2025,"geometrySource":"lod0RoofEdge","sourceMesh":"53392653"},"geometry":{"type":"Polygon","coordinates":[[[139.7900695,35.5465148],[139.7901174,35.5465379],[139.7900364,35.54665],[139.7900358,35.5466497],[139.7900205,35.546671],[139.789947,35.5466355],[139.7899549,35.5466246],[139.7899335,35.5466143],[139.789942,35.5466026],[139.7899447,35.5466039],[139.7899876,35.5465445],[139.7900335,35.5465646],[139.7900695,35.5465148]]]}},{"type":"Feature","properties":{"gmlId":"bldg_be4eb457-162c-4514-a64a-ce7f75dd214d","name":null,"usage":"不明","majorUsage":null,"usageCode":"461","majorUsageCode":null,"usageCodeSpace":"https://assets.cms.plateau.reearth.io/assets/2c/6a2f27-a1e1-466a-a8cf-4627060f7ca4/13111_ota-ku_pref_2025_citygml_1_op/codelists/Building_usage.xml","majorUsageCodeSpace":null,"measuredHeight":6.3,"storeysAboveGround":null,"rawMeasuredHeight":"6.3","rawStoreysAboveGround":"9999","category":"OTHER","city":"大田区","dataYear":2025,"geometrySource":"lod0RoofEdge","sourceMesh":"53392653"},"geometry":{"type":"Polygon","coordinates":[[[139.7898817,35.5463986],[139.7899037,35.5463673],[139.7900354,35.5464293],[139.7900499,35.5464057],[139.790193,35.5464725],[139.7901448,35.5465478],[139.789991,35.5464739],[139.7900008,35.5464602],[139.7900127,35.5464659],[139.7900154,35.5464615],[139.7898817,35.5463986]]]}},{"type":"Feature","properties":{"gmlId":"bldg_52122bf0-5a11-475e-b922-7ce96ffec1dd","name":null,"usage":"不明","majorUsage":null,"usageCode":"461","majorUsageCode":null,"usageCodeSpace":"https://assets.cms.plateau.reearth.io/assets/2c/6a2f27-a1e1-466a-a8cf-4627060f7ca4/13111_ota-ku_pref_2025_citygml_1_op/codelists/Building_usage.xml","majorUsageCodeSpace":null,"measuredHeight":14.5,"storeysAboveGround":null,"rawMeasuredHeight":"14.5","rawStoreysAboveGround":"9999","category":"OTHER","city":"大田区","dataYear":2025,"geometrySource":"lod0RoofEdge","sourceMesh":"53392653"},"geometry":{"type":"Polygon","coordinates":[[[139.7901964,35.5469139],[139.7899673,35.5468056],[139.7901239,35.5465844],[139.7905657,35.5467932],[139.7904091,35.5470145],[139.790231,35.5469303],[139.7901045,35.5471057],[139.79007,35.5470893],[139.7901964,35.5469139]]]}},{"type":"Feature","properties":{"gmlId":"bldg_f0bb9ac5-d98b-4972-85d4-5628780b5e18","name":null,"usage":"不明","majorUsage":null,"usageCode":"461","majorUsageCode":null,"usageCodeSpace":"https://assets.cms.plateau.reearth.io/assets/2c/6a2f27-a1e1-466a-a8cf-4627060f7ca4/13111_ota-ku_pref_2025_citygml_1_op/codelists/Building_usage.xml","majorUsageCodeSpace":null,"measuredHeight":8.3,"storeysAboveGround":null,"rawMeasuredHeight":"8.3","rawStoreysAboveGround":"9999","category":"OTHER","city":"大田区","dataYear":2025,"geometrySource":"lod0RoofEdge","sourceMesh":"53392653"},"geometry":{"type":"Polygon","coordinates":[[[139.7904734,35.5466163],[139.790471,35.5466197],[139.7904957,35.5466314],[139.7904979,35.5466282],[139.7905186,35.546638],[139.7905163,35.5466412],[139.7905621,35.5466629],[139.7905637,35.5466607],[139.7905844,35.5466705],[139.7905828,35.5466727],[139.7906074,35.5466844],[139.7905753,35.5467273],[139.7905962,35.5467371],[139.7905761,35.5467654],[139.7901522,35.5465644],[139.7901723,35.5465362],[139.7901902,35.5465447],[139.7902224,35.5465019],[139.7902708,35.5465248],[139.7902736,35.5465208],[139.7902943,35.5465306],[139.7902915,35.5465346],[139.7903377,35.5465565],[139.7903406,35.5465524],[139.7903613,35.5465621],[139.7903583,35.5465663],[139.7903835,35.5465782],[139.7903858,35.546575],[139.7904065,35.5465847],[139.7904042,35.546588],[139.7904504,35.5466099],[139.7904527,35.5466066],[139.7904734,35.5466163]]]}},{"type":"Feature","properties":{"gmlId":"bldg_a51ef926-e19d-405c-b242-a576132eeae5","name":null,"usage":"その他","majorUsage":null,"usageCode":"454","majorUsageCode":null,"usageCodeSpace":"https://assets.cms.plateau.reearth.io/assets/2c/6a2f27-a1e1-466a-a8cf-4627060f7ca4/13111_ota-ku_pref_2025_citygml_1_op/codelists/Building_usage.xml","majorUsageCodeSpace":null,"measuredHeight":21.4,"storeysAboveGround":null,"rawMeasuredHeight":"21.4","rawStoreysAboveGround":"9999","category":"OTHER","city":"大田区","dataYear":2025,"geometrySource":"lod0RoofEdge","sourceMesh":"53392651"},"geometry":{"type":"Polygon","coordinates":[[[139.7668905,35.5482913],[139.7668878,35.5482826],[139.7669061,35.5482715],[139.7669072,35.5482712],[139.7669714,35.5482555],[139.7669718,35.5482564],[139.7669755,35.5482658],[139.7669759,35.5482667],[139.7669748,35.548267],[139.7669114,35.5482833],[139.7669104,35.5482836],[139.7669121,35.5482883],[139.7669978,35.5482668],[139.7669973,35.5482643],[139.7670224,35.5482606],[139.7670415,35.5482691],[139.7670616,35.5482412],[139.7671459,35.5481227],[139.7665888,35.5478586],[139.7665051,35.5479769],[139.7665316,35.5479893],[139.7665029,35.548028],[139.7664777,35.548016],[139.7664657,35.5480326],[139.7664582,35.548029],[139.7664437,35.5480487],[139.766422,35.5480487],[139.7664221,35.5480493],[139.7662133,35.5480689],[139.766203,35.5480699],[139.7661031,35.5480793],[139.7661,35.5480796],[139.7661005,35.5480851],[139.7661016,35.5480851],[139.7661653,35.5480818],[139.7661654,35.5480827],[139.7661666,35.5480913],[139.7661667,35.5480922],[139.7661656,35.5480922],[139.766103,35.5480958],[139.7661019,35.5480959],[139.7660882,35.5480971],[139.7660819,35.5480926],[139.7660809,35.5480814],[139.7660754,35.5480819],[139.7660758,35.5480846],[139.7660514,35.5480875],[139.7660146,35.5480712],[139.766035,35.5480405],[139.7660708,35.5480563],[139.7660714,35.5480596],[139.7660984,35.5480571],[139.7660972,35.5480565],[139.7660966,35.5480551],[139.7660972,35.5480537],[139.7660988,35.548053],[139.7661006,35.5480532],[139.7661017,35.5480544],[139.7661017,35.5480558],[139.7661007,35.5480569],[139.7664116,35.5480276],[139.7664092,35.5480212],[139.7664307,35.5480158],[139.7664228,35.548012],[139.7664267,35.5480064],[139.7664024,35.5479988],[139.7664024,35.5479982],[139.7661653,35.5479832],[139.7661653,35.5479839],[139.7661641,35.547985],[139.7661623,35.5479853],[139.7661607,35.5479845],[139.7661601,35.547983],[139.7661328,35.5479812],[139.7661327,35.5479829],[139.7661121,35.5479836],[139.7660765,35.5479734],[139.7660913,35.5479438],[139.7661337,35.5479566],[139.7661337,35.5479587],[139.7661353,35.5479588],[139.7661354,35.5479584],[139.7661527,35.5479434],[139.7661682,35.5479446],[139.7661693,35.5479447],[139.7662311,35.5479518],[139.7662311,35.5479527],[139.7662308,35.5479623],[139.7662307,35.5479633],[139.7662296,35.5479631],[139.7661679,35.5479563],[139.7661668,35.5479562],[139.7661668,35.5479608],[139.7664033,35.5479758],[139.7664033,35.5479754],[139.7664227,35.5479745],[139.7664424,35.5479846],[139.7664625,35.5479565],[139.7664641,35.5479573],[139.7665477,35.5478391],[139.7659941,35.5475765],[139.7660126,35.5475506],[139.7660045,35.5475467],[139.7658188,35.5476545],[139.7658401,35.5476644],[139.7658119,35.5477047],[139.7657851,35.5476921],[139.7657733,35.547709],[139.7657675,35.5477063],[139.7657573,35.5477215],[139.7657292,35.5477242],[139.7657289,35.547722],[139.7653957,35.5477738],[139.7653973,35.5477827],[139.7653984,35.5477826],[139.765457,35.547773],[139.765458,35.5477728],[139.7654582,35.5477737],[139.7654603,35.5477853],[139.7654605,35.5477862],[139.7654594,35.5477864],[139.7654014,35.5477965],[139.7654003,35.5477967],[139.765388,35.5477985],[139.7653719,35.5477931],[139.7653692,35.547778],[139.7653683,35.5477781],[139.7653688,35.5477805],[139.7653572,35.5477822],[139.765338,35.5477848],[139.7653015,35.5477668],[139.7653174,35.5477453],[139.7653214,35.5477399],[139.76535,35.547754],[139.7653629,35.5477522],[139.7653634,35.5477545],[139.7653789,35.5477521],[139.7653792,35.5477513],[139.7653808,35.5477506],[139.7653826,35.5477508],[139.7653832,35.5477514],[139.7657256,35.5476981],[139.7657253,35.5476961],[139.7657422,35.5476945],[139.7657319,35.5476897],[139.7657404,35.5476776],[139.7657193,35.5476767],[139.7657194,35.5476748],[139.7654577,35.5476822],[139.7654577,35.5476836],[139.7654565,35.5476847],[139.7654547,35.547685],[139.7654531,35.5476843],[139.7654525,35.5476829],[139.7654527,35.5476823],[139.765428,35.547683],[139.7653984,35.5476854],[139.765369,35.5476754],[139.7653849,35.5476445],[139.7654262,35.5476586],[139.7654267,35.547663],[139.7654323,35.5476628],[139.7654318,35.5476581],[139.7654415,35.5476463],[139.7654549,35.5476449],[139.765456,35.5476449],[139.7655224,35.5476446],[139.7655224,35.5476455],[139.7655235,35.547656],[139.7655235,35.5476569],[139.7655224,35.5476569],[139.765458,35.5476575],[139.7654569,35.5476575],[139.7654571,35.5476595],[139.7654583,35.5476606],[139.7654583,35.5476621],[139.7657207,35.5476547],[139.7657208,35.5476522],[139.7657571,35.5476537],[139.7657713,35.5476333],[139.7657709,35.5476331],[139.7660063,35.5474959],[139.76604,35.5475124],[139.7661555,35.547351],[139.767356,35.5479195],[139.7673501,35.5479277],[139.7673496,35.5479283],[139.7673066,35.5479883],[139.767315,35.5479923],[139.7673161,35.5479928],[139.7678943,35.5482666],[139.7679047,35.5481793],[139.7682008,35.5483195],[139.7709135,35.5496039],[139.770795,35.549771],[139.7708333,35.549785],[139.7708495,35.55003],[139.770849,35.5500299],[139.7708512,35.55004],[139.7708769,35.5500521],[139.7708573,35.5500801],[139.7708166,35.550061],[139.7707974,35.5500883],[139.7707834,35.5500817],[139.7707924,35.5500921],[139.7707605,35.5501106],[139.7707591,35.550109],[139.7706293,35.5501829],[139.77063,35.5501836],[139.77063,35.5501854],[139.7706294,35.550186],[139.7706298,35.5501865],[139.7706308,35.550186],[139.7706844,35.5501586],[139.770685,35.5501594],[139.7706912,35.5501668],[139.7706918,35.5501676],[139.7706909,35.5501681],[139.7706387,35.5501956],[139.7706378,35.5501961],[139.7706117,35.5502105],[139.770603,35.5501999],[139.77059,35.5502063],[139.7705383,35.5501952],[139.770547,35.5501681],[139.7705816,35.5501755],[139.7705934,35.5501697],[139.7705948,35.5501715],[139.7706075,35.5501642],[139.7706068,35.5501625],[139.7706076,35.5501608],[139.7706095,35.5501599],[139.7706116,35.5501602],[139.7706127,35.5501613],[139.770741,35.5500881],[139.7707389,35.5500857],[139.7707626,35.5500719],[139.7707558,35.5500687],[139.7707602,35.5500625],[139.7707412,35.5500619],[139.7706512,35.5500784],[139.7706512,35.5500791],[139.7706498,35.5500804],[139.7706476,35.5500808],[139.7706457,35.5500799],[139.7706455,35.5500794],[139.7706309,35.5500821],[139.7706315,35.5500851],[139.7706077,35.5500887],[139.7705638,35.5500699],[139.7705824,35.550041],[139.7706108,35.5500532],[139.7706237,35.5500512],[139.7706244,35.5500542],[139.7706305,35.5500531],[139.7706269,35.5500404],[139.7706413,35.5500377],[139.7706424,35.5500375],[139.7707037,35.550027],[139.7707039,35.5500278],[139.7707063,35.5500363],[139.7707066,35.5500371],[139.7707055,35.5500373],[139.7706452,35.5500473],[139.7706441,35.5500475],[139.7706449,35.5500504],[139.7707359,35.5500337],[139.7707356,35.5500323],[139.7707567,35.5500294],[139.7707767,35.5500391],[139.7707925,35.5500164],[139.7707788,35.5498118],[139.7707691,35.5498075],[139.7707514,35.5498325],[139.7702251,35.5495829],[139.7701413,35.5497016],[139.7701677,35.5497142],[139.77014,35.5497531],[139.7701136,35.5497406],[139.770101,35.5497583],[139.7700989,35.5497573],[139.770088,35.5497725],[139.7700612,35.5497845],[139.7700601,35.5497828],[139.7698963,35.5498391],[139.7698986,35.5498433],[139.7698996,35.5498429],[139.7699623,35.5498225],[139.7699628,35.5498233],[139.7699679,35.5498328],[139.7699684,35.5498336],[139.7699673,35.549834],[139.7699056,35.549854],[139.7699046,35.5498543],[139.7698954,35.5498576],[139.7698872,35.5498606],[139.7698836,35.5498539],[139.7698788,35.5498451],[139.769864,35.5498501],[139.7698434,35.5498573],[139.769804,35.5498451],[139.7698178,35.5498155],[139.769855,35.5498247],[139.7698756,35.5498176],[139.7698763,35.549816],[139.7698782,35.5498151],[139.7698804,35.5498154],[139.7698808,35.5498158],[139.7700445,35.5497596],[139.7700422,35.5497562],[139.7700702,35.5497436],[139.7700587,35.5497381],[139.7700625,35.5497328],[139.7700452,35.5497333],[139.7699123,35.5497446],[139.7699123,35.549746],[139.7699109,35.5497474],[139.7699087,35.5497477],[139.7699068,35.5497468],[139.7699061,35.5497451],[139.7698866,35.5497468],[139.7698866,35.5497493],[139.7698669,35.5497496],[139.7698248,35.5497394],[139.7698402,35.5497066],[139.7698856,35.5497177],[139.7698857,35.5497195],[139.7698881,35.5497193],[139.7698851,35.5497039],[139.7699083,35.5497008],[139.7699094,35.5497008],[139.7699769,35.5496969],[139.7699771,35.5496978],[139.7699793,35.5497092],[139.7699795,35.5497101],[139.7699784,35.5497101],[139.7699122,35.5497148],[139.7699111,35.5497148],[139.7699115,35.5497173],[139.770038,35.5497065],[139.7700377,35.5497047],[139.7700652,35.5497004],[139.7700805,35.5497075],[139.770099,35.5496815],[139.770183,35.5495629],[139.7694871,35.549233],[139.7693988,35.549351],[139.7694252,35.5493635],[139.7693974,35.5494027],[139.7693722,35.5493908],[139.7693608,35.549407],[139.7693569,35.5494052],[139.7693303,35.5494282],[139.7693275,35.549426],[139.7692528,35.5494854],[139.7692535,35.5494861],[139.7692635,35.5494949],[139.7692642,35.5494956],[139.7692145,35.5495364],[139.7692137,35.549537],[139.7691988,35.5495482],[139.7691869,35.5495377],[139.7691792,35.5495438],[139.7691798,35.5495444],[139.7691633,35.5495561],[139.7691119,35.5495558],[139.7691177,35.5495261],[139.7691609,35.5495235],[139.7691621,35.5495248],[139.7691765,35.5495138],[139.7691762,35.549513],[139.7691768,35.5495116],[139.7691784,35.5495109],[139.7691801,35.5495111],[139.7693099,35.5494124],[139.769308,35.549411],[139.7693296,35.5493923],[139.7693187,35.5493871],[139.7693253,35.5493779],[139.769323,35.5493768],[139.7693059,35.5493813],[139.7693058,35.5493806],[139.7692091,35.5494014],[139.7692091,35.5494023],[139.7692079,35.5494035],[139.7692061,35.5494037],[139.7692045,35.549403],[139.7692043,35.5494024],[139.7691825,35.5494071],[139.7691829,35.549408],[139.7691634,35.5494131],[139.76912,35.5494022],[139.7691308,35.5493736],[139.7691742,35.5493845],[139.7691744,35.5493851],[139.7691798,35.5493839],[139.7691715,35.5493642],[139.7691952,35.5493574],[139.7691963,35.5493572],[139.7692595,35.5493471],[139.7692598,35.549348],[139.7692633,35.5493561],[139.7692636,35.549357],[139.7692626,35.5493572],[139.7692014,35.5493692],[139.7692003,35.5493694],[139.7692042,35.5493786],[139.7693008,35.5493578],[139.7693004,35.5493562],[139.7693243,35.5493539],[139.7693378,35.5493603],[139.7693581,35.5493317],[139.7694464,35.5492137],[139.7687709,35.5488933],[139.7686851,35.5490128],[139.7687099,35.5490246],[139.7686826,35.5490631],[139.7686568,35.5490509],[139.7686436,35.5490695],[139.7686371,35.5490664],[139.7686258,35.5490813],[139.7685984,35.5490854],[139.768351,35.5491655],[139.7683532,35.5491698],[139.7683543,35.5491696],[139.7684223,35.5491541],[139.7684227,35.5491549],[139.7684254,35.5491609],[139.7684258,35.5491617],[139.7684248,35.549162],[139.7683596,35.5491789],[139.7683585,35.5491792],[139.7683496,35.5491826],[139.7683436,35.5491848],[139.7683339,35.5491826],[139.7683287,35.5491727],[139.7683199,35.5491756],[139.7683201,35.549176],[139.7682961,35.5491835],[139.7682579,35.5491659],[139.7682777,35.5491372],[139.7683087,35.5491514],[139.76831,35.5491542],[139.7683347,35.5491463],[139.7683349,35.5491459],[139.7683365,35.5491451],[139.7683379,35.5491453],[139.768589,35.5490655],[139.7685886,35.5490646],[139.7686078,35.5490526],[139.7686033,35.5490504],[139.7686085,35.5490432],[139.7685986,35.5490384],[139.7685809,35.5490415],[139.7685802,35.5490387],[139.768488,35.5490599],[139.7684894,35.5490641],[139.768398,35.5490853],[139.7683657,35.5490928],[139.768364,35.5490887],[139.7683498,35.5490935],[139.7683118,35.54908],[139.7683269,35.5490516],[139.7683617,35.5490639],[139.7683634,35.5490674],[139.7683727,35.5490654],[139.7683652,35.5490485],[139.768383,35.5490432],[139.768384,35.549043],[139.7684487,35.5490303],[139.7684492,35.5490311],[139.7684535,35.5490391],[139.768454,35.5490399],[139.7684529,35.5490401],[139.7683889,35.5490539],[139.7683878,35.5490541],[139.768391,35.5490613],[139.7685753,35.54902],[139.7685744,35.5490168],[139.7686055,35.5490113],[139.7686246,35.5490204],[139.7686439,35.5489933],[139.7687311,35.5488745],[139.7680404,35.548547],[139.7680384,35.548546],[139.7679511,35.5486648],[139.7679765,35.548677],[139.7679489,35.5487154],[139.7679227,35.5487028],[139.7679118,35.548718],[139.7679071,35.5487158],[139.7678945,35.5487335],[139.7678753,35.5487397],[139.7678751,35.5487394],[139.7676405,35.5488315],[139.7676397,35.5488322],[139.7676386,35.5488324],[139.7676424,35.5488382],[139.7676434,35.5488378],[139.7676971,35.5488163],[139.7676977,35.548817],[139.7677035,35.548825],[139.767704,35.5488258],[139.767703,35.5488262],[139.7676498,35.5488471],[139.7676488,35.5488475],[139.7676371,35.5488527],[139.7676285,35.5488507],[139.7676228,35.5488428],[139.7675931,35.5488544],[139.7675498,35.5488332],[139.7675694,35.5488065],[139.7675963,35.5488196],[139.7676195,35.5488105],[139.7676207,35.5488125],[139.7676241,35.5488111],[139.7676247,35.5488097],[139.7676263,35.5488089],[139.7676281,35.5488092],[139.7676284,35.5488094],[139.767861,35.5487181],[139.7678604,35.5487172],[139.7678725,35.5487131],[139.7678797,35.5487027],[139.7678708,35.5486984],[139.7678761,35.548691],[139.7678543,35.5486931],[139.767854,35.5486913],[139.7676969,35.5487501],[139.7676974,35.5487506],[139.7676974,35.5487521],[139.7676962,35.5487532],[139.7676944,35.5487535],[139.7676929,35.5487527],[139.7676924,35.5487518],[139.7676747,35.5487584],[139.767675,35.5487591],[139.7676494,35.5487682],[139.7676071,35.5487537],[139.7676233,35.5487222],[139.7676625,35.5487356],[139.7676638,35.5487382],[139.7676715,35.5487354],[139.7676606,35.5487164],[139.7676743,35.5487112],[139.7676753,35.5487109],[139.7677399,35.5486896],[139.7677403,35.5486905],[139.7677447,35.5486986],[139.7677452,35.5486995],[139.7677441,35.5486998],[139.7676806,35.5487203],[139.7676796,35.5487207],[139.7676848,35.5487296],[139.7676858,35.5487297],[139.7676862,35.5487301],[139.7678511,35.5486708],[139.7678509,35.5486697],[139.7678729,35.5486644],[139.7678897,35.548672],[139.7679093,35.5486448],[139.767911,35.5486456],[139.767998,35.5485268],[139.7672061,35.5481513],[139.7671875,35.5481425],[139.767103,35.5482608],[139.767129,35.5482734],[139.7671009,35.5483123],[139.7670756,35.5483002],[139.7670635,35.5483169],[139.767061,35.5483157],[139.7670628,35.5483173],[139.7670336,35.5483386],[139.7670318,35.5483369],[139.7668907,35.5484291],[139.7668989,35.5484374],[139.7668997,35.5484368],[139.7669481,35.5484033],[139.7669489,35.5484027],[139.7669496,35.5484035],[139.7669554,35.5484107],[139.766956,35.5484114],[139.7669085,35.5484462],[139.7669077,35.5484468],[139.766893,35.548456],[139.7668779,35.548455],[139.7668713,35.5484484],[139.7668673,35.5484444],[139.7668644,35.5484463],[139.7668657,35.5484477],[139.7668457,35.5484597],[139.7668062,35.5484582],[139.7668079,35.5484305],[139.7668361,35.5484316],[139.7668459,35.5484258],[139.7668467,35.5484266],[139.7668622,35.5484165],[139.7668627,35.5484152],[139.7668643,35.5484145],[139.7668651,35.5484146],[139.7670118,35.5483187],[139.7670101,35.5483171],[139.7670315,35.5483015],[139.7670216,35.5482967],[139.7670261,35.5482905],[139.7670037,35.5482938],[139.7670035,35.5482927],[139.7669437,35.5483077],[139.7669205,35.5483135],[139.7669009,35.5483185],[139.766901,35.5483187],[139.7668808,35.5483239],[139.766839,35.5483197],[139.7668431,35.5482923],[139.7668742,35.5482954],[139.7668905,35.5482913]]]}},{"type":"Feature","properties":{"gmlId":"bldg_ec41eac1-084d-4ece-9903-bf2eece19c2b","name":null,"usage":"不明","majorUsage":null,"usageCode":"461","majorUsageCode":null,"usageCodeSpace":"https://assets.cms.plateau.reearth.io/assets/2c/6a2f27-a1e1-466a-a8cf-4627060f7ca4/13111_ota-ku_pref_2025_citygml_1_op/codelists/Building_usage.xml","majorUsageCodeSpace":null,"measuredHeight":null,"storeysAboveGround":null,"rawMeasuredHeight":"-9999","rawStoreysAboveGround":"9999","category":"OTHER","city":"大田区","dataYear":2025,"geometrySource":"lod0RoofEdge","sourceMesh":"53392672"},"geometry":{"type":"Polygon","coordinates":[[[139.7800997,35.5589946],[139.7801672,35.5589937],[139.7801677,35.5590138],[139.7801752,35.5590137],[139.7801758,35.5590402],[139.7800935,35.5590414],[139.780093,35.5590176],[139.7801002,35.5590175],[139.7800997,35.5589946]]]}},{"type":"Feature","properties":{"gmlId":"bldg_952dc564-c75d-455c-9325-290c1adbab56","name":null,"usage":"業務施設","majorUsage":null,"usageCode":"401","majorUsageCode":null,"usageCodeSpace":"https://assets.cms.plateau.reearth.io/assets/2c/6a2f27-a1e1-466a-a8cf-4627060f7ca4/13111_ota-ku_pref_2025_citygml_1_op/codelists/Building_usage.xml","majorUsageCodeSpace":null,"measuredHeight":9.4,"storeysAboveGround":3,"rawMeasuredHeight":"9.4","rawStoreysAboveGround":"3","category":"OTHER","city":"大田区","dataYear":2025,"geometrySource":"lod0RoofEdge","sourceMesh":"53392651"},"geometry":{"type":"Polygon","coordinates":[[[139.7702944,35.5434902],[139.770362,35.5435222],[139.7703004,35.5436092],[139.7700722,35.5435012],[139.7701338,35.5434143],[139.7702226,35.5434563],[139.7702302,35.5434457],[139.7703019,35.5434797],[139.7702944,35.5434902]]]}},{"type":"Feature","properties":{"gmlId":"bldg_5ff433a7-9831-48cc-980d-758c6b3fe178","name":null,"usage":"不明","majorUsage":null,"usageCode":"461","majorUsageCode":null,"usageCodeSpace":"https://assets.cms.plateau.reearth.io/assets/2c/6a2f27-a1e1-466a-a8cf-4627060f7ca4/13111_ota-ku_pref_2025_citygml_1_op/codelists/Building_usage.xml","majorUsageCodeSpace":null,"measuredHeight":6.4,"storeysAboveGround":null,"rawMeasuredHeight":"6.4","rawStoreysAboveGround":"9999","category":"OTHER","city":"大田区","dataYear":2025,"geometrySource":"lod0RoofEdge","sourceMesh":"53392672"},"geometry":{"type":"Polygon","coordinates":[[[139.7769046,35.5590033],[139.7769482,35.5589426],[139.7771618,35.5590449],[139.7771183,35.5591056],[139.7769046,35.5590033]]]}},{"type":"Feature","properties":{"gmlId":"bldg_1ab9da34-f9f3-4765-af19-ba9c14024304","name":null,"usage":"工場","majorUsage":null,"usageCode":"441","majorUsageCode":null,"usageCodeSpace":"https://assets.cms.plateau.reearth.io/assets/2c/6a2f27-a1e1-466a-a8cf-4627060f7ca4/13111_ota-ku_pref_2025_citygml_1_op/codelists/Building_usage.xml","majorUsageCodeSpace":null,"measuredHeight":18.2,"storeysAboveGround":3,"rawMeasuredHeight":"18.2","rawStoreysAboveGround":"3","category":"OTHER","city":"大田区","dataYear":2025,"geometrySource":"lod0RoofEdge","sourceMesh":"53392672"},"geometry":{"type":"Polygon","coordinates":[[[139.78027,35.559731],[139.7799912,35.5596006],[139.7799909,35.559601],[139.7797257,35.5594741],[139.7797398,35.5594543],[139.7797311,35.5594502],[139.7797306,35.5594509],[139.7797129,35.5594427],[139.7797527,35.5593853],[139.7797592,35.5593882],[139.7800523,35.5591593],[139.780053,35.5591598],[139.7800536,35.5591588],[139.7800759,35.5591695],[139.7800825,35.5591599],[139.7801253,35.5591797],[139.7801319,35.5591702],[139.7801915,35.5591981],[139.7801896,35.5592009],[139.7802504,35.5592293],[139.7802651,35.5592093],[139.7802708,35.5592092],[139.7802819,35.5592086],[139.7802969,35.5592109],[139.780307,35.5592177],[139.7803118,35.5592254],[139.780312,35.5592321],[139.7803864,35.5592688],[139.7803723,35.5592881],[139.7804275,35.5593138],[139.780414,35.5593332],[139.780556,35.5593996],[139.7805765,35.5593707],[139.7806306,35.5593964],[139.7806071,35.5594295],[139.780606,35.5594289],[139.7805895,35.5594524],[139.7806108,35.5594626],[139.7803966,35.5597615],[139.7804032,35.5597647],[139.7803748,35.5598045],[139.7803211,35.5597789],[139.780314,35.559789],[139.7802503,35.5597591],[139.78027,35.559731]]]}},{"type":"Feature","properties":{"gmlId":"bldg_bc21375a-9713-4d69-8986-91a6a8f83451","name":null,"usage":"工場","majorUsage":null,"usageCode":"441","majorUsageCode":null,"usageCodeSpace":"https://assets.cms.plateau.reearth.io/assets/2c/6a2f27-a1e1-466a-a8cf-4627060f7ca4/13111_ota-ku_pref_2025_citygml_1_op/codelists/Building_usage.xml","majorUsageCodeSpace":null,"measuredHeight":5.7,"storeysAboveGround":1,"rawMeasuredHeight":"5.7","rawStoreysAboveGround":"1","category":"OTHER","city":"大田区","dataYear":2025,"geometrySource":"lod0RoofEdge","sourceMesh":"53392672"},"geometry":{"type":"Polygon","coordinates":[[[139.7795782,35.5593781],[139.7795818,35.5593729],[139.7797162,35.559435],[139.7796821,35.5594844],[139.7795476,35.5594222],[139.7795782,35.5593781]]]}},{"type":"Feature","properties":{"gmlId":"bldg_79191207-58ef-40fc-96e6-7daa2f144813","name":null,"usage":"不明","majorUsage":null,"usageCode":"461","majorUsageCode":null,"usageCodeSpace":"https://assets.cms.plateau.reearth.io/assets/2c/6a2f27-a1e1-466a-a8cf-4627060f7ca4/13111_ota-ku_pref_2025_citygml_1_op/codelists/Building_usage.xml","majorUsageCodeSpace":null,"measuredHeight":31.2,"storeysAboveGround":null,"rawMeasuredHeight":"31.2","rawStoreysAboveGround":"9999","category":"OTHER","city":"大田区","dataYear":2025,"geometrySource":"lod0RoofEdge","sourceMesh":"53392651"},"geometry":{"type":"Polygon","coordinates":[[[139.767842,35.5467402],[139.7677608,35.5467015],[139.768034,35.5463191],[139.7681152,35.5463578],[139.7681145,35.5463588],[139.7682546,35.5464251],[139.7681358,35.5465928],[139.7681554,35.5466022],[139.7681096,35.5466658],[139.7680906,35.5466566],[139.767658,35.5472674],[139.767574,35.5472277],[139.7675376,35.5472104],[139.7675245,35.5472043],[139.7677452,35.5468927],[139.7678506,35.5467439],[139.7678422,35.5467399],[139.767842,35.5467402]]]}},{"type":"Feature","properties":{"gmlId":"bldg_7aeb41d8-a012-4cd0-8b12-f2ee505dd17f","name":null,"usage":"不明","majorUsage":null,"usageCode":"461","majorUsageCode":null,"usageCodeSpace":"https://assets.cms.plateau.reearth.io/assets/2c/6a2f27-a1e1-466a-a8cf-4627060f7ca4/13111_ota-ku_pref_2025_citygml_1_op/codelists/Building_usage.xml","majorUsageCodeSpace":null,"measuredHeight":null,"storeysAboveGround":null,"rawMeasuredHeight":"-9999","rawStoreysAboveGround":"9999","category":"OTHER","city":"大田区","dataYear":2025,"geometrySource":"lod0RoofEdge","sourceMesh":"53392641"},"geometry":{"type":"Polygon","coordinates":[[[139.7739928,35.5405567],[139.7739286,35.5405263],[139.7740111,35.5404083],[139.7740754,35.5404387],[139.7739928,35.5405567]]]}},{"type":"Feature","properties":{"gmlId":"bldg_77bdf5c8-7f71-43fa-977f-a8557f1de60a","name":null,"usage":"不明","majorUsage":null,"usageCode":"461","majorUsageCode":null,"usageCodeSpace":"https://assets.cms.plateau.reearth.io/assets/2c/6a2f27-a1e1-466a-a8cf-4627060f7ca4/13111_ota-ku_pref_2025_citygml_1_op/codelists/Building_usage.xml","majorUsageCodeSpace":null,"measuredHeight":2,"storeysAboveGround":null,"rawMeasuredHeight":"2","rawStoreysAboveGround":"9999","category":"OTHER","city":"大田区","dataYear":2025,"geometrySource":"lod0RoofEdge","sourceMesh":"53392642"},"geometry":{"type":"Polygon","coordinates":[[[139.7846765,35.5401046],[139.7846549,35.5400945],[139.7847701,35.5399307],[139.7847917,35.5399408],[139.7846765,35.5401046]]]}},{"type":"Feature","properties":{"gmlId":"bldg_de71230b-e8b1-4eb2-bae1-852d3e1c73d7","name":null,"usage":"不明","majorUsage":null,"usageCode":"461","majorUsageCode":null,"usageCodeSpace":"https://assets.cms.plateau.reearth.io/assets/2c/6a2f27-a1e1-466a-a8cf-4627060f7ca4/13111_ota-ku_pref_2025_citygml_1_op/codelists/Building_usage.xml","majorUsageCodeSpace":null,"measuredHeight":3.9,"storeysAboveGround":null,"rawMeasuredHeight":"3.9","rawStoreysAboveGround":"9999","category":"OTHER","city":"大田区","dataYear":2025,"geometrySource":"lod0RoofEdge","sourceMesh":"53392641"},"geometry":{"type":"Polygon","coordinates":[[[139.7720255,35.5414279],[139.7719836,35.541409],[139.7720255,35.5413473],[139.7720673,35.5413663],[139.7720255,35.5414279]]]}},{"type":"Feature","properties":{"gmlId":"bldg_bf283afc-972c-4a5c-b6cd-7d50580ee470","name":null,"usage":"不明","majorUsage":null,"usageCode":"461","majorUsageCode":null,"usageCodeSpace":"https://assets.cms.plateau.reearth.io/assets/2c/6a2f27-a1e1-466a-a8cf-4627060f7ca4/13111_ota-ku_pref_2025_citygml_1_op/codelists/Building_usage.xml","majorUsageCodeSpace":null,"measuredHeight":null,"storeysAboveGround":null,"rawMeasuredHeight":"-9999","rawStoreysAboveGround":"9999","category":"OTHER","city":"大田区","dataYear":2025,"geometrySource":"lod0RoofEdge","sourceMesh":"53392653"},"geometry":{"type":"Polygon","coordinates":[[[139.7891204,35.5425704],[139.7891541,35.5425231],[139.7891676,35.5425295],[139.7891338,35.5425768],[139.7891204,35.5425704]]]}},{"type":"Feature","properties":{"gmlId":"bldg_cb128abb-46fd-4ee9-b6c4-f20d074131b5","name":null,"usage":"不明","majorUsage":null,"usageCode":"461","majorUsageCode":null,"usageCodeSpace":"https://assets.cms.plateau.reearth.io/assets/2c/6a2f27-a1e1-466a-a8cf-4627060f7ca4/13111_ota-ku_pref_2025_citygml_1_op/codelists/Building_usage.xml","majorUsageCodeSpace":null,"measuredHeight":null,"storeysAboveGround":null,"rawMeasuredHeight":"-9999","rawStoreysAboveGround":"9999","category":"OTHER","city":"大田区","dataYear":2025,"geometrySource":"lod0RoofEdge","sourceMesh":"53392651"},"geometry":{"type":"Polygon","coordinates":[[[139.7700519,35.5430624],[139.7700164,35.5431131],[139.7698209,35.5430218],[139.7698264,35.543014],[139.7698564,35.5429711],[139.7700519,35.5430624]]]}},{"type":"Feature","properties":{"gmlId":"bldg_3a07ccb8-152e-4075-ab97-1c20237cdbae","name":null,"usage":"業務施設","majorUsage":null,"usageCode":"401","majorUsageCode":null,"usageCodeSpace":"https://assets.cms.plateau.reearth.io/assets/2c/6a2f27-a1e1-466a-a8cf-4627060f7ca4/13111_ota-ku_pref_2025_citygml_1_op/codelists/Building_usage.xml","majorUsageCodeSpace":null,"measuredHeight":5.4,"storeysAboveGround":2,"rawMeasuredHeight":"5.4","rawStoreysAboveGround":"2","category":"OTHER","city":"大田区","dataYear":2025,"geometrySource":"lod0RoofEdge","sourceMesh":"53392651"},"geometry":{"type":"Polygon","coordinates":[[[139.7700685,35.5429075],[139.770093,35.5429187],[139.7700853,35.5429299],[139.7701019,35.5429377],[139.7701007,35.5429394],[139.7701197,35.542948],[139.7701021,35.5429739],[139.7701368,35.5429898],[139.7701373,35.5429891],[139.770161,35.543],[139.7701206,35.5430583],[139.7701023,35.5430498],[139.770102,35.5430501],[139.7700968,35.5430478],[139.7700937,35.5430524],[139.7700777,35.5430452],[139.7700808,35.5430405],[139.7700428,35.5430232],[139.7700418,35.5430246],[139.7697934,35.5429067],[139.7697828,35.5429018],[139.769842,35.5428168],[139.7698953,35.5428415],[139.7699021,35.5428318],[139.7699328,35.542846],[139.769926,35.5428558],[139.7699718,35.5428772],[139.7699753,35.5428721],[139.7699998,35.5428834],[139.7699963,35.5428885],[139.7700157,35.5428976],[139.7700219,35.5428886],[139.7700464,35.5428999],[139.7700401,35.5429089],[139.7700609,35.5429186],[139.7700685,35.5429075]]]}},{"type":"Feature","properties":{"gmlId":"bldg_1433dfa1-4431-4b5e-a09a-b107a338ffb9","name":null,"usage":"不明","majorUsage":null,"usageCode":"461","majorUsageCode":null,"usageCodeSpace":"https://assets.cms.plateau.reearth.io/assets/2c/6a2f27-a1e1-466a-a8cf-4627060f7ca4/13111_ota-ku_pref_2025_citygml_1_op/codelists/Building_usage.xml","majorUsageCodeSpace":null,"measuredHeight":3.7,"storeysAboveGround":null,"rawMeasuredHeight":"3.7","rawStoreysAboveGround":"9999","category":"OTHER","city":"大田区","dataYear":2025,"geometrySource":"lod0RoofEdge","sourceMesh":"53392641"},"geometry":{"type":"Polygon","coordinates":[[[139.7724756,35.541121],[139.7724087,35.541089],[139.7724742,35.5409953],[139.772541,35.5410272],[139.7724756,35.541121]]]}},{"type":"Feature","properties":{"gmlId":"bldg_bf21df24-716d-4330-8013-97127cbcfcd3","name":null,"usage":"不明","majorUsage":null,"usageCode":"461","majorUsageCode":null,"usageCodeSpace":"https://assets.cms.plateau.reearth.io/assets/2c/6a2f27-a1e1-466a-a8cf-4627060f7ca4/13111_ota-ku_pref_2025_citygml_1_op/codelists/Building_usage.xml","majorUsageCodeSpace":null,"measuredHeight":23.3,"storeysAboveGround":null,"rawMeasuredHeight":"23.3","rawStoreysAboveGround":"9999","category":"OTHER","city":"大田区","dataYear":2025,"geometrySource":"lod0RoofEdge","sourceMesh":"53392651"},"geometry":{"type":"Polygon","coordinates":[[[139.7690695,35.5437698],[139.7694481,35.5439504],[139.7693285,35.5441177],[139.76895,35.5439371],[139.7690695,35.5437698]]]}},{"type":"Feature","properties":{"gmlId":"bldg_b47f0e7f-e05b-4b06-9a2c-bb47ddf80bbb","name":null,"usage":"不明","majorUsage":null,"usageCode":"461","majorUsageCode":null,"usageCodeSpace":"https://assets.cms.plateau.reearth.io/assets/2c/6a2f27-a1e1-466a-a8cf-4627060f7ca4/13111_ota-ku_pref_2025_citygml_1_op/codelists/Building_usage.xml","majorUsageCodeSpace":null,"measuredHeight":1.8,"storeysAboveGround":null,"rawMeasuredHeight":"1.8","rawStoreysAboveGround":"9999","category":"OTHER","city":"大田区","dataYear":2025,"geometrySource":"lod0RoofEdge","sourceMesh":"53392642"},"geometry":{"type":"Polygon","coordinates":[[[139.7848147,35.5399069],[139.7847982,35.5399343],[139.7847778,35.5399261],[139.7847944,35.5398987],[139.7848147,35.5399069]]]}},{"type":"Feature","properties":{"gmlId":"bldg_c50f49a6-e00f-4935-b3e5-4cc8f215bdaa","name":null,"usage":"不明","majorUsage":null,"usageCode":"461","majorUsageCode":null,"usageCodeSpace":"https://assets.cms.plateau.reearth.io/assets/2c/6a2f27-a1e1-466a-a8cf-4627060f7ca4/13111_ota-ku_pref_2025_citygml_1_op/codelists/Building_usage.xml","majorUsageCodeSpace":null,"measuredHeight":1.1,"storeysAboveGround":null,"rawMeasuredHeight":"1.1","rawStoreysAboveGround":"9999","category":"OTHER","city":"大田区","dataYear":2025,"geometrySource":"lod0RoofEdge","sourceMesh":"53392663"},"geometry":{"type":"Polygon","coordinates":[[[139.7879956,35.5573231],[139.7879825,35.5573177],[139.787988,35.5573087],[139.7880011,35.5573141],[139.7879956,35.5573231]]]}},{"type":"Feature","properties":{"gmlId":"bldg_bcf48e85-eb93-45cd-91ea-a340d4680a66","name":null,"usage":"不明","majorUsage":null,"usageCode":"461","majorUsageCode":null,"usageCodeSpace":"https://assets.cms.plateau.reearth.io/assets/2c/6a2f27-a1e1-466a-a8cf-4627060f7ca4/13111_ota-ku_pref_2025_citygml_1_op/codelists/Building_usage.xml","majorUsageCodeSpace":null,"measuredHeight":1.1,"storeysAboveGround":null,"rawMeasuredHeight":"1.1","rawStoreysAboveGround":"9999","category":"OTHER","city":"大田区","dataYear":2025,"geometrySource":"lod0RoofEdge","sourceMesh":"53392663"},"geometry":{"type":"Polygon","coordinates":[[[139.7880164,35.5573153],[139.7880008,35.5573079],[139.7880096,35.5572955],[139.7880253,35.5573029],[139.7880164,35.5573153]]]}},{"type":"Feature","properties":{"gmlId":"bldg_fa4035fb-821e-4f3f-a089-b90ba7ae4226","name":null,"usage":"不明","majorUsage":null,"usageCode":"461","majorUsageCode":null,"usageCodeSpace":"https://assets.cms.plateau.reearth.io/assets/2c/6a2f27-a1e1-466a-a8cf-4627060f7ca4/13111_ota-ku_pref_2025_citygml_1_op/codelists/Building_usage.xml","majorUsageCodeSpace":null,"measuredHeight":4.9,"storeysAboveGround":null,"rawMeasuredHeight":"4.9","rawStoreysAboveGround":"9999","category":"OTHER","city":"大田区","dataYear":2025,"geometrySource":"lod0RoofEdge","sourceMesh":"53392641"},"geometry":{"type":"Polygon","coordinates":[[[139.7738076,35.5403073],[139.7737104,35.5402613],[139.773797,35.5401323],[139.7738942,35.5401781],[139.7738076,35.5403073]]]}},{"type":"Feature","properties":{"gmlId":"bldg_19692c09-30b1-4986-9830-09c7d9e75492","name":null,"usage":"不明","majorUsage":null,"usageCode":"461","majorUsageCode":null,"usageCodeSpace":"https://assets.cms.plateau.reearth.io/assets/2c/6a2f27-a1e1-466a-a8cf-4627060f7ca4/13111_ota-ku_pref_2025_citygml_1_op/codelists/Building_usage.xml","majorUsageCodeSpace":null,"measuredHeight":2.9,"storeysAboveGround":null,"rawMeasuredHeight":"2.9","rawStoreysAboveGround":"9999","category":"OTHER","city":"大田区","dataYear":2025,"geometrySource":"lod0RoofEdge","sourceMesh":"53392642"},"geometry":{"type":"Polygon","coordinates":[[[139.7849244,35.5398476],[139.7849476,35.5398581],[139.7849342,35.5398778],[139.7849448,35.5398826],[139.7849349,35.5398972],[139.7849245,35.5398925],[139.7849139,35.5399079],[139.7848906,35.5398972],[139.7849244,35.5398476]]]}},{"type":"Feature","properties":{"gmlId":"bldg_ea087439-228a-4447-b166-454f5e6f3fcb","name":null,"usage":"不明","majorUsage":null,"usageCode":"461","majorUsageCode":null,"usageCodeSpace":"https://assets.cms.plateau.reearth.io/assets/2c/6a2f27-a1e1-466a-a8cf-4627060f7ca4/13111_ota-ku_pref_2025_citygml_1_op/codelists/Building_usage.xml","majorUsageCodeSpace":null,"measuredHeight":12.1,"storeysAboveGround":null,"rawMeasuredHeight":"12.1","rawStoreysAboveGround":"9999","category":"OTHER","city":"大田区","dataYear":2025,"geometrySource":"lod0RoofEdge","sourceMesh":"53392641"},"geometry":{"type":"Polygon","coordinates":[[[139.7730878,35.5405943],[139.7730085,35.5405566],[139.7730578,35.5404857],[139.7731371,35.5405233],[139.7730878,35.5405943]]]}},{"type":"Feature","properties":{"gmlId":"bldg_55d216a1-1a29-4f56-bf52-7cd4e48ce4dc","name":null,"usage":"不明","majorUsage":null,"usageCode":"461","majorUsageCode":null,"usageCodeSpace":"https://assets.cms.plateau.reearth.io/assets/2c/6a2f27-a1e1-466a-a8cf-4627060f7ca4/13111_ota-ku_pref_2025_citygml_1_op/codelists/Building_usage.xml","majorUsageCodeSpace":null,"measuredHeight":null,"storeysAboveGround":null,"rawMeasuredHeight":"-9999","rawStoreysAboveGround":"9999","category":"OTHER","city":"大田区","dataYear":2025,"geometrySource":"lod0RoofEdge","sourceMesh":"53392651"},"geometry":{"type":"Polygon","coordinates":[[[139.7698525,35.5429662],[139.769817,35.543017],[139.7696266,35.5429278],[139.7696622,35.542877],[139.7698525,35.5429662]]]}},{"type":"Feature","properties":{"gmlId":"bldg_e67f9b14-7920-4db9-9adc-4cdaaca173f0","name":null,"usage":"工場","majorUsage":null,"usageCode":"441","majorUsageCode":null,"usageCodeSpace":"https://assets.cms.plateau.reearth.io/assets/2c/6a2f27-a1e1-466a-a8cf-4627060f7ca4/13111_ota-ku_pref_2025_citygml_1_op/codelists/Building_usage.xml","majorUsageCodeSpace":null,"measuredHeight":13.5,"storeysAboveGround":2,"rawMeasuredHeight":"13.5","rawStoreysAboveGround":"2","category":"OTHER","city":"大田区","dataYear":2025,"geometrySource":"lod0RoofEdge","sourceMesh":"53392672"},"geometry":{"type":"Polygon","coordinates":[[[139.7802216,35.5601888],[139.7802064,35.5602107],[139.7801487,35.5601841],[139.7801642,35.5601615],[139.7794632,35.5598291],[139.7794491,35.5598493],[139.7792914,35.5597759],[139.7793062,35.5597546],[139.7793047,35.5597539],[139.7794034,35.559615],[139.7793873,35.5596088],[139.7793887,35.5596003],[139.7793945,35.5595893],[139.7794033,35.5595805],[139.7794076,35.559578],[139.7794119,35.5595763],[139.7794266,35.5595824],[139.779441,35.5595621],[139.7794408,35.5595619],[139.7795304,35.5594371],[139.7804479,35.5598716],[139.7803734,35.5599759],[139.7803741,35.5599762],[139.7802227,35.5601893],[139.7802216,35.5601888]]]}},{"type":"Feature","properties":{"gmlId":"bldg_5e6943ef-5b89-4c20-bb39-225bfe85370c","name":null,"usage":"工場","majorUsage":null,"usageCode":"441","majorUsageCode":null,"usageCodeSpace":"https://assets.cms.plateau.reearth.io/assets/2c/6a2f27-a1e1-466a-a8cf-4627060f7ca4/13111_ota-ku_pref_2025_citygml_1_op/codelists/Building_usage.xml","majorUsageCodeSpace":null,"measuredHeight":null,"storeysAboveGround":1,"rawMeasuredHeight":"-9999","rawStoreysAboveGround":"1","category":"OTHER","city":"大田区","dataYear":2025,"geometrySource":"lod0RoofEdge","sourceMesh":"53392672"},"geometry":{"type":"Polygon","coordinates":[[[139.7789727,35.5598538],[139.7790071,35.5598063],[139.7790511,35.5598276],[139.7790167,35.5598751],[139.7789727,35.5598538]]]}},{"type":"Feature","properties":{"gmlId":"bldg_c055f885-b936-4443-8451-c7eaca2fe545","name":null,"usage":"業務施設","majorUsage":null,"usageCode":"401","majorUsageCode":null,"usageCodeSpace":"https://assets.cms.plateau.reearth.io/assets/2c/6a2f27-a1e1-466a-a8cf-4627060f7ca4/13111_ota-ku_pref_2025_citygml_1_op/codelists/Building_usage.xml","majorUsageCodeSpace":null,"measuredHeight":5.2,"storeysAboveGround":2,"rawMeasuredHeight":"5.2","rawStoreysAboveGround":"2","category":"OTHER","city":"大田区","dataYear":2025,"geometrySource":"lod0RoofEdge","sourceMesh":"53392651"},"geometry":{"type":"Polygon","coordinates":[[[139.7697777,35.5428993],[139.7696359,35.5428321],[139.7696735,35.5427791],[139.7698153,35.5428463],[139.7697777,35.5428993]]]}},{"type":"Feature","properties":{"gmlId":"bldg_1079d5f4-98d1-474e-8da8-10297ccbf8d5","name":null,"usage":"不明","majorUsage":null,"usageCode":"461","majorUsageCode":null,"usageCodeSpace":"https://assets.cms.plateau.reearth.io/assets/2c/6a2f27-a1e1-466a-a8cf-4627060f7ca4/13111_ota-ku_pref_2025_citygml_1_op/codelists/Building_usage.xml","majorUsageCodeSpace":null,"measuredHeight":0.8,"storeysAboveGround":null,"rawMeasuredHeight":"0.8","rawStoreysAboveGround":"9999","category":"OTHER","city":"大田区","dataYear":2025,"geometrySource":"lod0RoofEdge","sourceMesh":"53392663"},"geometry":{"type":"Polygon","coordinates":[[[139.7876772,35.5577673],[139.7876696,35.557778],[139.7876544,35.5577707],[139.787662,35.55776],[139.7876772,35.5577673]]]}},{"type":"Feature","properties":{"gmlId":"bldg_e3e1f4bf-bb64-4b51-943d-37e9f46ffed0","name":null,"usage":"不明","majorUsage":null,"usageCode":"461","majorUsageCode":null,"usageCodeSpace":"https://assets.cms.plateau.reearth.io/assets/2c/6a2f27-a1e1-466a-a8cf-4627060f7ca4/13111_ota-ku_pref_2025_citygml_1_op/codelists/Building_usage.xml","majorUsageCodeSpace":null,"measuredHeight":1.3,"storeysAboveGround":null,"rawMeasuredHeight":"1.3","rawStoreysAboveGround":"9999","category":"OTHER","city":"大田区","dataYear":2025,"geometrySource":"lod0RoofEdge","sourceMesh":"53392663"},"geometry":{"type":"Polygon","coordinates":[[[139.7876998,35.5577553],[139.7876923,35.5577672],[139.7876726,35.5577589],[139.7876801,35.557747],[139.7876998,35.5577553]]]}},{"type":"Feature","properties":{"gmlId":"bldg_a962cb6d-dca5-434d-9e56-31fbb495369a","name":null,"usage":"工場","majorUsage":null,"usageCode":"441","majorUsageCode":null,"usageCodeSpace":"https://assets.cms.plateau.reearth.io/assets/2c/6a2f27-a1e1-466a-a8cf-4627060f7ca4/13111_ota-ku_pref_2025_citygml_1_op/codelists/Building_usage.xml","majorUsageCodeSpace":null,"measuredHeight":3.4,"storeysAboveGround":1,"rawMeasuredHeight":"3.4","rawStoreysAboveGround":"1","category":"OTHER","city":"大田区","dataYear":2025,"geometrySource":"lod0RoofEdge","sourceMesh":"53392672"},"geometry":{"type":"Polygon","coordinates":[[[139.7788899,35.5599537],[139.7789318,35.5598897],[139.7789791,35.5599119],[139.7789372,35.559976],[139.7788899,35.5599537]]]}},{"type":"Feature","properties":{"gmlId":"bldg_901de98a-51a9-456a-a86d-43bd2bd55782","name":null,"usage":"不明","majorUsage":null,"usageCode":"461","majorUsageCode":null,"usageCodeSpace":"https://assets.cms.plateau.reearth.io/assets/2c/6a2f27-a1e1-466a-a8cf-4627060f7ca4/13111_ota-ku_pref_2025_citygml_1_op/codelists/Building_usage.xml","majorUsageCodeSpace":null,"measuredHeight":8.9,"storeysAboveGround":null,"rawMeasuredHeight":"8.9","rawStoreysAboveGround":"9999","category":"OTHER","city":"大田区","dataYear":2025,"geometrySource":"lod0RoofEdge","sourceMesh":"53392651"},"geometry":{"type":"Polygon","coordinates":[[[139.7673219,35.5466195],[139.767343,35.5466295],[139.7672977,35.5466941],[139.7671221,35.5466111],[139.7671675,35.5465465],[139.7671693,35.5465473],[139.7671743,35.5465406],[139.7672592,35.5465804],[139.7672663,35.5465703],[139.7673335,35.5466029],[139.7673219,35.5466195]]]}},{"type":"Feature","properties":{"gmlId":"bldg_037c6226-ad38-4725-b946-03b2253d0d0c","name":null,"usage":"工場","majorUsage":null,"usageCode":"441","majorUsageCode":null,"usageCodeSpace":"https://assets.cms.plateau.reearth.io/assets/2c/6a2f27-a1e1-466a-a8cf-4627060f7ca4/13111_ota-ku_pref_2025_citygml_1_op/codelists/Building_usage.xml","majorUsageCodeSpace":null,"measuredHeight":3.5,"storeysAboveGround":1,"rawMeasuredHeight":"3.5","rawStoreysAboveGround":"1","category":"OTHER","city":"大田区","dataYear":2025,"geometrySource":"lod0RoofEdge","sourceMesh":"53392672"},"geometry":{"type":"Polygon","coordinates":[[[139.7789486,35.559984],[139.7789897,35.5599229],[139.7790435,35.5599475],[139.7790024,35.5600086],[139.7789486,35.559984]]]}},{"type":"Feature","properties":{"gmlId":"bldg_4c7a01aa-887a-4936-b3cb-93cc4d300d3b","name":null,"usage":"不明","majorUsage":null,"usageCode":"461","majorUsageCode":null,"usageCodeSpace":"https://assets.cms.plateau.reearth.io/assets/2c/6a2f27-a1e1-466a-a8cf-4627060f7ca4/13111_ota-ku_pref_2025_citygml_1_op/codelists/Building_usage.xml","majorUsageCodeSpace":null,"measuredHeight":18.7,"storeysAboveGround":null,"rawMeasuredHeight":"18.7","rawStoreysAboveGround":"9999","category":"OTHER","city":"大田区","dataYear":2025,"geometrySource":"lod0RoofEdge","sourceMesh":"53392651"},"geometry":{"type":"Polygon","coordinates":[[[139.7690112,35.5434848],[139.7689632,35.5435839],[139.7689214,35.5436629],[139.7688695,35.5437468],[139.7688242,35.5438249],[139.7687552,35.5439239],[139.7686768,35.544024],[139.7686105,35.5441041],[139.7685823,35.5441361],[139.7685393,35.5441848],[139.7684634,35.5441488],[139.7684653,35.5441468],[139.7684247,35.5441282],[139.7684238,35.5441292],[139.7683482,35.5440933],[139.7684129,35.5440253],[139.7684337,35.5440001],[139.7683499,35.5440185],[139.7683469,35.5440096],[139.7684435,35.5439883],[139.768477,35.5439478],[139.7685174,35.5438963],[139.7684422,35.5439128],[139.7684393,35.5439038],[139.7685265,35.5438846],[139.7685536,35.5438501],[139.7686205,35.5437539],[139.7686681,35.5436789],[139.7687186,35.5435974],[139.7687588,35.5435214],[139.7688061,35.5434235],[139.7688338,35.5433655],[139.768915,35.5433914],[139.7689145,35.5433924],[139.7689556,35.543405],[139.7689577,35.5434008],[139.7689872,35.5434102],[139.7690389,35.5434267],[139.7690112,35.5434848]],[[139.7689546,35.5434071],[139.7689135,35.5433945],[139.7689094,35.5434032],[139.7689509,35.5434149],[139.7689546,35.5434071]]]}},{"type":"Feature","properties":{"gmlId":"bldg_db505e29-1c75-4141-8ec7-7ac85312eaf2","name":null,"usage":"工場","majorUsage":null,"usageCode":"441","majorUsageCode":null,"usageCodeSpace":"https://assets.cms.plateau.reearth.io/assets/2c/6a2f27-a1e1-466a-a8cf-4627060f7ca4/13111_ota-ku_pref_2025_citygml_1_op/codelists/Building_usage.xml","majorUsageCodeSpace":null,"measuredHeight":3.5,"storeysAboveGround":1,"rawMeasuredHeight":"3.5","rawStoreysAboveGround":"1","category":"OTHER","city":"大田区","dataYear":2025,"geometrySource":"lod0RoofEdge","sourceMesh":"53392672"},"geometry":{"type":"Polygon","coordinates":[[[139.7790265,35.5600199],[139.7790716,35.5599553],[139.7792477,35.5600373],[139.7792027,35.5601019],[139.7791888,35.5600955],[139.7791834,35.5601033],[139.7791403,35.5600832],[139.7791457,35.5600754],[139.7790813,35.5600455],[139.7790766,35.5600522],[139.7790496,35.5600396],[139.7790543,35.5600329],[139.7790265,35.5600199]]]}},{"type":"Feature","properties":{"gmlId":"bldg_365572ee-2135-4ace-9c97-3f283a1076cc","name":null,"usage":"不明","majorUsage":null,"usageCode":"461","majorUsageCode":null,"usageCodeSpace":"https://assets.cms.plateau.reearth.io/assets/2c/6a2f27-a1e1-466a-a8cf-4627060f7ca4/13111_ota-ku_pref_2025_citygml_1_op/codelists/Building_usage.xml","majorUsageCodeSpace":null,"measuredHeight":9.5,"storeysAboveGround":null,"rawMeasuredHeight":"9.5","rawStoreysAboveGround":"9999","category":"OTHER","city":"大田区","dataYear":2025,"geometrySource":"lod0RoofEdge","sourceMesh":"53392651"},"geometry":{"type":"Polygon","coordinates":[[[139.7672624,35.5462949],[139.7672434,35.5462859],[139.7672847,35.5462289],[139.7673029,35.5462376],[139.7673049,35.5462347],[139.7673989,35.546279],[139.767208,35.5465493],[139.7671294,35.5465122],[139.7671289,35.5465129],[139.7671041,35.5465013],[139.7671428,35.5464462],[139.7671304,35.5464403],[139.7671752,35.5463784],[139.7671865,35.5463838],[139.7672488,35.5462977],[139.7672576,35.5463018],[139.7672624,35.5462949]]]}},{"type":"Feature","properties":{"gmlId":"bldg_c725fa13-faf4-4ac0-bf2c-b8a5634e80c9","name":null,"usage":"不明","majorUsage":null,"usageCode":"461","majorUsageCode":null,"usageCodeSpace":"https://assets.cms.plateau.reearth.io/assets/2c/6a2f27-a1e1-466a-a8cf-4627060f7ca4/13111_ota-ku_pref_2025_citygml_1_op/codelists/Building_usage.xml","majorUsageCodeSpace":null,"measuredHeight":6.7,"storeysAboveGround":null,"rawMeasuredHeight":"6.7","rawStoreysAboveGround":"9999","category":"OTHER","city":"大田区","dataYear":2025,"geometrySource":"lod0RoofEdge","sourceMesh":"53392641"},"geometry":{"type":"Polygon","coordinates":[[[139.7713622,35.5412472],[139.7712647,35.5410974],[139.7713629,35.5410535],[139.7714604,35.5412032],[139.7713622,35.5412472]]]}},{"type":"Feature","properties":{"gmlId":"bldg_bcc42317-9311-49cd-b74c-3740d1532d21","name":null,"usage":"工場","majorUsage":null,"usageCode":"441","majorUsageCode":null,"usageCodeSpace":"https://assets.cms.plateau.reearth.io/assets/2c/6a2f27-a1e1-466a-a8cf-4627060f7ca4/13111_ota-ku_pref_2025_citygml_1_op/codelists/Building_usage.xml","majorUsageCodeSpace":null,"measuredHeight":5.2,"storeysAboveGround":2,"rawMeasuredHeight":"5.2","rawStoreysAboveGround":"2","category":"OTHER","city":"大田区","dataYear":2025,"geometrySource":"lod0RoofEdge","sourceMesh":"53392672"},"geometry":{"type":"Polygon","coordinates":[[[139.7790374,35.5601128],[139.7790667,35.5601264],[139.7790257,35.5601853],[139.779003,35.5602179],[139.7789905,35.5602359],[139.7789584,35.560221],[139.7789517,35.5602179],[139.7788883,35.5601884],[139.7788816,35.5601853],[139.7788541,35.5601725],[139.7789304,35.560063],[139.7789666,35.5600799],[139.7790374,35.5601128]]]}},{"type":"Feature","properties":{"gmlId":"bldg_a55912eb-a429-4b0e-b1b9-2a5e66260500","name":null,"usage":"不明","majorUsage":null,"usageCode":"461","majorUsageCode":null,"usageCodeSpace":"https://assets.cms.plateau.reearth.io/assets/2c/6a2f27-a1e1-466a-a8cf-4627060f7ca4/13111_ota-ku_pref_2025_citygml_1_op/codelists/Building_usage.xml","majorUsageCodeSpace":null,"measuredHeight":1.3,"storeysAboveGround":null,"rawMeasuredHeight":"1.3","rawStoreysAboveGround":"9999","category":"OTHER","city":"大田区","dataYear":2025,"geometrySource":"lod0RoofEdge","sourceMesh":"53392662"},"geometry":{"type":"Polygon","coordinates":[[[139.7872885,35.5583113],[139.7872825,35.5583228],[139.7872666,35.5583172],[139.7872725,35.5583058],[139.7872885,35.5583113]]]}},{"type":"Feature","properties":{"gmlId":"bldg_7fd50945-9329-4b0b-81d7-f64489245402","name":null,"usage":"不明","majorUsage":null,"usageCode":"461","majorUsageCode":null,"usageCodeSpace":"https://assets.cms.plateau.reearth.io/assets/2c/6a2f27-a1e1-466a-a8cf-4627060f7ca4/13111_ota-ku_pref_2025_citygml_1_op/codelists/Building_usage.xml","majorUsageCodeSpace":null,"measuredHeight":1.6,"storeysAboveGround":null,"rawMeasuredHeight":"1.6","rawStoreysAboveGround":"9999","category":"OTHER","city":"大田区","dataYear":2025,"geometrySource":"lod0RoofEdge","sourceMesh":"53392662"},"geometry":{"type":"Polygon","coordinates":[[[139.7873121,35.5583017],[139.7873042,35.5583136],[139.7872887,35.5583068],[139.7872966,35.5582948],[139.7873121,35.5583017]]]}},{"type":"Feature","properties":{"gmlId":"bldg_cfdefddb-21b9-4ee0-9ea7-10b9c463fa22","name":null,"usage":"工場","majorUsage":null,"usageCode":"441","majorUsageCode":null,"usageCodeSpace":"https://assets.cms.plateau.reearth.io/assets/2c/6a2f27-a1e1-466a-a8cf-4627060f7ca4/13111_ota-ku_pref_2025_citygml_1_op/codelists/Building_usage.xml","majorUsageCodeSpace":null,"measuredHeight":4.8,"storeysAboveGround":1,"rawMeasuredHeight":"4.8","rawStoreysAboveGround":"1","category":"OTHER","city":"大田区","dataYear":2025,"geometrySource":"lod0RoofEdge","sourceMesh":"53392672"},"geometry":{"type":"Polygon","coordinates":[[[139.7793816,35.560373],[139.7793331,35.5603504],[139.7793261,35.5603602],[139.7792872,35.5603417],[139.779294,35.5603323],[139.7791974,35.5602874],[139.779329,35.5600983],[139.7793848,35.5601242],[139.7793902,35.5601168],[139.7794053,35.5601242],[139.7794001,35.5601313],[139.7794144,35.560138],[139.7794201,35.5601302],[139.7794443,35.560142],[139.7794389,35.5601494],[139.7795132,35.5601839],[139.7793816,35.560373]]]}},{"type":"Feature","properties":{"gmlId":"bldg_65f62efb-9ae5-45c8-9c67-d3fc39e55ab9","name":null,"usage":"供給処理施設","majorUsage":null,"usageCode":"452","majorUsageCode":null,"usageCodeSpace":"https://assets.cms.plateau.reearth.io/assets/2c/6a2f27-a1e1-466a-a8cf-4627060f7ca4/13111_ota-ku_pref_2025_citygml_1_op/codelists/Building_usage.xml","majorUsageCodeSpace":null,"measuredHeight":7.1,"storeysAboveGround":1,"rawMeasuredHeight":"7.1","rawStoreysAboveGround":"1","category":"OTHER","city":"大田区","dataYear":2025,"geometrySource":"lod0RoofEdge","sourceMesh":"53392641"},"geometry":{"type":"Polygon","coordinates":[[[139.7711311,35.5410174],[139.7711978,35.5411142],[139.7711885,35.5411242],[139.7711805,35.5411207],[139.7711755,35.541126],[139.7711835,35.5411295],[139.7711604,35.541154],[139.7710821,35.5411893],[139.7710998,35.5412152],[139.7711026,35.5412193],[139.7710068,35.5412631],[139.7710083,35.5412653],[139.77101,35.5412676],[139.7709244,35.5413051],[139.7708566,35.5412091],[139.7708711,35.5412028],[139.7708356,35.5411483],[139.7711311,35.5410174]]]}},{"type":"Feature","properties":{"gmlId":"bldg_3130e92c-a11e-4c7f-965c-5fa9445f4774","name":null,"usage":"不明","majorUsage":null,"usageCode":"461","majorUsageCode":null,"usageCodeSpace":"https://assets.cms.plateau.reearth.io/assets/2c/6a2f27-a1e1-466a-a8cf-4627060f7ca4/13111_ota-ku_pref_2025_citygml_1_op/codelists/Building_usage.xml","majorUsageCodeSpace":null,"measuredHeight":12.1,"storeysAboveGround":null,"rawMeasuredHeight":"12.1","rawStoreysAboveGround":"9999","category":"OTHER","city":"大田区","dataYear":2025,"geometrySource":"lod0RoofEdge","sourceMesh":"53392651"},"geometry":{"type":"Polygon","coordinates":[[[139.7682008,35.5439005],[139.7682438,35.543921],[139.7681984,35.5439847],[139.768218,35.5439933],[139.7681229,35.5441298],[139.7681016,35.5441204],[139.7680816,35.5441484],[139.7681028,35.5441578],[139.7679889,35.5443189],[139.767967,35.5443092],[139.7679406,35.5443462],[139.7679654,35.5443579],[139.7679418,35.5443918],[139.7678689,35.5443571],[139.7678694,35.5443565],[139.7678246,35.5443349],[139.7681512,35.5438731],[139.7682021,35.5438986],[139.7682008,35.5439005]]]}},{"type":"Feature","properties":{"gmlId":"bldg_0772bfd9-fa36-4747-ad0f-1e57f883f745","name":null,"usage":"不明","majorUsage":null,"usageCode":"461","majorUsageCode":null,"usageCodeSpace":"https://assets.cms.plateau.reearth.io/assets/2c/6a2f27-a1e1-466a-a8cf-4627060f7ca4/13111_ota-ku_pref_2025_citygml_1_op/codelists/Building_usage.xml","majorUsageCodeSpace":null,"measuredHeight":null,"storeysAboveGround":null,"rawMeasuredHeight":"-9999","rawStoreysAboveGround":"9999","category":"OTHER","city":"大田区","dataYear":2025,"geometrySource":"lod0RoofEdge","sourceMesh":"53392642"},"geometry":{"type":"Polygon","coordinates":[[[139.77765,35.538512],[139.7776111,35.5385647],[139.7775807,35.5386067],[139.7775813,35.538607],[139.7775788,35.5386105],[139.7775362,35.5385909],[139.7775386,35.5385874],[139.777541,35.5385885],[139.7775494,35.5385769],[139.7775489,35.5385767],[139.7775828,35.5385308],[139.7775895,35.5385215],[139.7776101,35.5384937],[139.77765,35.538512]]]}},{"type":"Feature","properties":{"gmlId":"bldg_41e9e047-900f-4c17-a1ca-f70c4c8e677b","name":null,"usage":"不明","majorUsage":null,"usageCode":"461","majorUsageCode":null,"usageCodeSpace":"https://assets.cms.plateau.reearth.io/assets/2c/6a2f27-a1e1-466a-a8cf-4627060f7ca4/13111_ota-ku_pref_2025_citygml_1_op/codelists/Building_usage.xml","majorUsageCodeSpace":null,"measuredHeight":2.6,"storeysAboveGround":null,"rawMeasuredHeight":"2.6","rawStoreysAboveGround":"9999","category":"OTHER","city":"大田区","dataYear":2025,"geometrySource":"lod0RoofEdge","sourceMesh":"53392672"},"geometry":{"type":"Polygon","coordinates":[[[139.7869461,35.5588375],[139.7869357,35.5588522],[139.7868965,35.5588336],[139.7869071,35.5588189],[139.7869461,35.5588375]]]}},{"type":"Feature","properties":{"gmlId":"bldg_bfa33ce0-9a55-44a7-ba28-e264001bd3af","name":null,"usage":"不明","majorUsage":null,"usageCode":"461","majorUsageCode":null,"usageCodeSpace":"https://assets.cms.plateau.reearth.io/assets/2c/6a2f27-a1e1-466a-a8cf-4627060f7ca4/13111_ota-ku_pref_2025_citygml_1_op/codelists/Building_usage.xml","majorUsageCodeSpace":null,"measuredHeight":1.4,"storeysAboveGround":null,"rawMeasuredHeight":"1.4","rawStoreysAboveGround":"9999","category":"OTHER","city":"大田区","dataYear":2025,"geometrySource":"lod0RoofEdge","sourceMesh":"53392672"},"geometry":{"type":"Polygon","coordinates":[[[139.7869242,35.5588659],[139.7869153,35.5588796],[139.7868792,35.5588641],[139.786888,35.5588504],[139.7869242,35.5588659]]]}},{"type":"Feature","properties":{"gmlId":"bldg_5fd2e87c-68b2-49ba-9733-d7a3c90caa44","name":null,"usage":"業務施設","majorUsage":null,"usageCode":"401","majorUsageCode":null,"usageCodeSpace":"https://assets.cms.plateau.reearth.io/assets/2c/6a2f27-a1e1-466a-a8cf-4627060f7ca4/13111_ota-ku_pref_2025_citygml_1_op/codelists/Building_usage.xml","majorUsageCodeSpace":null,"measuredHeight":44.7,"storeysAboveGround":4,"rawMeasuredHeight":"44.7","rawStoreysAboveGround":"4","category":"OTHER","city":"大田区","dataYear":2025,"geometrySource":"lod0RoofEdge","sourceMesh":"53392653"},"geometry":{"type":"Polygon","coordinates":[[[139.7906024,35.5423785],[139.7905906,35.5423958],[139.7905797,35.5424034],[139.7905679,35.5424027],[139.7905579,35.5423992],[139.7905476,35.5424113],[139.7905618,35.542418],[139.790529,35.5424639],[139.7905338,35.5424663],[139.7905003,35.5425105],[139.7904953,35.5425079],[139.7904567,35.542558],[139.7904067,35.5426177],[139.790366,35.542667],[139.790361,35.542672],[139.7903652,35.5426744],[139.7903539,35.5426875],[139.7903486,35.5426845],[139.7903229,35.5427103],[139.78986,35.5424888],[139.7898753,35.5424598],[139.7898492,35.5424487],[139.7898756,35.5424073],[139.7898978,35.5424168],[139.7899002,35.5424124],[139.7899492,35.5423311],[139.7900176,35.5422265],[139.7900681,35.5421545],[139.7901019,35.5421151],[139.7900961,35.5421123],[139.7900927,35.5421065],[139.7901281,35.5420535],[139.7901357,35.5420485],[139.7901426,35.5420489],[139.7901556,35.5420549],[139.7901738,35.5420354],[139.790185,35.5420402],[139.7901916,35.5420322],[139.7903151,35.5420943],[139.7904317,35.5421477],[139.7905538,35.5422064],[139.7906481,35.5422512],[139.7906445,35.5422601],[139.790652,35.5422661],[139.7906086,35.5423302],[139.7906173,35.5423343],[139.7906229,35.5423378],[139.7906251,35.5423452],[139.7906067,35.5423723],[139.7906036,35.5423709],[139.7905994,35.5423771],[139.7906024,35.5423785]]]}},{"type":"Feature","properties":{"gmlId":"bldg_239605b1-d4cc-4662-b7bc-00933f862a0d","name":null,"usage":"不明","majorUsage":null,"usageCode":"461","majorUsageCode":null,"usageCodeSpace":"https://assets.cms.plateau.reearth.io/assets/2c/6a2f27-a1e1-466a-a8cf-4627060f7ca4/13111_ota-ku_pref_2025_citygml_1_op/codelists/Building_usage.xml","majorUsageCodeSpace":null,"measuredHeight":12.9,"storeysAboveGround":null,"rawMeasuredHeight":"12.9","rawStoreysAboveGround":"9999","category":"OTHER","city":"大田区","dataYear":2025,"geometrySource":"lod0RoofEdge","sourceMesh":"53392651"},"geometry":{"type":"Polygon","coordinates":[[[139.767749,35.5442989],[139.7676467,35.5442491],[139.7676462,35.5442493],[139.7676461,35.5442488],[139.7676968,35.5437801],[139.7677914,35.5437311],[139.7677605,35.5440794],[139.7678589,35.5439397],[139.76795,35.5439831],[139.7679158,35.5440316],[139.7679324,35.5440393],[139.7678693,35.5441259],[139.7678698,35.5441262],[139.7678015,35.5442219],[139.7678034,35.5442227],[139.767749,35.5442989]]]}},{"type":"Feature","properties":{"gmlId":"bldg_8aae7776-bfd5-448e-9635-e435e625d802","name":null,"usage":"不明","majorUsage":null,"usageCode":"461","majorUsageCode":null,"usageCodeSpace":"https://assets.cms.plateau.reearth.io/assets/2c/6a2f27-a1e1-466a-a8cf-4627060f7ca4/13111_ota-ku_pref_2025_citygml_1_op/codelists/Building_usage.xml","majorUsageCodeSpace":null,"measuredHeight":3.8,"storeysAboveGround":null,"rawMeasuredHeight":"3.8","rawStoreysAboveGround":"9999","category":"OTHER","city":"大田区","dataYear":2025,"geometrySource":"lod0RoofEdge","sourceMesh":"53392651"},"geometry":{"type":"Polygon","coordinates":[[[139.7675334,35.5443513],[139.7675828,35.5443745],[139.7675459,35.5444269],[139.7676284,35.5444658],[139.7676146,35.5444854],[139.7676154,35.5444858],[139.7675754,35.5445425],[139.7674392,35.5444783],[139.7674792,35.5444216],[139.7674827,35.5444232],[139.7675334,35.5443513]]]}},{"type":"Feature","properties":{"gmlId":"bldg_4ab16d04-3b29-48ae-980d-d5ead5a8f347","name":null,"usage":"不明","majorUsage":null,"usageCode":"461","majorUsageCode":null,"usageCodeSpace":"https://assets.cms.plateau.reearth.io/assets/2c/6a2f27-a1e1-466a-a8cf-4627060f7ca4/13111_ota-ku_pref_2025_citygml_1_op/codelists/Building_usage.xml","majorUsageCodeSpace":null,"measuredHeight":null,"storeysAboveGround":null,"rawMeasuredHeight":"-9999","rawStoreysAboveGround":"9999","category":"OTHER","city":"大田区","dataYear":2025,"geometrySource":"lod0RoofEdge","sourceMesh":"53392653"},"geometry":{"type":"Polygon","coordinates":[[[139.7901319,35.5420411],[139.7901498,35.5420149],[139.7901599,35.5420195],[139.7901419,35.5420457],[139.7901319,35.5420411]]]}},{"type":"Feature","properties":{"gmlId":"bldg_2e65f25e-a247-4367-b6d3-fecf4aa6f2ef","name":null,"usage":"不明","majorUsage":null,"usageCode":"461","majorUsageCode":null,"usageCodeSpace":"https://assets.cms.plateau.reearth.io/assets/2c/6a2f27-a1e1-466a-a8cf-4627060f7ca4/13111_ota-ku_pref_2025_citygml_1_op/codelists/Building_usage.xml","majorUsageCodeSpace":null,"measuredHeight":4.5,"storeysAboveGround":null,"rawMeasuredHeight":"4.5","rawStoreysAboveGround":"9999","category":"OTHER","city":"大田区","dataYear":2025,"geometrySource":"lod0RoofEdge","sourceMesh":"53392651"},"geometry":{"type":"Polygon","coordinates":[[[139.7665585,35.5463987],[139.7664674,35.5463575],[139.766545,35.5462447],[139.7666362,35.546286],[139.7665585,35.5463987]]]}},{"type":"Feature","properties":{"gmlId":"bldg_190c9e94-8873-4707-a354-606797c8ad59","name":null,"usage":"不明","majorUsage":null,"usageCode":"461","majorUsageCode":null,"usageCodeSpace":"https://assets.cms.plateau.reearth.io/assets/2c/6a2f27-a1e1-466a-a8cf-4627060f7ca4/13111_ota-ku_pref_2025_citygml_1_op/codelists/Building_usage.xml","majorUsageCodeSpace":null,"measuredHeight":2.1,"storeysAboveGround":null,"rawMeasuredHeight":"2.1","rawStoreysAboveGround":"9999","category":"OTHER","city":"大田区","dataYear":2025,"geometrySource":"lod0RoofEdge","sourceMesh":"53392642"},"geometry":{"type":"Polygon","coordinates":[[[139.7765272,35.5385075],[139.7765177,35.5384915],[139.776537,35.5384839],[139.7765465,35.5385],[139.7765272,35.5385075]]]}},{"type":"Feature","properties":{"gmlId":"bldg_4da7bf4e-fd18-4517-b269-0ad118fb41ff","name":null,"usage":"不明","majorUsage":null,"usageCode":"461","majorUsageCode":null,"usageCodeSpace":"https://assets.cms.plateau.reearth.io/assets/2c/6a2f27-a1e1-466a-a8cf-4627060f7ca4/13111_ota-ku_pref_2025_citygml_1_op/codelists/Building_usage.xml","majorUsageCodeSpace":null,"measuredHeight":2.1,"storeysAboveGround":null,"rawMeasuredHeight":"2.1","rawStoreysAboveGround":"9999","category":"OTHER","city":"大田区","dataYear":2025,"geometrySource":"lod0RoofEdge","sourceMesh":"53392642"},"geometry":{"type":"Polygon","coordinates":[[[139.7766652,35.5384464],[139.7766525,35.5384287],[139.7766723,35.5384192],[139.7766851,35.5384367],[139.7766652,35.5384464]]]}},{"type":"Feature","properties":{"gmlId":"bldg_a1f7fd8f-16ff-4d3f-96e6-ed80fc96e826","name":null,"usage":"不明","majorUsage":null,"usageCode":"461","majorUsageCode":null,"usageCodeSpace":"https://assets.cms.plateau.reearth.io/assets/2c/6a2f27-a1e1-466a-a8cf-4627060f7ca4/13111_ota-ku_pref_2025_citygml_1_op/codelists/Building_usage.xml","majorUsageCodeSpace":null,"measuredHeight":6.3,"storeysAboveGround":null,"rawMeasuredHeight":"6.3","rawStoreysAboveGround":"9999","category":"OTHER","city":"大田区","dataYear":2025,"geometrySource":"lod0RoofEdge","sourceMesh":"53392672"},"geometry":{"type":"Polygon","coordinates":[[[139.7862725,35.5594553],[139.7862714,35.5594439],[139.7863536,35.5594389],[139.7863547,35.5594503],[139.7862725,35.5594553]]]}},{"type":"Feature","properties":{"gmlId":"bldg_79f9cf7a-fb90-439f-92cd-949d38347d5b","name":null,"usage":"不明","majorUsage":null,"usageCode":"461","majorUsageCode":null,"usageCodeSpace":"https://assets.cms.plateau.reearth.io/assets/2c/6a2f27-a1e1-466a-a8cf-4627060f7ca4/13111_ota-ku_pref_2025_citygml_1_op/codelists/Building_usage.xml","majorUsageCodeSpace":null,"measuredHeight":8.9,"storeysAboveGround":null,"rawMeasuredHeight":"8.9","rawStoreysAboveGround":"9999","category":"OTHER","city":"大田区","dataYear":2025,"geometrySource":"lod0RoofEdge","sourceMesh":"53392672"},"geometry":{"type":"Polygon","coordinates":[[[139.7865463,35.559429],[139.7864554,35.5593895],[139.7863985,35.5593932],[139.7864022,35.5594304],[139.7862611,35.5594398],[139.7862501,35.5593292],[139.7864763,35.5593142],[139.7865883,35.5593672],[139.7865978,35.5593717],[139.7865541,35.5594324],[139.7865463,35.559429]]]}},{"type":"Feature","properties":{"gmlId":"bldg_883c2024-e5f7-45c9-9b7e-fa064ffa12f4","name":null,"usage":"不明","majorUsage":null,"usageCode":"461","majorUsageCode":null,"usageCodeSpace":"https://assets.cms.plateau.reearth.io/assets/2c/6a2f27-a1e1-466a-a8cf-4627060f7ca4/13111_ota-ku_pref_2025_citygml_1_op/codelists/Building_usage.xml","majorUsageCodeSpace":null,"measuredHeight":3,"storeysAboveGround":null,"rawMeasuredHeight":"3","rawStoreysAboveGround":"9999","category":"OTHER","city":"大田区","dataYear":2025,"geometrySource":"lod0RoofEdge","sourceMesh":"53392672"},"geometry":{"type":"Polygon","coordinates":[[[139.7864116,35.5595001],[139.7863853,35.5594878],[139.7864148,35.5594458],[139.7864411,35.5594581],[139.7864116,35.5595001]]]}},{"type":"Feature","properties":{"gmlId":"bldg_c203596a-f594-4c23-a222-1a2984aece4d","name":null,"usage":"不明","majorUsage":null,"usageCode":"461","majorUsageCode":null,"usageCodeSpace":"https://assets.cms.plateau.reearth.io/assets/2c/6a2f27-a1e1-466a-a8cf-4627060f7ca4/13111_ota-ku_pref_2025_citygml_1_op/codelists/Building_usage.xml","majorUsageCodeSpace":null,"measuredHeight":7.5,"storeysAboveGround":null,"rawMeasuredHeight":"7.5","rawStoreysAboveGround":"9999","category":"OTHER","city":"大田区","dataYear":2025,"geometrySource":"lod0RoofEdge","sourceMesh":"53392672"},"geometry":{"type":"Polygon","coordinates":[[[139.7865463,35.559429],[139.7865541,35.5594324],[139.7865978,35.5593717],[139.7865883,35.5593672],[139.7865926,35.5593589],[139.7866214,35.5593307],[139.786653,35.5593457],[139.786526,35.5595238],[139.7865018,35.5595122],[139.7865463,35.559429]]]}},{"type":"Feature","properties":{"gmlId":"bldg_43e477bd-91f3-4629-988b-6a06048464f7","name":null,"usage":"不明","majorUsage":null,"usageCode":"461","majorUsageCode":null,"usageCodeSpace":"https://assets.cms.plateau.reearth.io/assets/2c/6a2f27-a1e1-466a-a8cf-4627060f7ca4/13111_ota-ku_pref_2025_citygml_1_op/codelists/Building_usage.xml","majorUsageCodeSpace":null,"measuredHeight":2.7,"storeysAboveGround":null,"rawMeasuredHeight":"2.7","rawStoreysAboveGround":"9999","category":"OTHER","city":"大田区","dataYear":2025,"geometrySource":"lod0RoofEdge","sourceMesh":"53392641"},"geometry":{"type":"Polygon","coordinates":[[[139.7700514,35.541102],[139.7700389,35.5410833],[139.7700966,35.5410573],[139.7701092,35.5410761],[139.7700514,35.541102]]]}},{"type":"Feature","properties":{"gmlId":"bldg_d0f9c5d4-ae6e-40eb-bb73-eb588865453c","name":null,"usage":"不明","majorUsage":null,"usageCode":"461","majorUsageCode":null,"usageCodeSpace":"https://assets.cms.plateau.reearth.io/assets/2c/6a2f27-a1e1-466a-a8cf-4627060f7ca4/13111_ota-ku_pref_2025_citygml_1_op/codelists/Building_usage.xml","majorUsageCodeSpace":null,"measuredHeight":21.8,"storeysAboveGround":null,"rawMeasuredHeight":"21.8","rawStoreysAboveGround":"9999","category":"OTHER","city":"大田区","dataYear":2025,"geometrySource":"lod0RoofEdge","sourceMesh":"53392651"},"geometry":{"type":"Polygon","coordinates":[[[139.7674652,35.5441617],[139.7676044,35.5442293],[139.7674201,35.5444288],[139.767316,35.5445415],[139.7667866,35.5447197],[139.7666813,35.5446697],[139.7658376,35.5442694],[139.7659132,35.5441629],[139.7668591,35.5446118],[139.7671157,35.5445266],[139.7672289,35.5444911],[139.7674652,35.5441617]]]}},{"type":"Feature","properties":{"gmlId":"bldg_05b30693-8870-425a-a1b8-4f2594e6ebd5","name":null,"usage":"不明","majorUsage":null,"usageCode":"461","majorUsageCode":null,"usageCodeSpace":"https://assets.cms.plateau.reearth.io/assets/2c/6a2f27-a1e1-466a-a8cf-4627060f7ca4/13111_ota-ku_pref_2025_citygml_1_op/codelists/Building_usage.xml","majorUsageCodeSpace":null,"measuredHeight":20.1,"storeysAboveGround":null,"rawMeasuredHeight":"20.1","rawStoreysAboveGround":"9999","category":"OTHER","city":"大田区","dataYear":2025,"geometrySource":"lod0RoofEdge","sourceMesh":"53392653"},"geometry":{"type":"Polygon","coordinates":[[[139.7908555,35.5419844],[139.7908718,35.5419871],[139.7908707,35.5419867],[139.7908865,35.5419579],[139.7909177,35.5419694],[139.7909022,35.5419976],[139.7909147,35.5420045],[139.7909328,35.5420266],[139.7909392,35.5420528],[139.7909328,35.542079],[139.7909147,35.5421012],[139.7908876,35.542116],[139.7908555,35.5421212],[139.7908235,35.542116],[139.7907964,35.5421012],[139.7907783,35.542079],[139.7907719,35.5420528],[139.7907782,35.5420266],[139.7907964,35.5420045],[139.7908235,35.5419896],[139.7908555,35.5419844]]]}},{"type":"Feature","properties":{"gmlId":"bldg_3f138d10-c9ca-4c7e-8a22-796fc88e5e36","name":null,"usage":"不明","majorUsage":null,"usageCode":"461","majorUsageCode":null,"usageCodeSpace":"https://assets.cms.plateau.reearth.io/assets/2c/6a2f27-a1e1-466a-a8cf-4627060f7ca4/13111_ota-ku_pref_2025_citygml_1_op/codelists/Building_usage.xml","majorUsageCodeSpace":null,"measuredHeight":0.6,"storeysAboveGround":null,"rawMeasuredHeight":"0.6","rawStoreysAboveGround":"9999","category":"OTHER","city":"大田区","dataYear":2025,"geometrySource":"lod0RoofEdge","sourceMesh":"53392672"},"geometry":{"type":"Polygon","coordinates":[[[139.7861346,35.5598268],[139.7861276,35.5598367],[139.7861164,35.5598315],[139.7861233,35.5598215],[139.7861346,35.5598268]]]}},{"type":"Feature","properties":{"gmlId":"bldg_644e2976-9d37-4700-b1f1-2d95265da339","name":null,"usage":"不明","majorUsage":null,"usageCode":"461","majorUsageCode":null,"usageCodeSpace":"https://assets.cms.plateau.reearth.io/assets/2c/6a2f27-a1e1-466a-a8cf-4627060f7ca4/13111_ota-ku_pref_2025_citygml_1_op/codelists/Building_usage.xml","majorUsageCodeSpace":null,"measuredHeight":19.7,"storeysAboveGround":null,"rawMeasuredHeight":"19.7","rawStoreysAboveGround":"9999","category":"OTHER","city":"大田区","dataYear":2025,"geometrySource":"lod0RoofEdge","sourceMesh":"53392653"},"geometry":{"type":"Polygon","coordinates":[[[139.7907788,35.5418797],[139.7907736,35.5419011],[139.7907555,35.5419233],[139.7907283,35.5419381],[139.7906963,35.5419433],[139.7906643,35.5419381],[139.7906371,35.5419233],[139.790619,35.5419011],[139.7906126,35.5418749],[139.790619,35.5418488],[139.7906371,35.5418266],[139.7906643,35.5418118],[139.7906963,35.5418066],[139.7907283,35.5418118],[139.7907555,35.5418266],[139.7907736,35.5418487],[139.7908089,35.541847],[139.7908112,35.5418781],[139.7907788,35.5418797]]]}},{"type":"Feature","properties":{"gmlId":"bldg_7cfc4bbf-9c36-4d12-aca6-4b06fd4a5a50","name":null,"usage":"不明","majorUsage":null,"usageCode":"461","majorUsageCode":null,"usageCodeSpace":"https://assets.cms.plateau.reearth.io/assets/2c/6a2f27-a1e1-466a-a8cf-4627060f7ca4/13111_ota-ku_pref_2025_citygml_1_op/codelists/Building_usage.xml","majorUsageCodeSpace":null,"measuredHeight":8.2,"storeysAboveGround":null,"rawMeasuredHeight":"8.2","rawStoreysAboveGround":"9999","category":"OTHER","city":"大田区","dataYear":2025,"geometrySource":"lod0RoofEdge","sourceMesh":"53392672"},"geometry":{"type":"Polygon","coordinates":[[[139.7812729,35.5609082],[139.7813804,35.5607571],[139.7816189,35.5608702],[139.7815849,35.5609181],[139.7816304,35.5609397],[139.7813029,35.5614005],[139.7812613,35.5613807],[139.7812273,35.5614285],[139.7810736,35.5613556],[139.7811076,35.5613078],[139.7810694,35.5612897],[139.7813235,35.5609322],[139.7812729,35.5609082]]]}},{"type":"Feature","properties":{"gmlId":"bldg_348797c1-1e7d-409c-8376-5d588dab1b90","name":null,"usage":"不明","majorUsage":null,"usageCode":"461","majorUsageCode":null,"usageCodeSpace":"https://assets.cms.plateau.reearth.io/assets/2c/6a2f27-a1e1-466a-a8cf-4627060f7ca4/13111_ota-ku_pref_2025_citygml_1_op/codelists/Building_usage.xml","majorUsageCodeSpace":null,"measuredHeight":17.1,"storeysAboveGround":null,"rawMeasuredHeight":"17.1","rawStoreysAboveGround":"9999","category":"OTHER","city":"大田区","dataYear":2025,"geometrySource":"lod0RoofEdge","sourceMesh":"53392653"},"geometry":{"type":"Polygon","coordinates":[[[139.7929404,35.5438872],[139.7929436,35.5438888],[139.7931856,35.544005],[139.7931923,35.5440082],[139.7930588,35.544194],[139.7930521,35.5441908],[139.7929674,35.54415],[139.7928102,35.5440745],[139.7928035,35.5440713],[139.792937,35.5438856],[139.7929404,35.5438872]]]}},{"type":"Feature","properties":{"gmlId":"bldg_f675d89f-c9f5-4875-9d6b-4f3fd13d3a75","name":null,"usage":"供給処理施設","majorUsage":null,"usageCode":"452","majorUsageCode":null,"usageCodeSpace":"https://assets.cms.plateau.reearth.io/assets/2c/6a2f27-a1e1-466a-a8cf-4627060f7ca4/13111_ota-ku_pref_2025_citygml_1_op/codelists/Building_usage.xml","majorUsageCodeSpace":null,"measuredHeight":55.6,"storeysAboveGround":1,"rawMeasuredHeight":"55.6","rawStoreysAboveGround":"1","category":"OTHER","city":"大田区","dataYear":2025,"geometrySource":"lod0RoofEdge","sourceMesh":"53392643"},"geometry":{"type":"Polygon","coordinates":[[[139.7910697,35.5412795],[139.7909726,35.5414132],[139.790807,35.5413329],[139.7909042,35.5411991],[139.7910697,35.5412795]]]}},{"type":"Feature","properties":{"gmlId":"bldg_35f54ec2-1cb8-4ed9-aeef-c807b4c5a4fe","name":null,"usage":"不明","majorUsage":null,"usageCode":"461","majorUsageCode":null,"usageCodeSpace":"https://assets.cms.plateau.reearth.io/assets/2c/6a2f27-a1e1-466a-a8cf-4627060f7ca4/13111_ota-ku_pref_2025_citygml_1_op/codelists/Building_usage.xml","majorUsageCodeSpace":null,"measuredHeight":11.8,"storeysAboveGround":null,"rawMeasuredHeight":"11.8","rawStoreysAboveGround":"9999","category":"OTHER","city":"大田区","dataYear":2025,"geometrySource":"lod0RoofEdge","sourceMesh":"53392653"},"geometry":{"type":"Polygon","coordinates":[[[139.7932168,35.54361],[139.7930413,35.5438595],[139.7929064,35.5437961],[139.7929209,35.5437755],[139.7929421,35.5437453],[139.7929623,35.5437165],[139.7929837,35.5436862],[139.793004,35.5436572],[139.7930244,35.5436284],[139.7930465,35.5435969],[139.7930665,35.5435684],[139.7930819,35.5435466],[139.7931022,35.5435561],[139.7931979,35.5436011],[139.7932168,35.54361]]]}},{"type":"Feature","properties":{"gmlId":"bldg_bab73a0b-4a58-4709-8ac9-19c45ce7c066","name":null,"usage":"不明","majorUsage":null,"usageCode":"461","majorUsageCode":null,"usageCodeSpace":"https://assets.cms.plateau.reearth.io/assets/2c/6a2f27-a1e1-466a-a8cf-4627060f7ca4/13111_ota-ku_pref_2025_citygml_1_op/codelists/Building_usage.xml","majorUsageCodeSpace":null,"measuredHeight":6.9,"storeysAboveGround":null,"rawMeasuredHeight":"6.9","rawStoreysAboveGround":"9999","category":"OTHER","city":"大田区","dataYear":2025,"geometrySource":"lod0RoofEdge","sourceMesh":"53392653"},"geometry":{"type":"Polygon","coordinates":[[[139.7927622,35.5429115],[139.7928596,35.5429553],[139.7927147,35.5431703],[139.7926173,35.5431264],[139.7927622,35.5429115]]]}},{"type":"Feature","properties":{"gmlId":"bldg_1670d1bd-1d7a-44d5-9d52-f0b9511a6b48","name":null,"usage":"不明","majorUsage":null,"usageCode":"461","majorUsageCode":null,"usageCodeSpace":"https://assets.cms.plateau.reearth.io/assets/2c/6a2f27-a1e1-466a-a8cf-4627060f7ca4/13111_ota-ku_pref_2025_citygml_1_op/codelists/Building_usage.xml","majorUsageCodeSpace":null,"measuredHeight":1.5,"storeysAboveGround":null,"rawMeasuredHeight":"1.5","rawStoreysAboveGround":"9999","category":"OTHER","city":"大田区","dataYear":2025,"geometrySource":"lod0RoofEdge","sourceMesh":"53392672"},"geometry":{"type":"Polygon","coordinates":[[[139.7855258,35.560818],[139.7855158,35.5608312],[139.7854992,35.5608228],[139.7855093,35.5608096],[139.7855258,35.560818]]]}},{"type":"Feature","properties":{"gmlId":"bldg_79ca13e6-1989-4500-811f-bba4767b5acd","name":null,"usage":"不明","majorUsage":null,"usageCode":"461","majorUsageCode":null,"usageCodeSpace":"https://assets.cms.plateau.reearth.io/assets/2c/6a2f27-a1e1-466a-a8cf-4627060f7ca4/13111_ota-ku_pref_2025_citygml_1_op/codelists/Building_usage.xml","majorUsageCodeSpace":null,"measuredHeight":1,"storeysAboveGround":null,"rawMeasuredHeight":"1","rawStoreysAboveGround":"9999","category":"OTHER","city":"大田区","dataYear":2025,"geometrySource":"lod0RoofEdge","sourceMesh":"53392672"},"geometry":{"type":"Polygon","coordinates":[[[139.7855027,35.5608303],[139.7854956,35.5608398],[139.7854829,35.5608335],[139.78549,35.560824],[139.7855027,35.5608303]]]}},{"type":"Feature","properties":{"gmlId":"bldg_7d80c833-bd34-4deb-86cd-c62ebf487e91","name":null,"usage":"不明","majorUsage":null,"usageCode":"461","majorUsageCode":null,"usageCodeSpace":"https://assets.cms.plateau.reearth.io/assets/2c/6a2f27-a1e1-466a-a8cf-4627060f7ca4/13111_ota-ku_pref_2025_citygml_1_op/codelists/Building_usage.xml","majorUsageCodeSpace":null,"measuredHeight":6.8,"storeysAboveGround":null,"rawMeasuredHeight":"6.8","rawStoreysAboveGround":"9999","category":"OTHER","city":"大田区","dataYear":2025,"geometrySource":"lod0RoofEdge","sourceMesh":"53392653"},"geometry":{"type":"Polygon","coordinates":[[[139.7932814,35.5433007],[139.7934093,35.5433618],[139.79323,35.5436125],[139.7931021,35.5435514],[139.7932814,35.5433007]]]}},{"type":"Feature","properties":{"gmlId":"bldg_a3d2077c-2e88-448a-9775-8ec33c62330b","name":null,"usage":"不明","majorUsage":null,"usageCode":"461","majorUsageCode":null,"usageCodeSpace":"https://assets.cms.plateau.reearth.io/assets/2c/6a2f27-a1e1-466a-a8cf-4627060f7ca4/13111_ota-ku_pref_2025_citygml_1_op/codelists/Building_usage.xml","majorUsageCodeSpace":null,"measuredHeight":6.8,"storeysAboveGround":null,"rawMeasuredHeight":"6.8","rawStoreysAboveGround":"9999","category":"OTHER","city":"大田区","dataYear":2025,"geometrySource":"lod0RoofEdge","sourceMesh":"53392653"},"geometry":{"type":"Polygon","coordinates":[[[139.7928409,35.5426552],[139.7928637,35.5426664],[139.7928053,35.5427461],[139.7927532,35.5427206],[139.7927482,35.5427274],[139.7925609,35.5426357],[139.7925659,35.5426289],[139.7925453,35.5426189],[139.7926037,35.5425391],[139.7926259,35.5425499],[139.7926494,35.5425178],[139.7928644,35.5426231],[139.7928409,35.5426552]]]}},{"type":"Feature","properties":{"gmlId":"bldg_b4ac6469-294c-446f-b9d7-c97b519d3f14","name":null,"usage":"不明","majorUsage":null,"usageCode":"461","majorUsageCode":null,"usageCodeSpace":"https://assets.cms.plateau.reearth.io/assets/2c/6a2f27-a1e1-466a-a8cf-4627060f7ca4/13111_ota-ku_pref_2025_citygml_1_op/codelists/Building_usage.xml","majorUsageCodeSpace":null,"measuredHeight":7.1,"storeysAboveGround":null,"rawMeasuredHeight":"7.1","rawStoreysAboveGround":"9999","category":"OTHER","city":"大田区","dataYear":2025,"geometrySource":"lod0RoofEdge","sourceMesh":"53392653"},"geometry":{"type":"Polygon","coordinates":[[[139.7928885,35.5426793],[139.7929459,35.5427061],[139.7928909,35.542785],[139.7928335,35.5427582],[139.7928885,35.5426793]]]}},{"type":"Feature","properties":{"gmlId":"bldg_a35ac3c5-81c4-47b0-b509-bbb002c62eba","name":null,"usage":"不明","majorUsage":null,"usageCode":"461","majorUsageCode":null,"usageCodeSpace":"https://assets.cms.plateau.reearth.io/assets/2c/6a2f27-a1e1-466a-a8cf-4627060f7ca4/13111_ota-ku_pref_2025_citygml_1_op/codelists/Building_usage.xml","majorUsageCodeSpace":null,"measuredHeight":9.4,"storeysAboveGround":null,"rawMeasuredHeight":"9.4","rawStoreysAboveGround":"9999","category":"OTHER","city":"大田区","dataYear":2025,"geometrySource":"lod0RoofEdge","sourceMesh":"53392672"},"geometry":{"type":"Polygon","coordinates":[[[139.7852353,35.5612779],[139.7851425,35.5612365],[139.7850887,35.5612401],[139.7850924,35.5612761],[139.7849508,35.5612855],[139.7849401,35.5611774],[139.7851636,35.5611626],[139.7852752,35.5612143],[139.7852835,35.5612186],[139.785241,35.5612804],[139.7852353,35.5612779]]]}},{"type":"Feature","properties":{"gmlId":"bldg_f4ea96fc-fc01-4f7d-8e9c-a7a1b18ceb55","name":null,"usage":"不明","majorUsage":null,"usageCode":"461","majorUsageCode":null,"usageCodeSpace":"https://assets.cms.plateau.reearth.io/assets/2c/6a2f27-a1e1-466a-a8cf-4627060f7ca4/13111_ota-ku_pref_2025_citygml_1_op/codelists/Building_usage.xml","majorUsageCodeSpace":null,"measuredHeight":6.1,"storeysAboveGround":null,"rawMeasuredHeight":"6.1","rawStoreysAboveGround":"9999","category":"OTHER","city":"大田区","dataYear":2025,"geometrySource":"lod0RoofEdge","sourceMesh":"53392672"},"geometry":{"type":"Polygon","coordinates":[[[139.7849618,35.561304],[139.7849608,35.5612922],[139.7850415,35.5612876],[139.7850425,35.5612993],[139.7849618,35.561304]]]}},{"type":"Feature","properties":{"gmlId":"bldg_b020acca-93dc-4345-b276-fc4660561420","name":null,"usage":"不明","majorUsage":null,"usageCode":"461","majorUsageCode":null,"usageCodeSpace":"https://assets.cms.plateau.reearth.io/assets/2c/6a2f27-a1e1-466a-a8cf-4627060f7ca4/13111_ota-ku_pref_2025_citygml_1_op/codelists/Building_usage.xml","majorUsageCodeSpace":null,"measuredHeight":8.7,"storeysAboveGround":null,"rawMeasuredHeight":"8.7","rawStoreysAboveGround":"9999","category":"OTHER","city":"大田区","dataYear":2025,"geometrySource":"lod0RoofEdge","sourceMesh":"53392672"},"geometry":{"type":"Polygon","coordinates":[[[139.7852353,35.5612779],[139.785241,35.5612804],[139.7852835,35.5612186],[139.7852752,35.5612143],[139.7853123,35.5611802],[139.7853409,35.5611936],[139.7852153,35.5613719],[139.7851872,35.5613596],[139.7852353,35.5612779]]]}},{"type":"Feature","properties":{"gmlId":"bldg_4ab0a8a9-dfad-465b-b460-753efc43f034","name":null,"usage":"不明","majorUsage":null,"usageCode":"461","majorUsageCode":null,"usageCodeSpace":"https://assets.cms.plateau.reearth.io/assets/2c/6a2f27-a1e1-466a-a8cf-4627060f7ca4/13111_ota-ku_pref_2025_citygml_1_op/codelists/Building_usage.xml","majorUsageCodeSpace":null,"measuredHeight":null,"storeysAboveGround":null,"rawMeasuredHeight":"-9999","rawStoreysAboveGround":"9999","category":"OTHER","city":"大田区","dataYear":2025,"geometrySource":"lod0RoofEdge","sourceMesh":"53392651"},"geometry":{"type":"Polygon","coordinates":[[[139.7652341,35.5449128],[139.7652204,35.5449143],[139.7652183,35.5449006],[139.765232,35.5448991],[139.7652341,35.5449128]]]}},{"type":"Feature","properties":{"gmlId":"bldg_c07b89f8-b834-4900-bc61-ea2e8f6552e2","name":null,"usage":"不明","majorUsage":null,"usageCode":"461","majorUsageCode":null,"usageCodeSpace":"https://assets.cms.plateau.reearth.io/assets/2c/6a2f27-a1e1-466a-a8cf-4627060f7ca4/13111_ota-ku_pref_2025_citygml_1_op/codelists/Building_usage.xml","majorUsageCodeSpace":null,"measuredHeight":null,"storeysAboveGround":null,"rawMeasuredHeight":"-9999","rawStoreysAboveGround":"9999","category":"OTHER","city":"大田区","dataYear":2025,"geometrySource":"lod0RoofEdge","sourceMesh":"53392651"},"geometry":{"type":"Polygon","coordinates":[[[139.7652288,35.5448838],[139.7652141,35.5448856],[139.7652117,35.5448727],[139.7652264,35.5448708],[139.7652288,35.5448838]]]}},{"type":"Feature","properties":{"gmlId":"bldg_3a113726-d692-4f08-aa9e-2e0c2c33765e","name":null,"usage":"不明","majorUsage":null,"usageCode":"461","majorUsageCode":null,"usageCodeSpace":"https://assets.cms.plateau.reearth.io/assets/2c/6a2f27-a1e1-466a-a8cf-4627060f7ca4/13111_ota-ku_pref_2025_citygml_1_op/codelists/Building_usage.xml","majorUsageCodeSpace":null,"measuredHeight":null,"storeysAboveGround":null,"rawMeasuredHeight":"-9999","rawStoreysAboveGround":"9999","category":"OTHER","city":"大田区","dataYear":2025,"geometrySource":"lod0RoofEdge","sourceMesh":"53392651"},"geometry":{"type":"Polygon","coordinates":[[[139.7652252,35.5448679],[139.7652108,35.5448696],[139.7652087,35.5448578],[139.7652232,35.5448562],[139.7652252,35.5448679]]]}},{"type":"Feature","properties":{"gmlId":"bldg_5d4153bd-42d2-4265-936f-f822461b24b6","name":null,"usage":"不明","majorUsage":null,"usageCode":"461","majorUsageCode":null,"usageCodeSpace":"https://assets.cms.plateau.reearth.io/assets/2c/6a2f27-a1e1-466a-a8cf-4627060f7ca4/13111_ota-ku_pref_2025_citygml_1_op/codelists/Building_usage.xml","majorUsageCodeSpace":null,"measuredHeight":null,"storeysAboveGround":null,"rawMeasuredHeight":"-9999","rawStoreysAboveGround":"9999","category":"OTHER","city":"大田区","dataYear":2025,"geometrySource":"lod0RoofEdge","sourceMesh":"53392651"},"geometry":{"type":"Polygon","coordinates":[[[139.7652209,35.5448416],[139.765206,35.5448433],[139.765204,35.5448312],[139.7652189,35.5448295],[139.7652209,35.5448416]]]}},{"type":"Feature","properties":{"gmlId":"bldg_5fa5edc2-f1ff-4ad3-8e2c-713ec3104eff","name":null,"usage":"業務施設","majorUsage":null,"usageCode":"401","majorUsageCode":null,"usageCodeSpace":"https://assets.cms.plateau.reearth.io/assets/2c/6a2f27-a1e1-466a-a8cf-4627060f7ca4/13111_ota-ku_pref_2025_citygml_1_op/codelists/Building_usage.xml","majorUsageCodeSpace":null,"measuredHeight":6.3,"storeysAboveGround":null,"rawMeasuredHeight":"6.3","rawStoreysAboveGround":"9999","category":"OTHER","city":"大田区","dataYear":2025,"geometrySource":"lod0RoofEdge","sourceMesh":"53392653"},"geometry":{"type":"Polygon","coordinates":[[[139.7927269,35.5423413],[139.7928082,35.542229],[139.7931061,35.5423729],[139.7930115,35.5425038],[139.792744,35.5423746],[139.7927574,35.5423561],[139.7927269,35.5423413]]]}},{"type":"Feature","properties":{"gmlId":"bldg_a3ef1b67-79d3-4e93-b75c-dd181b7ac5aa","name":null,"usage":"不明","majorUsage":null,"usageCode":"461","majorUsageCode":null,"usageCodeSpace":"https://assets.cms.plateau.reearth.io/assets/2c/6a2f27-a1e1-466a-a8cf-4627060f7ca4/13111_ota-ku_pref_2025_citygml_1_op/codelists/Building_usage.xml","majorUsageCodeSpace":null,"measuredHeight":3.1,"storeysAboveGround":null,"rawMeasuredHeight":"3.1","rawStoreysAboveGround":"9999","category":"OTHER","city":"大田区","dataYear":2025,"geometrySource":"lod0RoofEdge","sourceMesh":"53392673"},"geometry":{"type":"Polygon","coordinates":[[[139.7892509,35.5597416],[139.7892137,35.5597955],[139.7892091,35.5597933],[139.7892034,35.5597908],[139.7892013,35.5597939],[139.7891864,35.559787],[139.7892025,35.5597638],[139.7891913,35.5597587],[139.7892024,35.5597428],[139.7892091,35.5597458],[139.7892158,35.5597489],[139.7892325,35.5597247],[139.7892467,35.5597313],[139.7892423,35.5597376],[139.7892509,35.5597416]]]}},{"type":"Feature","properties":{"gmlId":"bldg_707ba550-94c7-41b8-820d-16f18cb765c1","name":null,"usage":"不明","majorUsage":null,"usageCode":"461","majorUsageCode":null,"usageCodeSpace":"https://assets.cms.plateau.reearth.io/assets/2c/6a2f27-a1e1-466a-a8cf-4627060f7ca4/13111_ota-ku_pref_2025_citygml_1_op/codelists/Building_usage.xml","majorUsageCodeSpace":null,"measuredHeight":9.3,"storeysAboveGround":null,"rawMeasuredHeight":"9.3","rawStoreysAboveGround":"9999","category":"OTHER","city":"大田区","dataYear":2025,"geometrySource":"lod0RoofEdge","sourceMesh":"53392672"},"geometry":{"type":"Polygon","coordinates":[[[139.7848487,35.5618217],[139.7847605,35.5617812],[139.7847009,35.5617853],[139.7847046,35.5618219],[139.7845618,35.5618316],[139.7845508,35.5617228],[139.7847775,35.5617074],[139.784886,35.5617584],[139.7848955,35.5617629],[139.784853,35.5618237],[139.7848487,35.5618217]]]}},{"type":"Feature","properties":{"gmlId":"bldg_85f0487c-07c5-47a1-9c75-933469ec059b","name":null,"usage":"不明","majorUsage":null,"usageCode":"461","majorUsageCode":null,"usageCodeSpace":"https://assets.cms.plateau.reearth.io/assets/2c/6a2f27-a1e1-466a-a8cf-4627060f7ca4/13111_ota-ku_pref_2025_citygml_1_op/codelists/Building_usage.xml","majorUsageCodeSpace":null,"measuredHeight":4.8,"storeysAboveGround":null,"rawMeasuredHeight":"4.8","rawStoreysAboveGround":"9999","category":"OTHER","city":"大田区","dataYear":2025,"geometrySource":"lod0RoofEdge","sourceMesh":"53392672"},"geometry":{"type":"Polygon","coordinates":[[[139.784575,35.5618497],[139.7845739,35.5618378],[139.7846543,35.5618328],[139.7846555,35.5618447],[139.784575,35.5618497]]]}},{"type":"Feature","properties":{"gmlId":"bldg_8aea8d16-dc3d-4b4a-874b-0ec9aa4721eb","name":null,"usage":"不明","majorUsage":null,"usageCode":"461","majorUsageCode":null,"usageCodeSpace":"https://assets.cms.plateau.reearth.io/assets/2c/6a2f27-a1e1-466a-a8cf-4627060f7ca4/13111_ota-ku_pref_2025_citygml_1_op/codelists/Building_usage.xml","majorUsageCodeSpace":null,"measuredHeight":8.6,"storeysAboveGround":null,"rawMeasuredHeight":"8.6","rawStoreysAboveGround":"9999","category":"OTHER","city":"大田区","dataYear":2025,"geometrySource":"lod0RoofEdge","sourceMesh":"53392672"},"geometry":{"type":"Polygon","coordinates":[[[139.7848487,35.5618217],[139.784853,35.5618237],[139.7848955,35.5617629],[139.784886,35.5617584],[139.7849264,35.5617257],[139.7849545,35.5617388],[139.78483,35.5619177],[139.7847979,35.5619048],[139.7848487,35.5618217]]]}},{"type":"Feature","properties":{"gmlId":"bldg_1113845e-7648-4330-a948-419c09c5f0c1","name":null,"usage":"業務施設","majorUsage":null,"usageCode":"401","majorUsageCode":null,"usageCodeSpace":"https://assets.cms.plateau.reearth.io/assets/2c/6a2f27-a1e1-466a-a8cf-4627060f7ca4/13111_ota-ku_pref_2025_citygml_1_op/codelists/Building_usage.xml","majorUsageCodeSpace":null,"measuredHeight":46.5,"storeysAboveGround":8,"rawMeasuredHeight":"46.5","rawStoreysAboveGround":"8","category":"OTHER","city":"大田区","dataYear":2025,"geometrySource":"lod0RoofEdge","sourceMesh":"53392653"},"geometry":{"type":"Polygon","coordinates":[[[139.7931776,35.541544],[139.7932836,35.5413948],[139.7933708,35.5414373],[139.7934895,35.5414936],[139.7935164,35.5414552],[139.7935605,35.5414758],[139.7935335,35.5415145],[139.7937263,35.5416059],[139.7937109,35.5416277],[139.7937209,35.5416324],[139.7935893,35.5418179],[139.79359,35.5418182],[139.7935905,35.5418183],[139.7935908,35.5418186],[139.7936217,35.5418333],[139.7936223,35.5418333],[139.7936228,35.5418341],[139.7936223,35.5418349],[139.7936211,35.5418348],[139.7935777,35.541896],[139.7935671,35.541911],[139.7935677,35.5419118],[139.7935671,35.5419126],[139.793566,35.5419125],[139.7935658,35.5419128],[139.793533,35.5418972],[139.7932609,35.5422807],[139.7932515,35.5422762],[139.7932365,35.5422972],[139.7931142,35.5422392],[139.7931112,35.5422434],[139.7929902,35.542186],[139.7929931,35.5421818],[139.7928697,35.5421233],[139.7928846,35.5421022],[139.792876,35.5420981],[139.7928545,35.5421283],[139.7928529,35.5421274],[139.7928523,35.5421357],[139.7928518,35.5421427],[139.7928569,35.5421648],[139.7928681,35.5421795],[139.792869,35.5421808],[139.7928886,35.5421948],[139.7932073,35.5423422],[139.7932075,35.5423418],[139.7932113,35.5423437],[139.7932111,35.542344],[139.7932178,35.542347],[139.7931788,35.5424008],[139.7931723,35.5423978],[139.7931706,35.5424002],[139.7931668,35.5423983],[139.7931685,35.542396],[139.79285,35.5422477],[139.7928495,35.5422475],[139.7928462,35.5422459],[139.7927973,35.5422219],[139.792778,35.5422125],[139.7927611,35.5422017],[139.7927499,35.542188],[139.7927448,35.5421692],[139.7927472,35.5421521],[139.7927549,35.5421369],[139.792786,35.542089],[139.7927879,35.5420899],[139.7927883,35.5420901],[139.7931776,35.541544]]]}},{"type":"Feature","properties":{"gmlId":"bldg_b7e6ed51-339c-4432-940e-06685676c8af","name":null,"usage":"不明","majorUsage":null,"usageCode":"461","majorUsageCode":null,"usageCodeSpace":"https://assets.cms.plateau.reearth.io/assets/2c/6a2f27-a1e1-466a-a8cf-4627060f7ca4/13111_ota-ku_pref_2025_citygml_1_op/codelists/Building_usage.xml","majorUsageCodeSpace":null,"measuredHeight":2.9,"storeysAboveGround":null,"rawMeasuredHeight":"2.9","rawStoreysAboveGround":"9999","category":"OTHER","city":"大田区","dataYear":2025,"geometrySource":"lod0RoofEdge","sourceMesh":"53392672"},"geometry":{"type":"Polygon","coordinates":[[[139.7771482,35.5624324],[139.7771863,35.5624496],[139.7771741,35.5624677],[139.777136,35.5624506],[139.7771482,35.5624324]]]}},{"type":"Feature","properties":{"gmlId":"bldg_1a494a9c-6fe8-4a86-a039-af6b7e1a4df3","name":null,"usage":"不明","majorUsage":null,"usageCode":"461","majorUsageCode":null,"usageCodeSpace":"https://assets.cms.plateau.reearth.io/assets/2c/6a2f27-a1e1-466a-a8cf-4627060f7ca4/13111_ota-ku_pref_2025_citygml_1_op/codelists/Building_usage.xml","majorUsageCodeSpace":null,"measuredHeight":2.3,"storeysAboveGround":null,"rawMeasuredHeight":"2.3","rawStoreysAboveGround":"9999","category":"OTHER","city":"大田区","dataYear":2025,"geometrySource":"lod0RoofEdge","sourceMesh":"53392653"},"geometry":{"type":"Polygon","coordinates":[[[139.7955445,35.5460119],[139.7955365,35.5460257],[139.7955151,35.5460174],[139.7955231,35.5460036],[139.7955445,35.5460119]]]}},{"type":"Feature","properties":{"gmlId":"bldg_344f5584-54bb-4174-aa3d-b5be4ed8c431","name":null,"usage":"不明","majorUsage":null,"usageCode":"461","majorUsageCode":null,"usageCodeSpace":"https://assets.cms.plateau.reearth.io/assets/2c/6a2f27-a1e1-466a-a8cf-4627060f7ca4/13111_ota-ku_pref_2025_citygml_1_op/codelists/Building_usage.xml","majorUsageCodeSpace":null,"measuredHeight":2.7,"storeysAboveGround":null,"rawMeasuredHeight":"2.7","rawStoreysAboveGround":"9999","category":"OTHER","city":"大田区","dataYear":2025,"geometrySource":"lod0RoofEdge","sourceMesh":"53392672"},"geometry":{"type":"Polygon","coordinates":[[[139.7771487,35.5624801],[139.777139,35.5624954],[139.7771086,35.5624824],[139.7771184,35.5624671],[139.7771487,35.5624801]]]}},{"type":"Feature","properties":{"gmlId":"bldg_0d6c5825-18ff-47f2-b42c-e3c0b473e03a","name":null,"usage":"不明","majorUsage":null,"usageCode":"461","majorUsageCode":null,"usageCodeSpace":"https://assets.cms.plateau.reearth.io/assets/2c/6a2f27-a1e1-466a-a8cf-4627060f7ca4/13111_ota-ku_pref_2025_citygml_1_op/codelists/Building_usage.xml","majorUsageCodeSpace":null,"measuredHeight":2.9,"storeysAboveGround":null,"rawMeasuredHeight":"2.9","rawStoreysAboveGround":"9999","category":"OTHER","city":"大田区","dataYear":2025,"geometrySource":"lod0RoofEdge","sourceMesh":"53392653"},"geometry":{"type":"Polygon","coordinates":[[[139.7955695,35.5459747],[139.7955556,35.5459951],[139.7955061,35.5459725],[139.79552,35.5459522],[139.7955695,35.5459747]]]}},{"type":"Feature","properties":{"gmlId":"bldg_768aa4e2-1fe3-427d-844f-aaf19e0761f4","name":null,"usage":"不明","majorUsage":null,"usageCode":"461","majorUsageCode":null,"usageCodeSpace":"https://assets.cms.plateau.reearth.io/assets/2c/6a2f27-a1e1-466a-a8cf-4627060f7ca4/13111_ota-ku_pref_2025_citygml_1_op/codelists/Building_usage.xml","majorUsageCodeSpace":null,"measuredHeight":7.3,"storeysAboveGround":null,"rawMeasuredHeight":"7.3","rawStoreysAboveGround":"9999","category":"OTHER","city":"大田区","dataYear":2025,"geometrySource":"lod0RoofEdge","sourceMesh":"53392651"},"geometry":{"type":"Polygon","coordinates":[[[139.764387,35.5450513],[139.7643539,35.5450555],[139.7643475,35.5450217],[139.7643806,35.5450175],[139.764387,35.5450513]]]}},{"type":"Feature","properties":{"gmlId":"bldg_67ccaf00-b214-47ec-adad-9069aae9c84c","name":null,"usage":"不明","majorUsage":null,"usageCode":"461","majorUsageCode":null,"usageCodeSpace":"https://assets.cms.plateau.reearth.io/assets/2c/6a2f27-a1e1-466a-a8cf-4627060f7ca4/13111_ota-ku_pref_2025_citygml_1_op/codelists/Building_usage.xml","majorUsageCodeSpace":null,"measuredHeight":3.7,"storeysAboveGround":null,"rawMeasuredHeight":"3.7","rawStoreysAboveGround":"9999","category":"OTHER","city":"大田区","dataYear":2025,"geometrySource":"lod0RoofEdge","sourceMesh":"53392643"},"geometry":{"type":"Polygon","coordinates":[[[139.7911842,35.5398357],[139.7912319,35.5398579],[139.7911995,35.5399044],[139.7911518,35.5398821],[139.7911842,35.5398357]]]}},{"type":"Feature","properties":{"gmlId":"bldg_84491976-c7a3-4798-bf19-dd19c658c73f","name":null,"usage":"不明","majorUsage":null,"usageCode":"461","majorUsageCode":null,"usageCodeSpace":"https://assets.cms.plateau.reearth.io/assets/2c/6a2f27-a1e1-466a-a8cf-4627060f7ca4/13111_ota-ku_pref_2025_citygml_1_op/codelists/Building_usage.xml","majorUsageCodeSpace":null,"measuredHeight":1.4,"storeysAboveGround":null,"rawMeasuredHeight":"1.4","rawStoreysAboveGround":"9999","category":"OTHER","city":"大田区","dataYear":2025,"geometrySource":"lod0RoofEdge","sourceMesh":"53392672"},"geometry":{"type":"Polygon","coordinates":[[[139.7844292,35.5623612],[139.7844201,35.5623746],[139.784402,35.5623665],[139.7844111,35.5623531],[139.7844292,35.5623612]]]}},{"type":"Feature","properties":{"gmlId":"bldg_4d2deaa8-cdf8-423a-8666-ec3dae06de25","name":null,"usage":"不明","majorUsage":null,"usageCode":"461","majorUsageCode":null,"usageCodeSpace":"https://assets.cms.plateau.reearth.io/assets/2c/6a2f27-a1e1-466a-a8cf-4627060f7ca4/13111_ota-ku_pref_2025_citygml_1_op/codelists/Building_usage.xml","majorUsageCodeSpace":null,"measuredHeight":3,"storeysAboveGround":null,"rawMeasuredHeight":"3","rawStoreysAboveGround":"9999","category":"OTHER","city":"大田区","dataYear":2025,"geometrySource":"lod0RoofEdge","sourceMesh":"53392651"},"geometry":{"type":"Polygon","coordinates":[[[139.7648419,35.5434138],[139.7648332,35.5434007],[139.7648853,35.5433774],[139.7648941,35.5433904],[139.7648419,35.5434138]]]}},{"type":"Feature","properties":{"gmlId":"bldg_44852dd3-031a-4fc0-9a3e-f36e3e110a66","name":null,"usage":"供給処理施設","majorUsage":null,"usageCode":"452","majorUsageCode":null,"usageCodeSpace":"https://assets.cms.plateau.reearth.io/assets/2c/6a2f27-a1e1-466a-a8cf-4627060f7ca4/13111_ota-ku_pref_2025_citygml_1_op/codelists/Building_usage.xml","majorUsageCodeSpace":null,"measuredHeight":9,"storeysAboveGround":null,"rawMeasuredHeight":"9","rawStoreysAboveGround":"9999","category":"OTHER","city":"大田区","dataYear":2025,"geometrySource":"lod0RoofEdge","sourceMesh":"53392651"},"geometry":{"type":"Polygon","coordinates":[[[139.7638674,35.5453453],[139.7638745,35.5453822],[139.7638596,35.5453841],[139.7638678,35.5454257],[139.7638841,35.5454236],[139.7638939,35.545474],[139.7638335,35.5454818],[139.7638157,35.5453897],[139.7637604,35.5453969],[139.7637532,35.5453601],[139.7638674,35.5453453]]]}},{"type":"Feature","properties":{"gmlId":"bldg_164bb1b9-fc6b-4c14-b1e8-cc87ebab1666","name":null,"usage":"不明","majorUsage":null,"usageCode":"461","majorUsageCode":null,"usageCodeSpace":"https://assets.cms.plateau.reearth.io/assets/2c/6a2f27-a1e1-466a-a8cf-4627060f7ca4/13111_ota-ku_pref_2025_citygml_1_op/codelists/Building_usage.xml","majorUsageCodeSpace":null,"measuredHeight":3.1,"storeysAboveGround":null,"rawMeasuredHeight":"3.1","rawStoreysAboveGround":"9999","category":"OTHER","city":"大田区","dataYear":2025,"geometrySource":"lod0RoofEdge","sourceMesh":"53392651"},"geometry":{"type":"Polygon","coordinates":[[[139.7647681,35.5434459],[139.7647594,35.5434329],[139.7648131,35.543409],[139.7648217,35.543422],[139.7647681,35.5434459]]]}},{"type":"Feature","properties":{"gmlId":"bldg_bb3ea4e0-7b93-4837-a228-09ddbe7dd612","name":null,"usage":"供給処理施設","majorUsage":null,"usageCode":"452","majorUsageCode":null,"usageCodeSpace":"https://assets.cms.plateau.reearth.io/assets/2c/6a2f27-a1e1-466a-a8cf-4627060f7ca4/13111_ota-ku_pref_2025_citygml_1_op/codelists/Building_usage.xml","majorUsageCodeSpace":null,"measuredHeight":10.3,"storeysAboveGround":1,"rawMeasuredHeight":"10.3","rawStoreysAboveGround":"1","category":"OTHER","city":"大田区","dataYear":2025,"geometrySource":"lod0RoofEdge","sourceMesh":"53392651"},"geometry":{"type":"Polygon","coordinates":[[[139.7637326,35.545428],[139.7637308,35.5454176],[139.763807,35.5454081],[139.7638207,35.5454813],[139.7636379,35.5455042],[139.7636261,35.5454414],[139.7637326,35.545428]]]}},{"type":"Feature","properties":{"gmlId":"bldg_b7fc6e8e-482e-4f7a-aea7-087e71ef655a","name":null,"usage":"不明","majorUsage":null,"usageCode":"461","majorUsageCode":null,"usageCodeSpace":"https://assets.cms.plateau.reearth.io/assets/2c/6a2f27-a1e1-466a-a8cf-4627060f7ca4/13111_ota-ku_pref_2025_citygml_1_op/codelists/Building_usage.xml","majorUsageCodeSpace":null,"measuredHeight":5.5,"storeysAboveGround":null,"rawMeasuredHeight":"5.5","rawStoreysAboveGround":"9999","category":"OTHER","city":"大田区","dataYear":2025,"geometrySource":"lod0RoofEdge","sourceMesh":"53392651"},"geometry":{"type":"Polygon","coordinates":[[[139.7635776,35.5453262],[139.7635607,35.5452475],[139.7641076,35.5451687],[139.7641246,35.5452474],[139.7635776,35.5453262]]]}},{"type":"Feature","properties":{"gmlId":"bldg_d28a8ac7-44e6-4729-8e93-7a3d08022783","name":null,"usage":"供給処理施設","majorUsage":null,"usageCode":"452","majorUsageCode":null,"usageCodeSpace":"https://assets.cms.plateau.reearth.io/assets/2c/6a2f27-a1e1-466a-a8cf-4627060f7ca4/13111_ota-ku_pref_2025_citygml_1_op/codelists/Building_usage.xml","majorUsageCodeSpace":null,"measuredHeight":6.5,"storeysAboveGround":null,"rawMeasuredHeight":"6.5","rawStoreysAboveGround":"9999","category":"OTHER","city":"大田区","dataYear":2025,"geometrySource":"lod0RoofEdge","sourceMesh":"53392651"},"geometry":{"type":"Polygon","coordinates":[[[139.7636874,35.5454328],[139.7636284,35.5454408],[139.763613,35.5453671],[139.763672,35.5453589],[139.7636874,35.5454328]]]}},{"type":"Feature","properties":{"gmlId":"bldg_6f1a4ca3-ed68-45f8-ab5d-12f53c431cde","name":null,"usage":"供給処理施設","majorUsage":null,"usageCode":"452","majorUsageCode":null,"usageCodeSpace":"https://assets.cms.plateau.reearth.io/assets/2c/6a2f27-a1e1-466a-a8cf-4627060f7ca4/13111_ota-ku_pref_2025_citygml_1_op/codelists/Building_usage.xml","majorUsageCodeSpace":null,"measuredHeight":4.8,"storeysAboveGround":null,"rawMeasuredHeight":"4.8","rawStoreysAboveGround":"9999","category":"OTHER","city":"大田区","dataYear":2025,"geometrySource":"lod0RoofEdge","sourceMesh":"53392651"},"geometry":{"type":"Polygon","coordinates":[[[139.7635606,35.5453909],[139.7636161,35.5453833],[139.7636213,35.545408],[139.7635658,35.5454158],[139.7635606,35.5453909]]]}},{"type":"Feature","properties":{"gmlId":"bldg_8d34c1a1-fa32-481a-b3b4-42481d1f53d7","name":null,"usage":"不明","majorUsage":null,"usageCode":"461","majorUsageCode":null,"usageCodeSpace":"https://assets.cms.plateau.reearth.io/assets/2c/6a2f27-a1e1-466a-a8cf-4627060f7ca4/13111_ota-ku_pref_2025_citygml_1_op/codelists/Building_usage.xml","majorUsageCodeSpace":null,"measuredHeight":null,"storeysAboveGround":null,"rawMeasuredHeight":"-9999","rawStoreysAboveGround":"9999","category":"OTHER","city":"大田区","dataYear":2025,"geometrySource":"lod0RoofEdge","sourceMesh":"53392672"},"geometry":{"type":"Polygon","coordinates":[[[139.7840254,35.5627983],[139.7840189,35.5628073],[139.7840077,35.5628019],[139.7840142,35.5627928],[139.7840254,35.5627983]]]}},{"type":"Feature","properties":{"gmlId":"bldg_b68b9aa4-0a77-4322-82ae-24f7782eec52","name":null,"usage":"不明","majorUsage":null,"usageCode":"461","majorUsageCode":null,"usageCodeSpace":"https://assets.cms.plateau.reearth.io/assets/2c/6a2f27-a1e1-466a-a8cf-4627060f7ca4/13111_ota-ku_pref_2025_citygml_1_op/codelists/Building_usage.xml","majorUsageCodeSpace":null,"measuredHeight":5.1,"storeysAboveGround":null,"rawMeasuredHeight":"5.1","rawStoreysAboveGround":"9999","category":"OTHER","city":"大田区","dataYear":2025,"geometrySource":"lod0RoofEdge","sourceMesh":"53392651"},"geometry":{"type":"Polygon","coordinates":[[[139.763452,35.5454154],[139.7634629,35.5454746],[139.7634356,35.5454779],[139.7634246,35.5454188],[139.763452,35.5454154]]]}},{"type":"Feature","properties":{"gmlId":"bldg_264284e2-7781-4651-9943-b449b94dacad","name":null,"usage":"不明","majorUsage":null,"usageCode":"461","majorUsageCode":null,"usageCodeSpace":"https://assets.cms.plateau.reearth.io/assets/2c/6a2f27-a1e1-466a-a8cf-4627060f7ca4/13111_ota-ku_pref_2025_citygml_1_op/codelists/Building_usage.xml","majorUsageCodeSpace":null,"measuredHeight":9.9,"storeysAboveGround":null,"rawMeasuredHeight":"9.9","rawStoreysAboveGround":"9999","category":"OTHER","city":"大田区","dataYear":2025,"geometrySource":"lod0RoofEdge","sourceMesh":"53392651"},"geometry":{"type":"Polygon","coordinates":[[[139.7642964,35.5441818],[139.7640536,35.5442833],[139.763915,35.5442209],[139.7632779,35.5444864],[139.7633133,35.5445431],[139.7632845,35.5445551],[139.7632355,35.5444766],[139.7639158,35.5441919],[139.7640544,35.544253],[139.7642815,35.544158],[139.7642964,35.5441818]]]}},{"type":"Feature","properties":{"gmlId":"bldg_3cb6d828-1986-492a-b616-066fa9c1f630","name":null,"usage":"工場","majorUsage":null,"usageCode":"441","majorUsageCode":null,"usageCodeSpace":"https://assets.cms.plateau.reearth.io/assets/2c/6a2f27-a1e1-466a-a8cf-4627060f7ca4/13111_ota-ku_pref_2025_citygml_1_op/codelists/Building_usage.xml","majorUsageCodeSpace":null,"measuredHeight":3.7,"storeysAboveGround":1,"rawMeasuredHeight":"3.7","rawStoreysAboveGround":"1","category":"OTHER","city":"大田区","dataYear":2025,"geometrySource":"lod0RoofEdge","sourceMesh":"53392643"},"geometry":{"type":"Polygon","coordinates":[[[139.7926884,35.539876],[139.7926007,35.5398966],[139.7925886,35.5398624],[139.7926763,35.5398418],[139.7926884,35.539876]]]}},{"type":"Feature","properties":{"gmlId":"bldg_b1b29ea8-0615-4d35-b479-3683300cb243","name":null,"usage":"不明","majorUsage":null,"usageCode":"461","majorUsageCode":null,"usageCodeSpace":"https://assets.cms.plateau.reearth.io/assets/2c/6a2f27-a1e1-466a-a8cf-4627060f7ca4/13111_ota-ku_pref_2025_citygml_1_op/codelists/Building_usage.xml","majorUsageCodeSpace":null,"measuredHeight":1.2,"storeysAboveGround":null,"rawMeasuredHeight":"1.2","rawStoreysAboveGround":"9999","category":"OTHER","city":"大田区","dataYear":2025,"geometrySource":"lod0RoofEdge","sourceMesh":"53392672"},"geometry":{"type":"Polygon","coordinates":[[[139.7797152,35.563647],[139.7797064,35.5636587],[139.7796911,35.5636509],[139.7796999,35.5636393],[139.7797152,35.563647]]]}},{"type":"Feature","properties":{"gmlId":"bldg_dce56b7f-803d-4a17-b1c1-ef4887b82801","name":null,"usage":"不明","majorUsage":null,"usageCode":"461","majorUsageCode":null,"usageCodeSpace":"https://assets.cms.plateau.reearth.io/assets/2c/6a2f27-a1e1-466a-a8cf-4627060f7ca4/13111_ota-ku_pref_2025_citygml_1_op/codelists/Building_usage.xml","majorUsageCodeSpace":null,"measuredHeight":6.6,"storeysAboveGround":null,"rawMeasuredHeight":"6.6","rawStoreysAboveGround":"9999","category":"OTHER","city":"大田区","dataYear":2025,"geometrySource":"lod0RoofEdge","sourceMesh":"53392651"},"geometry":{"type":"Polygon","coordinates":[[[139.7629553,35.5457645],[139.7629719,35.5458525],[139.7626651,35.5458925],[139.7626485,35.5458045],[139.7629553,35.5457645]]]}},{"type":"Feature","properties":{"gmlId":"bldg_0efd8da7-04db-49d5-b01c-8c696e793952","name":null,"usage":"不明","majorUsage":null,"usageCode":"461","majorUsageCode":null,"usageCodeSpace":"https://assets.cms.plateau.reearth.io/assets/2c/6a2f27-a1e1-466a-a8cf-4627060f7ca4/13111_ota-ku_pref_2025_citygml_1_op/codelists/Building_usage.xml","majorUsageCodeSpace":null,"measuredHeight":3,"storeysAboveGround":null,"rawMeasuredHeight":"3","rawStoreysAboveGround":"9999","category":"OTHER","city":"大田区","dataYear":2025,"geometrySource":"lod0RoofEdge","sourceMesh":"53392651"},"geometry":{"type":"Polygon","coordinates":[[[139.76309,35.5449987],[139.7630733,35.5450061],[139.7630638,35.5449918],[139.7630805,35.5449844],[139.76309,35.5449987]]]}},{"type":"Feature","properties":{"gmlId":"bldg_ce57a297-bf48-4ec4-bd41-c1df31704513","name":null,"usage":"不明","majorUsage":null,"usageCode":"461","majorUsageCode":null,"usageCodeSpace":"https://assets.cms.plateau.reearth.io/assets/2c/6a2f27-a1e1-466a-a8cf-4627060f7ca4/13111_ota-ku_pref_2025_citygml_1_op/codelists/Building_usage.xml","majorUsageCodeSpace":null,"measuredHeight":4.4,"storeysAboveGround":null,"rawMeasuredHeight":"4.4","rawStoreysAboveGround":"9999","category":"OTHER","city":"大田区","dataYear":2025,"geometrySource":"lod0RoofEdge","sourceMesh":"53392651"},"geometry":{"type":"Polygon","coordinates":[[[139.762484,35.5466149],[139.762565,35.5466028],[139.7625884,35.5467076],[139.7625074,35.5467197],[139.762484,35.5466149]]]}},{"type":"Feature","properties":{"gmlId":"bldg_0d13f516-25a9-4e70-9999-2d1f2ce25e84","name":null,"usage":"不明","majorUsage":null,"usageCode":"461","majorUsageCode":null,"usageCodeSpace":"https://assets.cms.plateau.reearth.io/assets/2c/6a2f27-a1e1-466a-a8cf-4627060f7ca4/13111_ota-ku_pref_2025_citygml_1_op/codelists/Building_usage.xml","majorUsageCodeSpace":null,"measuredHeight":3.1,"storeysAboveGround":null,"rawMeasuredHeight":"3.1","rawStoreysAboveGround":"9999","category":"OTHER","city":"大田区","dataYear":2025,"geometrySource":"lod0RoofEdge","sourceMesh":"53392651"},"geometry":{"type":"Polygon","coordinates":[[[139.7630412,35.5450189],[139.7630247,35.5450257],[139.7630165,35.5450122],[139.763033,35.5450054],[139.7630412,35.5450189]]]}},{"type":"Feature","properties":{"gmlId":"bldg_80a83b38-1c6a-4faa-ab79-93a9502009fe","name":null,"usage":"不明","majorUsage":null,"usageCode":"461","majorUsageCode":null,"usageCodeSpace":"https://assets.cms.plateau.reearth.io/assets/2c/6a2f27-a1e1-466a-a8cf-4627060f7ca4/13111_ota-ku_pref_2025_citygml_1_op/codelists/Building_usage.xml","majorUsageCodeSpace":null,"measuredHeight":3,"storeysAboveGround":null,"rawMeasuredHeight":"3","rawStoreysAboveGround":"9999","category":"OTHER","city":"大田区","dataYear":2025,"geometrySource":"lod0RoofEdge","sourceMesh":"53392651"},"geometry":{"type":"Polygon","coordinates":[[[139.7630058,35.5450324],[139.7629913,35.5450387],[139.762983,35.5450259],[139.7629976,35.5450196],[139.7630058,35.5450324]]]}},{"type":"Feature","properties":{"gmlId":"bldg_2870da8f-c063-4889-ab3d-9102b27463e6","name":null,"usage":"不明","majorUsage":null,"usageCode":"461","majorUsageCode":null,"usageCodeSpace":"https://assets.cms.plateau.reearth.io/assets/2c/6a2f27-a1e1-466a-a8cf-4627060f7ca4/13111_ota-ku_pref_2025_citygml_1_op/codelists/Building_usage.xml","majorUsageCodeSpace":null,"measuredHeight":14.4,"storeysAboveGround":null,"rawMeasuredHeight":"14.4","rawStoreysAboveGround":"9999","category":"OTHER","city":"大田区","dataYear":2025,"geometrySource":"lod0RoofEdge","sourceMesh":"53392651"},"geometry":{"type":"Polygon","coordinates":[[[139.7631671,35.5445205],[139.7631742,35.5445176],[139.7631701,35.544511],[139.763206,35.5444963],[139.7632238,35.5445252],[139.7631885,35.5445398],[139.7631838,35.5445323],[139.7631763,35.5445354],[139.7631671,35.5445205]]]}},{"type":"Feature","properties":{"gmlId":"bldg_b31f2263-cb5b-4399-82bf-1175cb18b246","name":null,"usage":"不明","majorUsage":null,"usageCode":"461","majorUsageCode":null,"usageCodeSpace":"https://assets.cms.plateau.reearth.io/assets/2c/6a2f27-a1e1-466a-a8cf-4627060f7ca4/13111_ota-ku_pref_2025_citygml_1_op/codelists/Building_usage.xml","majorUsageCodeSpace":null,"measuredHeight":null,"storeysAboveGround":null,"rawMeasuredHeight":"-9999","rawStoreysAboveGround":"9999","category":"OTHER","city":"大田区","dataYear":2025,"geometrySource":"lod0RoofEdge","sourceMesh":"53392651"},"geometry":{"type":"Polygon","coordinates":[[[139.7626781,35.5454796],[139.7626978,35.5454772],[139.7627139,35.5455654],[139.7626942,35.5455678],[139.7626781,35.5454796]]]}},{"type":"Feature","properties":{"gmlId":"bldg_02faabe1-5cc9-4d37-88ae-268713118277","name":null,"usage":"不明","majorUsage":null,"usageCode":"461","majorUsageCode":null,"usageCodeSpace":"https://assets.cms.plateau.reearth.io/assets/2c/6a2f27-a1e1-466a-a8cf-4627060f7ca4/13111_ota-ku_pref_2025_citygml_1_op/codelists/Building_usage.xml","majorUsageCodeSpace":null,"measuredHeight":4.7,"storeysAboveGround":null,"rawMeasuredHeight":"4.7","rawStoreysAboveGround":"9999","category":"OTHER","city":"大田区","dataYear":2025,"geometrySource":"lod0RoofEdge","sourceMesh":"53392650"},"geometry":{"type":"Polygon","coordinates":[[[139.7622335,35.5470022],[139.7623205,35.5469883],[139.7623214,35.5469926],[139.7623356,35.5469906],[139.7623491,35.5470553],[139.7623321,35.5470577],[139.7623364,35.5470784],[139.7622758,35.5470865],[139.762271,35.5470636],[139.7622429,35.5470676],[139.76224,35.5470539],[139.7622257,35.5470559],[139.762226,35.5470571],[139.7621768,35.5470637],[139.76217,35.547033],[139.7622004,35.5470289],[139.7621959,35.5470072],[139.7622335,35.5470022]]]}},{"type":"Feature","properties":{"gmlId":"bldg_6a441529-b7e5-4e45-945c-0ce84d461955","name":null,"usage":"不明","majorUsage":null,"usageCode":"461","majorUsageCode":null,"usageCodeSpace":"https://assets.cms.plateau.reearth.io/assets/2c/6a2f27-a1e1-466a-a8cf-4627060f7ca4/13111_ota-ku_pref_2025_citygml_1_op/codelists/Building_usage.xml","majorUsageCodeSpace":null,"measuredHeight":2,"storeysAboveGround":null,"rawMeasuredHeight":"2","rawStoreysAboveGround":"9999","category":"OTHER","city":"大田区","dataYear":2025,"geometrySource":"lod0RoofEdge","sourceMesh":"53392663"},"geometry":{"type":"Polygon","coordinates":[[[139.7961535,35.555087],[139.796139,35.5550804],[139.7961659,35.5550405],[139.7961927,35.5550526],[139.7961749,35.5550789],[139.7961627,35.5550734],[139.7961535,35.555087]]]}},{"type":"Feature","properties":{"gmlId":"bldg_28b4b96b-e8df-4be0-91c2-d345cef382a4","name":null,"usage":"不明","majorUsage":null,"usageCode":"461","majorUsageCode":null,"usageCodeSpace":"https://assets.cms.plateau.reearth.io/assets/2c/6a2f27-a1e1-466a-a8cf-4627060f7ca4/13111_ota-ku_pref_2025_citygml_1_op/codelists/Building_usage.xml","majorUsageCodeSpace":null,"measuredHeight":2,"storeysAboveGround":null,"rawMeasuredHeight":"2","rawStoreysAboveGround":"9999","category":"OTHER","city":"大田区","dataYear":2025,"geometrySource":"lod0RoofEdge","sourceMesh":"53392663"},"geometry":{"type":"Polygon","coordinates":[[[139.7962034,35.5550447],[139.7961864,35.5550369],[139.7962553,35.5549367],[139.7962724,35.5549445],[139.7962034,35.5550447]]]}},{"type":"Feature","properties":{"gmlId":"bldg_be532317-90bb-4c4a-8791-b579392c26d2","name":null,"usage":"不明","majorUsage":null,"usageCode":"461","majorUsageCode":null,"usageCodeSpace":"https://assets.cms.plateau.reearth.io/assets/2c/6a2f27-a1e1-466a-a8cf-4627060f7ca4/13111_ota-ku_pref_2025_citygml_1_op/codelists/Building_usage.xml","majorUsageCodeSpace":null,"measuredHeight":1.9,"storeysAboveGround":null,"rawMeasuredHeight":"1.9","rawStoreysAboveGround":"9999","category":"OTHER","city":"大田区","dataYear":2025,"geometrySource":"lod0RoofEdge","sourceMesh":"53392663"},"geometry":{"type":"Polygon","coordinates":[[[139.7962745,35.5549388],[139.7962573,35.5549309],[139.7962725,35.5549086],[139.7962897,35.5549166],[139.7962745,35.5549388]]]}},{"type":"Feature","properties":{"gmlId":"bldg_6227b719-9dee-44bc-aad9-dc581e33a72f","name":null,"usage":"業務施設","majorUsage":null,"usageCode":"401","majorUsageCode":null,"usageCodeSpace":"https://assets.cms.plateau.reearth.io/assets/2c/6a2f27-a1e1-466a-a8cf-4627060f7ca4/13111_ota-ku_pref_2025_citygml_1_op/codelists/Building_usage.xml","majorUsageCodeSpace":null,"measuredHeight":22.5,"storeysAboveGround":4,"rawMeasuredHeight":"22.5","rawStoreysAboveGround":"4","category":"OTHER","city":"大田区","dataYear":2025,"geometrySource":"lod0RoofEdge","sourceMesh":"53392643"},"geometry":{"type":"Polygon","coordinates":[[[139.7937429,35.540874],[139.7940495,35.5404415],[139.794047,35.5404404],[139.7941601,35.5402808],[139.7942885,35.5403416],[139.794301,35.5403239],[139.7944345,35.5403871],[139.7944219,35.5404048],[139.7945497,35.5404653],[139.7944365,35.5406249],[139.7944348,35.5406241],[139.7937636,35.5415709],[139.7933783,35.5413883],[139.7937022,35.5409313],[139.7936861,35.5409237],[139.7937267,35.5408663],[139.7937429,35.540874]]]}},{"type":"Feature","properties":{"gmlId":"bldg_49c99ce6-026e-40c3-b74d-4c8ee6e032da","name":null,"usage":"工場","majorUsage":null,"usageCode":"441","majorUsageCode":null,"usageCodeSpace":"https://assets.cms.plateau.reearth.io/assets/2c/6a2f27-a1e1-466a-a8cf-4627060f7ca4/13111_ota-ku_pref_2025_citygml_1_op/codelists/Building_usage.xml","majorUsageCodeSpace":null,"measuredHeight":16.8,"storeysAboveGround":2,"rawMeasuredHeight":"16.8","rawStoreysAboveGround":"2","category":"OTHER","city":"大田区","dataYear":2025,"geometrySource":"lod0RoofEdge","sourceMesh":"53392643"},"geometry":{"type":"Polygon","coordinates":[[[139.7930287,35.5393113],[139.7929393,35.5394369],[139.7929376,35.5394361],[139.7927743,35.5396704],[139.7927271,35.5396484],[139.7927263,35.5396495],[139.7922855,35.5394401],[139.7925408,35.5390809],[139.7929689,35.5392843],[139.7929697,35.5392833],[139.7930287,35.5393113]]]}},{"type":"Feature","properties":{"gmlId":"bldg_d3191a71-2297-4e9e-9491-e73a6ee5947c","name":null,"usage":"不明","majorUsage":null,"usageCode":"461","majorUsageCode":null,"usageCodeSpace":"https://assets.cms.plateau.reearth.io/assets/2c/6a2f27-a1e1-466a-a8cf-4627060f7ca4/13111_ota-ku_pref_2025_citygml_1_op/codelists/Building_usage.xml","majorUsageCodeSpace":null,"measuredHeight":5.5,"storeysAboveGround":null,"rawMeasuredHeight":"5.5","rawStoreysAboveGround":"9999","category":"OTHER","city":"大田区","dataYear":2025,"geometrySource":"lod0RoofEdge","sourceMesh":"53392650"},"geometry":{"type":"Polygon","coordinates":[[[139.7624157,35.5456576],[139.7624793,35.5456473],[139.7624993,35.5457312],[139.7624357,35.5457414],[139.7624157,35.5456576]]]}},{"type":"Feature","properties":{"gmlId":"bldg_9d114bda-265d-4730-ab64-24cccf30de87","name":null,"usage":"不明","majorUsage":null,"usageCode":"461","majorUsageCode":null,"usageCodeSpace":"https://assets.cms.plateau.reearth.io/assets/2c/6a2f27-a1e1-466a-a8cf-4627060f7ca4/13111_ota-ku_pref_2025_citygml_1_op/codelists/Building_usage.xml","majorUsageCodeSpace":null,"measuredHeight":5.4,"storeysAboveGround":null,"rawMeasuredHeight":"5.4","rawStoreysAboveGround":"9999","category":"OTHER","city":"大田区","dataYear":2025,"geometrySource":"lod0RoofEdge","sourceMesh":"53392650"},"geometry":{"type":"Polygon","coordinates":[[[139.7623909,35.545577],[139.7624566,35.5455664],[139.7624676,35.5456096],[139.7624019,35.5456202],[139.7623909,35.545577]]]}},{"type":"Feature","properties":{"gmlId":"bldg_d80b7cd7-2f59-4a1e-94df-c181b79a246f","name":null,"usage":"工場","majorUsage":null,"usageCode":"441","majorUsageCode":null,"usageCodeSpace":"https://assets.cms.plateau.reearth.io/assets/2c/6a2f27-a1e1-466a-a8cf-4627060f7ca4/13111_ota-ku_pref_2025_citygml_1_op/codelists/Building_usage.xml","majorUsageCodeSpace":null,"measuredHeight":13.8,"storeysAboveGround":null,"rawMeasuredHeight":"13.8","rawStoreysAboveGround":"9999","category":"OTHER","city":"大田区","dataYear":2025,"geometrySource":"lod0RoofEdge","sourceMesh":"53392643"},"geometry":{"type":"Polygon","coordinates":[[[139.792607,35.538876],[139.7926134,35.538879],[139.7925345,35.538991],[139.7923717,35.5389144],[139.7924506,35.5388024],[139.7924546,35.5388043],[139.7924687,35.5387843],[139.792621,35.5388561],[139.792607,35.538876]]]}},{"type":"Feature","properties":{"gmlId":"bldg_6cbcc53b-6f9b-4d3a-8201-5338b6e70c9c","name":null,"usage":"その他","majorUsage":null,"usageCode":"454","majorUsageCode":null,"usageCodeSpace":"https://assets.cms.plateau.reearth.io/assets/2c/6a2f27-a1e1-466a-a8cf-4627060f7ca4/13111_ota-ku_pref_2025_citygml_1_op/codelists/Building_usage.xml","majorUsageCodeSpace":null,"measuredHeight":6.6,"storeysAboveGround":null,"rawMeasuredHeight":"6.6","rawStoreysAboveGround":"9999","category":"OTHER","city":"大田区","dataYear":2025,"geometrySource":"lod0RoofEdge","sourceMesh":"53392643"},"geometry":{"type":"Polygon","coordinates":[[[139.7938031,35.539937],[139.7936974,35.5398922],[139.793756,35.5397999],[139.7937642,35.5398033],[139.7937875,35.5398132],[139.7938617,35.5398447],[139.7938594,35.5398483],[139.7938201,35.5399103],[139.7938031,35.539937]]]}},{"type":"Feature","properties":{"gmlId":"bldg_015a6053-f0dd-4c16-8f94-78159811399c","name":null,"usage":"不明","majorUsage":null,"usageCode":"461","majorUsageCode":null,"usageCodeSpace":"https://assets.cms.plateau.reearth.io/assets/2c/6a2f27-a1e1-466a-a8cf-4627060f7ca4/13111_ota-ku_pref_2025_citygml_1_op/codelists/Building_usage.xml","majorUsageCodeSpace":null,"measuredHeight":2.8,"storeysAboveGround":null,"rawMeasuredHeight":"2.8","rawStoreysAboveGround":"9999","category":"OTHER","city":"大田区","dataYear":2025,"geometrySource":"lod0RoofEdge","sourceMesh":"53392651"},"geometry":{"type":"Polygon","coordinates":[[[139.7625107,35.5443692],[139.7625029,35.5443567],[139.762555,35.5443352],[139.7625627,35.5443477],[139.7625107,35.5443692]]]}},{"type":"Feature","properties":{"gmlId":"bldg_aa688acc-6fa5-45f0-ba6e-08cb174c0018","name":null,"usage":"不明","majorUsage":null,"usageCode":"461","majorUsageCode":null,"usageCodeSpace":"https://assets.cms.plateau.reearth.io/assets/2c/6a2f27-a1e1-466a-a8cf-4627060f7ca4/13111_ota-ku_pref_2025_citygml_1_op/codelists/Building_usage.xml","majorUsageCodeSpace":null,"measuredHeight":3,"storeysAboveGround":null,"rawMeasuredHeight":"3","rawStoreysAboveGround":"9999","category":"OTHER","city":"大田区","dataYear":2025,"geometrySource":"lod0RoofEdge","sourceMesh":"53392650"},"geometry":{"type":"Polygon","coordinates":[[[139.7624444,35.5443981],[139.7624353,35.5443837],[139.7624891,35.5443613],[139.762498,35.5443757],[139.7624444,35.5443981]]]}},{"type":"Feature","properties":{"gmlId":"bldg_9e9cc389-588e-4df2-b64a-8b3caf54e6e4","name":null,"usage":"工場","majorUsage":null,"usageCode":"441","majorUsageCode":null,"usageCodeSpace":"https://assets.cms.plateau.reearth.io/assets/2c/6a2f27-a1e1-466a-a8cf-4627060f7ca4/13111_ota-ku_pref_2025_citygml_1_op/codelists/Building_usage.xml","majorUsageCodeSpace":null,"measuredHeight":13.3,"storeysAboveGround":null,"rawMeasuredHeight":"13.3","rawStoreysAboveGround":"9999","category":"OTHER","city":"大田区","dataYear":2025,"geometrySource":"lod0RoofEdge","sourceMesh":"53392643"},"geometry":{"type":"Polygon","coordinates":[[[139.7928705,35.5388322],[139.7928173,35.5388069],[139.7927489,35.5389038],[139.792601,35.5388339],[139.7926044,35.5388291],[139.7925778,35.5388162],[139.7927795,35.5385369],[139.7928028,35.5385481],[139.7928036,35.538547],[139.7929434,35.538613],[139.7929444,35.5386116],[139.7930392,35.5386567],[139.7929084,35.5388406],[139.7929033,35.5388482],[139.7929055,35.5388492],[139.7928707,35.538898],[139.792864,35.5388949],[139.7928643,35.5388944],[139.7928363,35.5388814],[139.7928705,35.5388322]]]}},{"type":"Feature","properties":{"gmlId":"bldg_c5868ba0-9d19-4b52-9c49-be9550b46883","name":null,"usage":"工場","majorUsage":null,"usageCode":"441","majorUsageCode":null,"usageCodeSpace":"https://assets.cms.plateau.reearth.io/assets/2c/6a2f27-a1e1-466a-a8cf-4627060f7ca4/13111_ota-ku_pref_2025_citygml_1_op/codelists/Building_usage.xml","majorUsageCodeSpace":null,"measuredHeight":6.5,"storeysAboveGround":null,"rawMeasuredHeight":"6.5","rawStoreysAboveGround":"9999","category":"OTHER","city":"大田区","dataYear":2025,"geometrySource":"lod0RoofEdge","sourceMesh":"53392643"},"geometry":{"type":"Polygon","coordinates":[[[139.7930467,35.5386639],[139.79334,35.5388019],[139.7933297,35.5388166],[139.7933391,35.5388211],[139.793324,35.5388426],[139.7933364,35.5388484],[139.7931532,35.5391087],[139.7928945,35.538987],[139.7928977,35.5389825],[139.7928555,35.5389627],[139.7928531,35.5389615],[139.79298,35.5387585],[139.7930467,35.5386639]]]}},{"type":"Feature","properties":{"gmlId":"bldg_e5e48d3c-ed8b-4bd1-becd-7f3a0aa21a47","name":null,"usage":"不明","majorUsage":null,"usageCode":"461","majorUsageCode":null,"usageCodeSpace":"https://assets.cms.plateau.reearth.io/assets/2c/6a2f27-a1e1-466a-a8cf-4627060f7ca4/13111_ota-ku_pref_2025_citygml_1_op/codelists/Building_usage.xml","majorUsageCodeSpace":null,"measuredHeight":5,"storeysAboveGround":null,"rawMeasuredHeight":"5","rawStoreysAboveGround":"9999","category":"OTHER","city":"大田区","dataYear":2025,"geometrySource":"lod0RoofEdge","sourceMesh":"53392650"},"geometry":{"type":"Polygon","coordinates":[[[139.7616669,35.5457992],[139.7617307,35.5457904],[139.7617438,35.5458491],[139.7616799,35.5458579],[139.7616669,35.5457992]]]}},{"type":"Feature","properties":{"gmlId":"bldg_158015d4-5da1-4d66-8c00-2f774c96d821","name":null,"usage":"不明","majorUsage":null,"usageCode":"461","majorUsageCode":null,"usageCodeSpace":"https://assets.cms.plateau.reearth.io/assets/2c/6a2f27-a1e1-466a-a8cf-4627060f7ca4/13111_ota-ku_pref_2025_citygml_1_op/codelists/Building_usage.xml","majorUsageCodeSpace":null,"measuredHeight":10.3,"storeysAboveGround":null,"rawMeasuredHeight":"10.3","rawStoreysAboveGround":"9999","category":"OTHER","city":"大田区","dataYear":2025,"geometrySource":"lod0RoofEdge","sourceMesh":"53392643"},"geometry":{"type":"Polygon","coordinates":[[[139.7955047,35.5408049],[139.795444,35.5408916],[139.7953301,35.5408383],[139.7951557,35.5407566],[139.7951514,35.5407546],[139.7952156,35.540663],[139.7954005,35.5407496],[139.795397,35.5407546],[139.7954175,35.5407641],[139.7954297,35.5407467],[139.7955147,35.5407865],[139.7955025,35.5408039],[139.7955047,35.5408049]]]}},{"type":"Feature","properties":{"gmlId":"bldg_d07bc320-7c6f-4734-93ac-c23a6227d904","name":null,"usage":"工場","majorUsage":null,"usageCode":"441","majorUsageCode":null,"usageCodeSpace":"https://assets.cms.plateau.reearth.io/assets/2c/6a2f27-a1e1-466a-a8cf-4627060f7ca4/13111_ota-ku_pref_2025_citygml_1_op/codelists/Building_usage.xml","majorUsageCodeSpace":null,"measuredHeight":12.7,"storeysAboveGround":1,"rawMeasuredHeight":"12.7","rawStoreysAboveGround":"1","category":"OTHER","city":"大田区","dataYear":2025,"geometrySource":"lod0RoofEdge","sourceMesh":"53392643"},"geometry":{"type":"Polygon","coordinates":[[[139.7930796,35.5384794],[139.7930639,35.5385003],[139.7930517,35.5385165],[139.7930439,35.5385269],[139.7930378,35.5385241],[139.7929727,35.5386158],[139.7928108,35.538539],[139.7928126,35.5385365],[139.7927831,35.5385226],[139.7930119,35.5381978],[139.7930428,35.5382123],[139.7930472,35.5382062],[139.7932091,35.5382829],[139.7931093,35.5384234],[139.7931152,35.5384263],[139.7931074,35.5384379],[139.7930953,35.538456],[139.7930796,35.5384794]]]}},{"type":"Feature","properties":{"gmlId":"bldg_f17ece20-bf96-4243-a852-6c8235768004","name":null,"usage":"不明","majorUsage":null,"usageCode":"461","majorUsageCode":null,"usageCodeSpace":"https://assets.cms.plateau.reearth.io/assets/2c/6a2f27-a1e1-466a-a8cf-4627060f7ca4/13111_ota-ku_pref_2025_citygml_1_op/codelists/Building_usage.xml","majorUsageCodeSpace":null,"measuredHeight":3.1,"storeysAboveGround":null,"rawMeasuredHeight":"3.1","rawStoreysAboveGround":"9999","category":"OTHER","city":"大田区","dataYear":2025,"geometrySource":"lod0RoofEdge","sourceMesh":"53392643"},"geometry":{"type":"Polygon","coordinates":[[[139.7876866,35.5352523],[139.7877099,35.5352635],[139.7876474,35.5353511],[139.787624,35.5353399],[139.7876866,35.5352523]]]}},{"type":"Feature","properties":{"gmlId":"bldg_d889a386-aad9-4640-ade0-100fb655c747","name":null,"usage":"工場","majorUsage":null,"usageCode":"441","majorUsageCode":null,"usageCodeSpace":"https://assets.cms.plateau.reearth.io/assets/2c/6a2f27-a1e1-466a-a8cf-4627060f7ca4/13111_ota-ku_pref_2025_citygml_1_op/codelists/Building_usage.xml","majorUsageCodeSpace":null,"measuredHeight":10.7,"storeysAboveGround":2,"rawMeasuredHeight":"10.7","rawStoreysAboveGround":"2","category":"OTHER","city":"大田区","dataYear":2025,"geometrySource":"lod0RoofEdge","sourceMesh":"53392643"},"geometry":{"type":"Polygon","coordinates":[[[139.7931907,35.5383382],[139.7932071,35.5383145],[139.7933572,35.5383842],[139.7933396,35.5384096],[139.7933432,35.5384113],[139.7933607,35.5383862],[139.7934126,35.5384103],[139.7933947,35.5384361],[139.7934603,35.5384675],[139.7932554,35.5387524],[139.7929793,35.53862],[139.7930796,35.5384794],[139.7931831,35.5383345],[139.7931907,35.5383382]]]}},{"type":"Feature","properties":{"gmlId":"bldg_5d002571-0010-4257-b02b-f537753e5a50","name":null,"usage":"不明","majorUsage":null,"usageCode":"461","majorUsageCode":null,"usageCodeSpace":"https://assets.cms.plateau.reearth.io/assets/2c/6a2f27-a1e1-466a-a8cf-4627060f7ca4/13111_ota-ku_pref_2025_citygml_1_op/codelists/Building_usage.xml","majorUsageCodeSpace":null,"measuredHeight":5,"storeysAboveGround":null,"rawMeasuredHeight":"5","rawStoreysAboveGround":"9999","category":"OTHER","city":"大田区","dataYear":2025,"geometrySource":"lod0RoofEdge","sourceMesh":"53392643"},"geometry":{"type":"Polygon","coordinates":[[[139.7954179,35.5404835],[139.7955968,35.5405665],[139.7955516,35.5406317],[139.7953726,35.5405488],[139.7954179,35.5404835]]]}},{"type":"Feature","properties":{"gmlId":"bldg_5bcd9566-2bc9-4ea2-8868-2ecd9e6f5f3d","name":null,"usage":"不明","majorUsage":null,"usageCode":"461","majorUsageCode":null,"usageCodeSpace":"https://assets.cms.plateau.reearth.io/assets/2c/6a2f27-a1e1-466a-a8cf-4627060f7ca4/13111_ota-ku_pref_2025_citygml_1_op/codelists/Building_usage.xml","majorUsageCodeSpace":null,"measuredHeight":3,"storeysAboveGround":null,"rawMeasuredHeight":"3","rawStoreysAboveGround":"9999","category":"OTHER","city":"大田区","dataYear":2025,"geometrySource":"lod0RoofEdge","sourceMesh":"53392642"},"geometry":{"type":"Polygon","coordinates":[[[139.7874095,35.5351077],[139.7874182,35.5351117],[139.7874212,35.5351074],[139.787436,35.5351144],[139.7874207,35.5351361],[139.7874329,35.5351418],[139.7874213,35.5351582],[139.7874076,35.5351518],[139.7873916,35.5351747],[139.7873792,35.5351689],[139.7873849,35.5351607],[139.7873754,35.5351562],[139.7874095,35.5351077]]]}},{"type":"Feature","properties":{"gmlId":"bldg_b72efd4a-2912-4c94-a963-fc78295fccc9","name":null,"usage":"不明","majorUsage":null,"usageCode":"461","majorUsageCode":null,"usageCodeSpace":"https://assets.cms.plateau.reearth.io/assets/2c/6a2f27-a1e1-466a-a8cf-4627060f7ca4/13111_ota-ku_pref_2025_citygml_1_op/codelists/Building_usage.xml","majorUsageCodeSpace":null,"measuredHeight":2.4,"storeysAboveGround":null,"rawMeasuredHeight":"2.4","rawStoreysAboveGround":"9999","category":"OTHER","city":"大田区","dataYear":2025,"geometrySource":"lod0RoofEdge","sourceMesh":"53392643"},"geometry":{"type":"Polygon","coordinates":[[[139.7877068,35.5352237],[139.7877221,35.5352308],[139.7877055,35.5352546],[139.7876902,35.5352475],[139.7877068,35.5352237]]]}},{"type":"Feature","properties":{"gmlId":"bldg_111f5778-6eff-4721-bcea-8fa0c2bfad24","name":null,"usage":"不明","majorUsage":null,"usageCode":"461","majorUsageCode":null,"usageCodeSpace":"https://assets.cms.plateau.reearth.io/assets/2c/6a2f27-a1e1-466a-a8cf-4627060f7ca4/13111_ota-ku_pref_2025_citygml_1_op/codelists/Building_usage.xml","majorUsageCodeSpace":null,"measuredHeight":null,"storeysAboveGround":null,"rawMeasuredHeight":"-9999","rawStoreysAboveGround":"9999","category":"OTHER","city":"大田区","dataYear":2025,"geometrySource":"lod0RoofEdge","sourceMesh":"53392672"},"geometry":{"type":"Polygon","coordinates":[[[139.7824958,35.5651],[139.7824894,35.5651101],[139.782474,35.5651035],[139.7824804,35.5650935],[139.7824958,35.5651]]]}},{"type":"Feature","properties":{"gmlId":"bldg_15915b33-b755-4898-a317-d3bfd3631dc3","name":null,"usage":"不明","majorUsage":null,"usageCode":"461","majorUsageCode":null,"usageCodeSpace":"https://assets.cms.plateau.reearth.io/assets/2c/6a2f27-a1e1-466a-a8cf-4627060f7ca4/13111_ota-ku_pref_2025_citygml_1_op/codelists/Building_usage.xml","majorUsageCodeSpace":null,"measuredHeight":2.2,"storeysAboveGround":null,"rawMeasuredHeight":"2.2","rawStoreysAboveGround":"9999","category":"OTHER","city":"大田区","dataYear":2025,"geometrySource":"lod0RoofEdge","sourceMesh":"53392673"},"geometry":{"type":"Polygon","coordinates":[[[139.7902534,35.5630864],[139.7902275,35.5630741],[139.790326,35.5629362],[139.7903518,35.5629486],[139.7902534,35.5630864]]]}},{"type":"Feature","properties":{"gmlId":"bldg_20c7b1b2-c670-40be-9c28-587af9c523f3","name":null,"usage":"不明","majorUsage":null,"usageCode":"461","majorUsageCode":null,"usageCodeSpace":"https://assets.cms.plateau.reearth.io/assets/2c/6a2f27-a1e1-466a-a8cf-4627060f7ca4/13111_ota-ku_pref_2025_citygml_1_op/codelists/Building_usage.xml","majorUsageCodeSpace":null,"measuredHeight":1.8,"storeysAboveGround":null,"rawMeasuredHeight":"1.8","rawStoreysAboveGround":"9999","category":"OTHER","city":"大田区","dataYear":2025,"geometrySource":"lod0RoofEdge","sourceMesh":"53392673"},"geometry":{"type":"Polygon","coordinates":[[[139.7902331,35.5631143],[139.7902157,35.5631062],[139.7902329,35.5630816],[139.7902503,35.5630897],[139.7902331,35.5631143]]]}},{"type":"Feature","properties":{"gmlId":"bldg_aacb65a0-a777-4df4-98f9-d6884155a960","name":null,"usage":"不明","majorUsage":null,"usageCode":"461","majorUsageCode":null,"usageCodeSpace":"https://assets.cms.plateau.reearth.io/assets/2c/6a2f27-a1e1-466a-a8cf-4627060f7ca4/13111_ota-ku_pref_2025_citygml_1_op/codelists/Building_usage.xml","majorUsageCodeSpace":null,"measuredHeight":2,"storeysAboveGround":null,"rawMeasuredHeight":"2","rawStoreysAboveGround":"9999","category":"OTHER","city":"大田区","dataYear":2025,"geometrySource":"lod0RoofEdge","sourceMesh":"53392673"},"geometry":{"type":"Polygon","coordinates":[[[139.7902129,35.5631429],[139.7901962,35.563135],[139.7902133,35.5631107],[139.7902301,35.5631186],[139.7902129,35.5631429]]]}},{"type":"Feature","properties":{"gmlId":"bldg_912266bd-c4a5-41de-be6b-d7899bad0fcd","name":null,"usage":"不明","majorUsage":null,"usageCode":"461","majorUsageCode":null,"usageCodeSpace":"https://assets.cms.plateau.reearth.io/assets/2c/6a2f27-a1e1-466a-a8cf-4627060f7ca4/13111_ota-ku_pref_2025_citygml_1_op/codelists/Building_usage.xml","majorUsageCodeSpace":null,"measuredHeight":3,"storeysAboveGround":null,"rawMeasuredHeight":"3","rawStoreysAboveGround":"9999","category":"OTHER","city":"大田区","dataYear":2025,"geometrySource":"lod0RoofEdge","sourceMesh":"53392650"},"geometry":{"type":"Polygon","coordinates":[[[139.760118,35.5464486],[139.7601281,35.5464429],[139.7601204,35.5464339],[139.7601326,35.5464269],[139.7601515,35.5464488],[139.7601648,35.546441],[139.7601792,35.5464579],[139.7601641,35.5464666],[139.7601804,35.5464856],[139.7601692,35.5464921],[139.7601662,35.5464885],[139.7601569,35.5464939],[139.760118,35.5464486]]]}},{"type":"Feature","properties":{"gmlId":"bldg_387b78ff-ce96-4ba8-815e-0861696c3d82","name":null,"usage":"不明","majorUsage":null,"usageCode":"461","majorUsageCode":null,"usageCodeSpace":"https://assets.cms.plateau.reearth.io/assets/2c/6a2f27-a1e1-466a-a8cf-4627060f7ca4/13111_ota-ku_pref_2025_citygml_1_op/codelists/Building_usage.xml","majorUsageCodeSpace":null,"measuredHeight":2.9,"storeysAboveGround":null,"rawMeasuredHeight":"2.9","rawStoreysAboveGround":"9999","category":"OTHER","city":"大田区","dataYear":2025,"geometrySource":"lod0RoofEdge","sourceMesh":"53392671"},"geometry":{"type":"Polygon","coordinates":[[[139.7665376,35.5615902],[139.7665527,35.5615696],[139.766689,35.5616367],[139.766674,35.5616572],[139.7665376,35.5615902]]]}},{"type":"Feature","properties":{"gmlId":"bldg_bcaa1d48-1f62-4cff-a6d1-4a655fe65ff9","name":null,"usage":"不明","majorUsage":null,"usageCode":"461","majorUsageCode":null,"usageCodeSpace":"https://assets.cms.plateau.reearth.io/assets/2c/6a2f27-a1e1-466a-a8cf-4627060f7ca4/13111_ota-ku_pref_2025_citygml_1_op/codelists/Building_usage.xml","majorUsageCodeSpace":null,"measuredHeight":2.5,"storeysAboveGround":null,"rawMeasuredHeight":"2.5","rawStoreysAboveGround":"9999","category":"OTHER","city":"大田区","dataYear":2025,"geometrySource":"lod0RoofEdge","sourceMesh":"53392671"},"geometry":{"type":"Polygon","coordinates":[[[139.7665069,35.5615659],[139.766515,35.5615544],[139.7665441,35.5615682],[139.766536,35.5615797],[139.7665069,35.5615659]]]}},{"type":"Feature","properties":{"gmlId":"bldg_7a18cd4f-52d4-4a01-89b7-131c9b08fec3","name":null,"usage":"不明","majorUsage":null,"usageCode":"461","majorUsageCode":null,"usageCodeSpace":"https://assets.cms.plateau.reearth.io/assets/2c/6a2f27-a1e1-466a-a8cf-4627060f7ca4/13111_ota-ku_pref_2025_citygml_1_op/codelists/Building_usage.xml","majorUsageCodeSpace":null,"measuredHeight":2.9,"storeysAboveGround":null,"rawMeasuredHeight":"2.9","rawStoreysAboveGround":"9999","category":"OTHER","city":"大田区","dataYear":2025,"geometrySource":"lod0RoofEdge","sourceMesh":"53392671"},"geometry":{"type":"Polygon","coordinates":[[[139.7644108,35.5598763],[139.7644147,35.5598812],[139.7644275,35.5598745],[139.7644303,35.5598781],[139.7644341,35.5598761],[139.7644389,35.5598823],[139.7644347,35.5598845],[139.7644392,35.55989],[139.7644077,35.5599066],[139.7644161,35.5599171],[139.7643986,35.5599264],[139.7643913,35.5599171],[139.76437,35.5599283],[139.7643679,35.5599258],[139.7643558,35.5599322],[139.7643525,35.559928],[139.7643489,35.5599299],[139.764345,35.5599252],[139.7643499,35.5599225],[139.764347,35.5599189],[139.7643587,35.5599128],[139.7643536,35.5599065],[139.7644108,35.5598763]]]}},{"type":"Feature","properties":{"gmlId":"bldg_fb9242f5-e4da-4d89-bf55-37bb05d7272c","name":null,"usage":"不明","majorUsage":null,"usageCode":"461","majorUsageCode":null,"usageCodeSpace":"https://assets.cms.plateau.reearth.io/assets/2c/6a2f27-a1e1-466a-a8cf-4627060f7ca4/13111_ota-ku_pref_2025_citygml_1_op/codelists/Building_usage.xml","majorUsageCodeSpace":null,"measuredHeight":1.9,"storeysAboveGround":null,"rawMeasuredHeight":"1.9","rawStoreysAboveGround":"9999","category":"OTHER","city":"大田区","dataYear":2025,"geometrySource":"lod0RoofEdge","sourceMesh":"53392650"},"geometry":{"type":"Polygon","coordinates":[[[139.7599908,35.5463895],[139.7599801,35.5463763],[139.7600387,35.5463444],[139.7600494,35.5463577],[139.7599908,35.5463895]]]}},{"type":"Feature","properties":{"gmlId":"bldg_fa98bbb7-2d69-4bb1-9f5e-c3f96bbfad56","name":null,"usage":"不明","majorUsage":null,"usageCode":"461","majorUsageCode":null,"usageCodeSpace":"https://assets.cms.plateau.reearth.io/assets/2c/6a2f27-a1e1-466a-a8cf-4627060f7ca4/13111_ota-ku_pref_2025_citygml_1_op/codelists/Building_usage.xml","majorUsageCodeSpace":null,"measuredHeight":3,"storeysAboveGround":null,"rawMeasuredHeight":"3","rawStoreysAboveGround":"9999","category":"OTHER","city":"大田区","dataYear":2025,"geometrySource":"lod0RoofEdge","sourceMesh":"53392671"},"geometry":{"type":"Polygon","coordinates":[[[139.7667742,35.5621164],[139.7667295,35.5621653],[139.7667109,35.5621539],[139.7667246,35.562139],[139.7667071,35.5621282],[139.766722,35.5621118],[139.7667319,35.5621179],[139.7667479,35.5621003],[139.7667742,35.5621164]]]}},{"type":"Feature","properties":{"gmlId":"bldg_f099ce53-b6c1-4a9b-adda-7fc6dacb6042","name":null,"usage":"不明","majorUsage":null,"usageCode":"461","majorUsageCode":null,"usageCodeSpace":"https://assets.cms.plateau.reearth.io/assets/2c/6a2f27-a1e1-466a-a8cf-4627060f7ca4/13111_ota-ku_pref_2025_citygml_1_op/codelists/Building_usage.xml","majorUsageCodeSpace":null,"measuredHeight":4.3,"storeysAboveGround":null,"rawMeasuredHeight":"4.3","rawStoreysAboveGround":"9999","category":"OTHER","city":"大田区","dataYear":2025,"geometrySource":"lod0RoofEdge","sourceMesh":"53392643"},"geometry":{"type":"Polygon","coordinates":[[[139.7952047,35.5385092],[139.7951487,35.5384813],[139.7951983,35.5384146],[139.7952543,35.5384425],[139.7952047,35.5385092]]]}},{"type":"Feature","properties":{"gmlId":"bldg_6d6d32bc-3fe8-41a6-ac0b-ba6d620f9792","name":null,"usage":"不明","majorUsage":null,"usageCode":"461","majorUsageCode":null,"usageCodeSpace":"https://assets.cms.plateau.reearth.io/assets/2c/6a2f27-a1e1-466a-a8cf-4627060f7ca4/13111_ota-ku_pref_2025_citygml_1_op/codelists/Building_usage.xml","majorUsageCodeSpace":null,"measuredHeight":null,"storeysAboveGround":null,"rawMeasuredHeight":"-9999","rawStoreysAboveGround":"9999","category":"OTHER","city":"大田区","dataYear":2025,"geometrySource":"lod0RoofEdge","sourceMesh":"53392650"},"geometry":{"type":"Polygon","coordinates":[[[139.7597914,35.5453214],[139.7597868,35.5453059],[139.759846,35.545294],[139.7598506,35.5453095],[139.7597914,35.5453214]]]}},{"type":"Feature","properties":{"gmlId":"bldg_549fcdfe-da29-422f-b768-3d3b77d17422","name":null,"usage":"不明","majorUsage":null,"usageCode":"461","majorUsageCode":null,"usageCodeSpace":"https://assets.cms.plateau.reearth.io/assets/2c/6a2f27-a1e1-466a-a8cf-4627060f7ca4/13111_ota-ku_pref_2025_citygml_1_op/codelists/Building_usage.xml","majorUsageCodeSpace":null,"measuredHeight":null,"storeysAboveGround":null,"rawMeasuredHeight":"-9999","rawStoreysAboveGround":"9999","category":"OTHER","city":"大田区","dataYear":2025,"geometrySource":"lod0RoofEdge","sourceMesh":"53392650"},"geometry":{"type":"Polygon","coordinates":[[[139.7597152,35.5453394],[139.75971,35.5453231],[139.7597687,35.5453105],[139.759774,35.5453268],[139.7597152,35.5453394]]]}},{"type":"Feature","properties":{"gmlId":"bldg_9e9908b2-00c5-46ab-8868-428ad67785d3","name":null,"usage":"不明","majorUsage":null,"usageCode":"461","majorUsageCode":null,"usageCodeSpace":"https://assets.cms.plateau.reearth.io/assets/2c/6a2f27-a1e1-466a-a8cf-4627060f7ca4/13111_ota-ku_pref_2025_citygml_1_op/codelists/Building_usage.xml","majorUsageCodeSpace":null,"measuredHeight":3.6,"storeysAboveGround":null,"rawMeasuredHeight":"3.6","rawStoreysAboveGround":"9999","category":"OTHER","city":"大田区","dataYear":2025,"geometrySource":"lod0RoofEdge","sourceMesh":"53392643"},"geometry":{"type":"Polygon","coordinates":[[[139.7934413,35.5366559],[139.7934987,35.536683],[139.793408,35.5368115],[139.7933505,35.5367844],[139.7934413,35.5366559]]]}},{"type":"Feature","properties":{"gmlId":"bldg_9a2b999c-bc91-40b5-964c-c2a2dc1a0382","name":null,"usage":"不明","majorUsage":null,"usageCode":"461","majorUsageCode":null,"usageCodeSpace":"https://assets.cms.plateau.reearth.io/assets/2c/6a2f27-a1e1-466a-a8cf-4627060f7ca4/13111_ota-ku_pref_2025_citygml_1_op/codelists/Building_usage.xml","majorUsageCodeSpace":null,"measuredHeight":5.3,"storeysAboveGround":null,"rawMeasuredHeight":"5.3","rawStoreysAboveGround":"9999","category":"OTHER","city":"大田区","dataYear":2025,"geometrySource":"lod0RoofEdge","sourceMesh":"53392643"},"geometry":{"type":"Polygon","coordinates":[[[139.7954719,35.5376309],[139.7955178,35.537566],[139.7955224,35.5375681],[139.7956131,35.537611],[139.7955991,35.5376311],[139.7955686,35.5376742],[139.7955671,35.5376762],[139.7955553,35.537693],[139.7955423,35.5377113],[139.7955236,35.5377378],[139.7955222,35.5377398],[139.7954972,35.5377752],[139.7954798,35.5377997],[139.7954784,35.5378017],[139.7954559,35.5378335],[139.7954385,35.5378581],[139.7954357,35.5378621],[139.7953789,35.5378353],[139.7954216,35.537775],[139.7954654,35.537713],[139.7954267,35.5376947],[139.7954719,35.5376309]]]}},{"type":"Feature","properties":{"gmlId":"bldg_c7b7e5ce-4f66-41c5-9927-c207f2197d23","name":null,"usage":"不明","majorUsage":null,"usageCode":"461","majorUsageCode":null,"usageCodeSpace":"https://assets.cms.plateau.reearth.io/assets/2c/6a2f27-a1e1-466a-a8cf-4627060f7ca4/13111_ota-ku_pref_2025_citygml_1_op/codelists/Building_usage.xml","majorUsageCodeSpace":null,"measuredHeight":2.7,"storeysAboveGround":null,"rawMeasuredHeight":"2.7","rawStoreysAboveGround":"9999","category":"OTHER","city":"大田区","dataYear":2025,"geometrySource":"lod0RoofEdge","sourceMesh":"53392650"},"geometry":{"type":"Polygon","coordinates":[[[139.7587536,35.5468401],[139.7587412,35.5468497],[139.758725,35.5468356],[139.7587373,35.5468261],[139.7587536,35.5468401]]]}},{"type":"Feature","properties":{"gmlId":"bldg_faa273f9-9ad2-4d5b-907a-6e4409ef202a","name":null,"usage":"不明","majorUsage":null,"usageCode":"461","majorUsageCode":null,"usageCodeSpace":"https://assets.cms.plateau.reearth.io/assets/2c/6a2f27-a1e1-466a-a8cf-4627060f7ca4/13111_ota-ku_pref_2025_citygml_1_op/codelists/Building_usage.xml","majorUsageCodeSpace":null,"measuredHeight":2.9,"storeysAboveGround":null,"rawMeasuredHeight":"2.9","rawStoreysAboveGround":"9999","category":"OTHER","city":"大田区","dataYear":2025,"geometrySource":"lod0RoofEdge","sourceMesh":"53392650"},"geometry":{"type":"Polygon","coordinates":[[[139.758734,35.5468185],[139.7587167,35.5468322],[139.7586772,35.5467988],[139.7586945,35.5467852],[139.758734,35.5468185]]]}},{"type":"Feature","properties":{"gmlId":"bldg_8e5c4927-05a5-4aab-8323-580916e94462","name":null,"usage":"不明","majorUsage":null,"usageCode":"461","majorUsageCode":null,"usageCodeSpace":"https://assets.cms.plateau.reearth.io/assets/2c/6a2f27-a1e1-466a-a8cf-4627060f7ca4/13111_ota-ku_pref_2025_citygml_1_op/codelists/Building_usage.xml","majorUsageCodeSpace":null,"measuredHeight":2.9,"storeysAboveGround":null,"rawMeasuredHeight":"2.9","rawStoreysAboveGround":"9999","category":"OTHER","city":"大田区","dataYear":2025,"geometrySource":"lod0RoofEdge","sourceMesh":"53392660"},"geometry":{"type":"Polygon","coordinates":[[[139.7593438,35.5543252],[139.7593299,35.5543337],[139.7593164,35.5543188],[139.7593304,35.5543103],[139.7593438,35.5543252]]]}},{"type":"Feature","properties":{"gmlId":"bldg_958c7bfb-7af9-4604-8d89-c63ed160c4d9","name":null,"usage":"不明","majorUsage":null,"usageCode":"461","majorUsageCode":null,"usageCodeSpace":"https://assets.cms.plateau.reearth.io/assets/2c/6a2f27-a1e1-466a-a8cf-4627060f7ca4/13111_ota-ku_pref_2025_citygml_1_op/codelists/Building_usage.xml","majorUsageCodeSpace":null,"measuredHeight":3.1,"storeysAboveGround":null,"rawMeasuredHeight":"3.1","rawStoreysAboveGround":"9999","category":"OTHER","city":"大田区","dataYear":2025,"geometrySource":"lod0RoofEdge","sourceMesh":"53392660"},"geometry":{"type":"Polygon","coordinates":[[[139.7593265,35.5543036],[139.7593033,35.5543171],[139.7592673,35.5542759],[139.7592905,35.5542624],[139.7593265,35.5543036]]]}},{"type":"Feature","properties":{"gmlId":"bldg_9a7d3182-41e1-4eb2-aae1-1ea73f24af9c","name":null,"usage":"不明","majorUsage":null,"usageCode":"461","majorUsageCode":null,"usageCodeSpace":"https://assets.cms.plateau.reearth.io/assets/2c/6a2f27-a1e1-466a-a8cf-4627060f7ca4/13111_ota-ku_pref_2025_citygml_1_op/codelists/Building_usage.xml","majorUsageCodeSpace":null,"measuredHeight":null,"storeysAboveGround":null,"rawMeasuredHeight":"-9999","rawStoreysAboveGround":"9999","category":"OTHER","city":"大田区","dataYear":2025,"geometrySource":"lod0RoofEdge","sourceMesh":"53392650"},"geometry":{"type":"Polygon","coordinates":[[[139.7589199,35.5456281],[139.7589052,35.5456113],[139.758986,35.545564],[139.7590007,35.5455809],[139.7589199,35.5456281]]]}},{"type":"Feature","properties":{"gmlId":"bldg_a1519a59-03cc-4a91-987b-00578e857f62","name":null,"usage":"不明","majorUsage":null,"usageCode":"461","majorUsageCode":null,"usageCodeSpace":"https://assets.cms.plateau.reearth.io/assets/2c/6a2f27-a1e1-466a-a8cf-4627060f7ca4/13111_ota-ku_pref_2025_citygml_1_op/codelists/Building_usage.xml","majorUsageCodeSpace":null,"measuredHeight":5.3,"storeysAboveGround":null,"rawMeasuredHeight":"5.3","rawStoreysAboveGround":"9999","category":"OTHER","city":"大田区","dataYear":2025,"geometrySource":"lod0RoofEdge","sourceMesh":"53392643"},"geometry":{"type":"Polygon","coordinates":[[[139.7957151,35.5377468],[139.7957016,35.5377656],[139.7956719,35.5378071],[139.7956701,35.5378097],[139.7956598,35.5378241],[139.7956289,35.5378673],[139.7956257,35.5378718],[139.7955306,35.5378264],[139.7955738,35.5377659],[139.7956197,35.5377018],[139.7956659,35.5376371],[139.7956685,35.5376383],[139.7957597,35.5376819],[139.795761,35.5376825],[139.7957475,35.5377015],[139.7957169,35.5377442],[139.7957151,35.5377468]]]}},{"type":"Feature","properties":{"gmlId":"bldg_a3ad200b-f765-425d-a92f-c5d5c11ca9bc","name":null,"usage":"不明","majorUsage":null,"usageCode":"461","majorUsageCode":null,"usageCodeSpace":"https://assets.cms.plateau.reearth.io/assets/2c/6a2f27-a1e1-466a-a8cf-4627060f7ca4/13111_ota-ku_pref_2025_citygml_1_op/codelists/Building_usage.xml","majorUsageCodeSpace":null,"measuredHeight":3.3,"storeysAboveGround":null,"rawMeasuredHeight":"3.3","rawStoreysAboveGround":"9999","category":"OTHER","city":"大田区","dataYear":2025,"geometrySource":"lod0RoofEdge","sourceMesh":"53392650"},"geometry":{"type":"Polygon","coordinates":[[[139.7573513,35.5472518],[139.7573356,35.5472389],[139.7573691,35.5472117],[139.7573847,35.5472246],[139.7573513,35.5472518]]]}},{"type":"Feature","properties":{"gmlId":"bldg_1d95f7d7-1fa7-476a-bdb7-f8a53087d7ef","name":null,"usage":"不明","majorUsage":null,"usageCode":"461","majorUsageCode":null,"usageCodeSpace":"https://assets.cms.plateau.reearth.io/assets/2c/6a2f27-a1e1-466a-a8cf-4627060f7ca4/13111_ota-ku_pref_2025_citygml_1_op/codelists/Building_usage.xml","majorUsageCodeSpace":null,"measuredHeight":3.1,"storeysAboveGround":null,"rawMeasuredHeight":"3.1","rawStoreysAboveGround":"9999","category":"OTHER","city":"大田区","dataYear":2025,"geometrySource":"lod0RoofEdge","sourceMesh":"53392682"},"geometry":{"type":"Polygon","coordinates":[[[139.7844726,35.5674318],[139.7844638,35.5674277],[139.784455,35.5674404],[139.7844398,35.5674334],[139.7844584,35.5674064],[139.7844451,35.5674002],[139.7844569,35.5673833],[139.7844741,35.5673912],[139.78449,35.5673681],[139.7845026,35.5673739],[139.784499,35.567379],[139.7845067,35.5673826],[139.7844726,35.5674318]]]}},{"type":"Feature","properties":{"gmlId":"bldg_bd8f3efa-3cab-4299-aad1-f16b262fdf9d","name":null,"usage":"不明","majorUsage":null,"usageCode":"461","majorUsageCode":null,"usageCodeSpace":"https://assets.cms.plateau.reearth.io/assets/2c/6a2f27-a1e1-466a-a8cf-4627060f7ca4/13111_ota-ku_pref_2025_citygml_1_op/codelists/Building_usage.xml","majorUsageCodeSpace":null,"measuredHeight":2.8,"storeysAboveGround":null,"rawMeasuredHeight":"2.8","rawStoreysAboveGround":"9999","category":"OTHER","city":"大田区","dataYear":2025,"geometrySource":"lod0RoofEdge","sourceMesh":"53392682"},"geometry":{"type":"Polygon","coordinates":[[[139.7841984,35.56757],[139.7841737,35.5675583],[139.784246,35.5674572],[139.7842707,35.567469],[139.7841984,35.56757]]]}},{"type":"Feature","properties":{"gmlId":"bldg_bc3808bb-0ee4-4c8e-810e-9d5155703fed","name":null,"usage":"不明","majorUsage":null,"usageCode":"461","majorUsageCode":null,"usageCodeSpace":"https://assets.cms.plateau.reearth.io/assets/2c/6a2f27-a1e1-466a-a8cf-4627060f7ca4/13111_ota-ku_pref_2025_citygml_1_op/codelists/Building_usage.xml","majorUsageCodeSpace":null,"measuredHeight":3.2,"storeysAboveGround":null,"rawMeasuredHeight":"3.2","rawStoreysAboveGround":"9999","category":"OTHER","city":"大田区","dataYear":2025,"geometrySource":"lod0RoofEdge","sourceMesh":"53392650"},"geometry":{"type":"Polygon","coordinates":[[[139.7572692,35.5470737],[139.7572228,35.5471112],[139.7570668,35.5469823],[139.7571132,35.5469448],[139.7572692,35.5470737]]]}},{"type":"Feature","properties":{"gmlId":"bldg_fe6145e7-6649-48a2-93b9-3274bce14c71","name":null,"usage":"不明","majorUsage":null,"usageCode":"461","majorUsageCode":null,"usageCodeSpace":"https://assets.cms.plateau.reearth.io/assets/2c/6a2f27-a1e1-466a-a8cf-4627060f7ca4/13111_ota-ku_pref_2025_citygml_1_op/codelists/Building_usage.xml","majorUsageCodeSpace":null,"measuredHeight":3.3,"storeysAboveGround":null,"rawMeasuredHeight":"3.3","rawStoreysAboveGround":"9999","category":"OTHER","city":"大田区","dataYear":2025,"geometrySource":"lod0RoofEdge","sourceMesh":"53392650"},"geometry":{"type":"Polygon","coordinates":[[[139.7571428,35.5471855],[139.7571246,35.5472004],[139.7570816,35.5471655],[139.7570998,35.5471505],[139.7571428,35.5471855]]]}},{"type":"Feature","properties":{"gmlId":"bldg_ed32f1b9-0ddf-4008-9f21-304289bbfb09","name":null,"usage":"不明","majorUsage":null,"usageCode":"461","majorUsageCode":null,"usageCodeSpace":"https://assets.cms.plateau.reearth.io/assets/2c/6a2f27-a1e1-466a-a8cf-4627060f7ca4/13111_ota-ku_pref_2025_citygml_1_op/codelists/Building_usage.xml","majorUsageCodeSpace":null,"measuredHeight":3.4,"storeysAboveGround":null,"rawMeasuredHeight":"3.4","rawStoreysAboveGround":"9999","category":"OTHER","city":"大田区","dataYear":2025,"geometrySource":"lod0RoofEdge","sourceMesh":"53392650"},"geometry":{"type":"Polygon","coordinates":[[[139.7570689,35.5472221],[139.7570856,35.5472087],[139.7571004,35.547221],[139.7570837,35.5472345],[139.7570689,35.5472221]]]}},{"type":"Feature","properties":{"gmlId":"bldg_970cfe84-4b99-4334-a129-83d086f7d971","name":null,"usage":"不明","majorUsage":null,"usageCode":"461","majorUsageCode":null,"usageCodeSpace":"https://assets.cms.plateau.reearth.io/assets/2c/6a2f27-a1e1-466a-a8cf-4627060f7ca4/13111_ota-ku_pref_2025_citygml_1_op/codelists/Building_usage.xml","majorUsageCodeSpace":null,"measuredHeight":null,"storeysAboveGround":null,"rawMeasuredHeight":"-9999","rawStoreysAboveGround":"9999","category":"OTHER","city":"大田区","dataYear":2025,"geometrySource":"lod0RoofEdge","sourceMesh":"53392650"},"geometry":{"type":"Polygon","coordinates":[[[139.7570586,35.5472079],[139.7570469,35.5472163],[139.7570313,35.547202],[139.757043,35.5471935],[139.7570586,35.5472079]]]}},{"type":"Feature","properties":{"gmlId":"bldg_9f14139e-6125-4c0b-a0f0-41cde129beeb","name":null,"usage":"不明","majorUsage":null,"usageCode":"461","majorUsageCode":null,"usageCodeSpace":"https://assets.cms.plateau.reearth.io/assets/2c/6a2f27-a1e1-466a-a8cf-4627060f7ca4/13111_ota-ku_pref_2025_citygml_1_op/codelists/Building_usage.xml","majorUsageCodeSpace":null,"measuredHeight":10.8,"storeysAboveGround":null,"rawMeasuredHeight":"10.8","rawStoreysAboveGround":"9999","category":"OTHER","city":"大田区","dataYear":2025,"geometrySource":"lod0RoofEdge","sourceMesh":"53392650"},"geometry":{"type":"Polygon","coordinates":[[[139.757006,35.547456],[139.7569906,35.5474693],[139.756972,35.5474548],[139.7569868,35.5474421],[139.7569838,35.5474398],[139.7570084,35.5474187],[139.757012,35.5474215],[139.7570266,35.5474089],[139.7570498,35.5474268],[139.7570112,35.54746],[139.757006,35.547456]]]}},{"type":"Feature","properties":{"gmlId":"bldg_fcace302-2fed-4a41-b723-a03e2bdba7cc","name":null,"usage":"不明","majorUsage":null,"usageCode":"461","majorUsageCode":null,"usageCodeSpace":"https://assets.cms.plateau.reearth.io/assets/2c/6a2f27-a1e1-466a-a8cf-4627060f7ca4/13111_ota-ku_pref_2025_citygml_1_op/codelists/Building_usage.xml","majorUsageCodeSpace":null,"measuredHeight":5.2,"storeysAboveGround":null,"rawMeasuredHeight":"5.2","rawStoreysAboveGround":"9999","category":"OTHER","city":"大田区","dataYear":2025,"geometrySource":"lod0RoofEdge","sourceMesh":"53392650"},"geometry":{"type":"Polygon","coordinates":[[[139.7571034,35.5471269],[139.7570215,35.547193],[139.7569508,35.5471345],[139.757004,35.5470915],[139.7569597,35.5470548],[139.75693,35.546989],[139.7569332,35.5469864],[139.7571034,35.5471269]]]}},{"type":"Feature","properties":{"gmlId":"bldg_112b5dd9-29e1-4ba4-ab73-4d26f1e3039f","name":null,"usage":"不明","majorUsage":null,"usageCode":"461","majorUsageCode":null,"usageCodeSpace":"https://assets.cms.plateau.reearth.io/assets/2c/6a2f27-a1e1-466a-a8cf-4627060f7ca4/13111_ota-ku_pref_2025_citygml_1_op/codelists/Building_usage.xml","majorUsageCodeSpace":null,"measuredHeight":4.2,"storeysAboveGround":null,"rawMeasuredHeight":"4.2","rawStoreysAboveGround":"9999","category":"OTHER","city":"大田区","dataYear":2025,"geometrySource":"lod0RoofEdge","sourceMesh":"53392650"},"geometry":{"type":"Polygon","coordinates":[[[139.7569028,35.5470303],[139.7569353,35.5470574],[139.7569011,35.5470848],[139.7568687,35.5470577],[139.7569028,35.5470303]]]}},{"type":"Feature","properties":{"gmlId":"bldg_ba9c8da7-1527-40ef-a28c-8ea6c68c45c9","name":null,"usage":"不明","majorUsage":null,"usageCode":"461","majorUsageCode":null,"usageCodeSpace":"https://assets.cms.plateau.reearth.io/assets/2c/6a2f27-a1e1-466a-a8cf-4627060f7ca4/13111_ota-ku_pref_2025_citygml_1_op/codelists/Building_usage.xml","majorUsageCodeSpace":null,"measuredHeight":4.3,"storeysAboveGround":null,"rawMeasuredHeight":"4.3","rawStoreysAboveGround":"9999","category":"OTHER","city":"大田区","dataYear":2025,"geometrySource":"lod0RoofEdge","sourceMesh":"53392650"},"geometry":{"type":"Polygon","coordinates":[[[139.7568954,35.547026],[139.7568712,35.5470447],[139.7568511,35.5469983],[139.7568576,35.5469933],[139.7568954,35.547026]]]}},{"type":"Feature","properties":{"gmlId":"bldg_a30db188-f73e-4c40-a220-6cfd79f4085d","name":null,"usage":"不明","majorUsage":null,"usageCode":"461","majorUsageCode":null,"usageCodeSpace":"https://assets.cms.plateau.reearth.io/assets/2c/6a2f27-a1e1-466a-a8cf-4627060f7ca4/13111_ota-ku_pref_2025_citygml_1_op/codelists/Building_usage.xml","majorUsageCodeSpace":null,"measuredHeight":5.7,"storeysAboveGround":null,"rawMeasuredHeight":"5.7","rawStoreysAboveGround":"9999","category":"OTHER","city":"大田区","dataYear":2025,"geometrySource":"lod0RoofEdge","sourceMesh":"53392650"},"geometry":{"type":"Polygon","coordinates":[[[139.7567555,35.546984],[139.7567263,35.5469598],[139.7568148,35.5468884],[139.7569329,35.5469862],[139.7569297,35.5469888],[139.7568149,35.5468938],[139.7567361,35.5469574],[139.7570211,35.5471933],[139.7569648,35.5472387],[139.7568804,35.5471688],[139.7569119,35.5471434],[139.7568219,35.547069],[139.7567903,35.5470945],[139.7567055,35.5470243],[139.7567555,35.546984]]]}},{"type":"Feature","properties":{"gmlId":"bldg_5a1252e8-5692-4416-a658-6a0250a6431b","name":null,"usage":"不明","majorUsage":null,"usageCode":"461","majorUsageCode":null,"usageCodeSpace":"https://assets.cms.plateau.reearth.io/assets/2c/6a2f27-a1e1-466a-a8cf-4627060f7ca4/13111_ota-ku_pref_2025_citygml_1_op/codelists/Building_usage.xml","majorUsageCodeSpace":null,"measuredHeight":null,"storeysAboveGround":null,"rawMeasuredHeight":"-9999","rawStoreysAboveGround":"9999","category":"OTHER","city":"大田区","dataYear":2025,"geometrySource":"lod0RoofEdge","sourceMesh":"53392650"},"geometry":{"type":"Polygon","coordinates":[[[139.7568187,35.5469646],[139.7568067,35.5469551],[139.7568344,35.5469315],[139.7568465,35.546941],[139.7568187,35.5469646]]]}},{"type":"Feature","properties":{"gmlId":"bldg_a9208ebb-5582-49d1-ae9f-f34249080a77","name":null,"usage":"不明","majorUsage":null,"usageCode":"461","majorUsageCode":null,"usageCodeSpace":"https://assets.cms.plateau.reearth.io/assets/2c/6a2f27-a1e1-466a-a8cf-4627060f7ca4/13111_ota-ku_pref_2025_citygml_1_op/codelists/Building_usage.xml","majorUsageCodeSpace":null,"measuredHeight":2.4,"storeysAboveGround":null,"rawMeasuredHeight":"2.4","rawStoreysAboveGround":"9999","category":"OTHER","city":"大田区","dataYear":2025,"geometrySource":"lod0RoofEdge","sourceMesh":"53392650"},"geometry":{"type":"Polygon","coordinates":[[[139.7567807,35.5469316],[139.7568148,35.5469035],[139.7568321,35.5469175],[139.7567981,35.5469457],[139.7567807,35.5469316]]]}},{"type":"Feature","properties":{"gmlId":"bldg_763ccf19-7fc4-4111-bde8-0b34e139d76e","name":null,"usage":"不明","majorUsage":null,"usageCode":"461","majorUsageCode":null,"usageCodeSpace":"https://assets.cms.plateau.reearth.io/assets/2c/6a2f27-a1e1-466a-a8cf-4627060f7ca4/13111_ota-ku_pref_2025_citygml_1_op/codelists/Building_usage.xml","majorUsageCodeSpace":null,"measuredHeight":3.6,"storeysAboveGround":null,"rawMeasuredHeight":"3.6","rawStoreysAboveGround":"9999","category":"OTHER","city":"大田区","dataYear":2025,"geometrySource":"lod0RoofEdge","sourceMesh":"53392650"},"geometry":{"type":"Polygon","coordinates":[[[139.7567986,35.5470086],[139.7567439,35.5469633],[139.7567622,35.5469484],[139.756817,35.5469937],[139.7567986,35.5470086]]]}},{"type":"Feature","properties":{"gmlId":"bldg_24dbf91a-7e92-4581-8ddf-3822c8799796","name":null,"usage":"不明","majorUsage":null,"usageCode":"461","majorUsageCode":null,"usageCodeSpace":"https://assets.cms.plateau.reearth.io/assets/2c/6a2f27-a1e1-466a-a8cf-4627060f7ca4/13111_ota-ku_pref_2025_citygml_1_op/codelists/Building_usage.xml","majorUsageCodeSpace":null,"measuredHeight":null,"storeysAboveGround":null,"rawMeasuredHeight":"-9999","rawStoreysAboveGround":"9999","category":"OTHER","city":"大田区","dataYear":2025,"geometrySource":"lod0RoofEdge","sourceMesh":"53392650"},"geometry":{"type":"Polygon","coordinates":[[[139.7566397,35.5465439],[139.7569046,35.5463312],[139.7569193,35.5463434],[139.7566545,35.5465562],[139.7566397,35.5465439]]]}},{"type":"Feature","properties":{"gmlId":"bldg_b2ee8a8b-7a33-41b4-9438-1672397866d3","name":null,"usage":"不明","majorUsage":null,"usageCode":"461","majorUsageCode":null,"usageCodeSpace":"https://assets.cms.plateau.reearth.io/assets/2c/6a2f27-a1e1-466a-a8cf-4627060f7ca4/13111_ota-ku_pref_2025_citygml_1_op/codelists/Building_usage.xml","majorUsageCodeSpace":null,"measuredHeight":3.2,"storeysAboveGround":null,"rawMeasuredHeight":"3.2","rawStoreysAboveGround":"9999","category":"OTHER","city":"大田区","dataYear":2025,"geometrySource":"lod0RoofEdge","sourceMesh":"53392650"},"geometry":{"type":"Polygon","coordinates":[[[139.7567628,35.5463547],[139.7567834,35.5463718],[139.7567086,35.5464318],[139.7566881,35.5464147],[139.7567628,35.5463547]]]}},{"type":"Feature","properties":{"gmlId":"bldg_7e384012-813f-4ab5-9e0f-8f4ad36d3070","name":null,"usage":"不明","majorUsage":null,"usageCode":"461","majorUsageCode":null,"usageCodeSpace":"https://assets.cms.plateau.reearth.io/assets/2c/6a2f27-a1e1-466a-a8cf-4627060f7ca4/13111_ota-ku_pref_2025_citygml_1_op/codelists/Building_usage.xml","majorUsageCodeSpace":null,"measuredHeight":3.1,"storeysAboveGround":null,"rawMeasuredHeight":"3.1","rawStoreysAboveGround":"9999","category":"OTHER","city":"大田区","dataYear":2025,"geometrySource":"lod0RoofEdge","sourceMesh":"53392654"},"geometry":{"type":"Polygon","coordinates":[[[139.8026947,35.5455525],[139.8027204,35.5455633],[139.8027103,35.5455793],[139.8027241,35.5455851],[139.8027127,35.5456033],[139.8026997,35.5455978],[139.8026892,35.5456146],[139.8026628,35.5456035],[139.8026947,35.5455525]]]}},{"type":"Feature","properties":{"gmlId":"bldg_af00aedb-d45e-49e7-b1c0-d15802d04135","name":null,"usage":"不明","majorUsage":null,"usageCode":"461","majorUsageCode":null,"usageCodeSpace":"https://assets.cms.plateau.reearth.io/assets/2c/6a2f27-a1e1-466a-a8cf-4627060f7ca4/13111_ota-ku_pref_2025_citygml_1_op/codelists/Building_usage.xml","majorUsageCodeSpace":null,"measuredHeight":null,"storeysAboveGround":null,"rawMeasuredHeight":"-9999","rawStoreysAboveGround":"9999","category":"OTHER","city":"大田区","dataYear":2025,"geometrySource":"lod0RoofEdge","sourceMesh":"53392650"},"geometry":{"type":"Polygon","coordinates":[[[139.7564852,35.5466427],[139.7564711,35.5466311],[139.7568723,35.5463062],[139.7568864,35.5463179],[139.7564852,35.5466427]]]}},{"type":"Feature","properties":{"gmlId":"bldg_12da7a59-5a12-416e-ab57-76974235a1e3","name":null,"usage":"不明","majorUsage":null,"usageCode":"461","majorUsageCode":null,"usageCodeSpace":"https://assets.cms.plateau.reearth.io/assets/2c/6a2f27-a1e1-466a-a8cf-4627060f7ca4/13111_ota-ku_pref_2025_citygml_1_op/codelists/Building_usage.xml","majorUsageCodeSpace":null,"measuredHeight":3.1,"storeysAboveGround":null,"rawMeasuredHeight":"3.1","rawStoreysAboveGround":"9999","category":"OTHER","city":"大田区","dataYear":2025,"geometrySource":"lod0RoofEdge","sourceMesh":"53392650"},"geometry":{"type":"Polygon","coordinates":[[[139.7565427,35.5465672],[139.7565209,35.5465494],[139.7565944,35.5464893],[139.7566162,35.5465071],[139.7565427,35.5465672]]]}},{"type":"Feature","properties":{"gmlId":"bldg_56242ba5-e595-46b0-9425-d12997418733","name":null,"usage":"不明","majorUsage":null,"usageCode":"461","majorUsageCode":null,"usageCodeSpace":"https://assets.cms.plateau.reearth.io/assets/2c/6a2f27-a1e1-466a-a8cf-4627060f7ca4/13111_ota-ku_pref_2025_citygml_1_op/codelists/Building_usage.xml","majorUsageCodeSpace":null,"measuredHeight":null,"storeysAboveGround":null,"rawMeasuredHeight":"-9999","rawStoreysAboveGround":"9999","category":"OTHER","city":"大田区","dataYear":2025,"geometrySource":"lod0RoofEdge","sourceMesh":"53392650"},"geometry":{"type":"Polygon","coordinates":[[[139.7564799,35.5466729],[139.7565567,35.546608],[139.7565722,35.5466202],[139.7564954,35.5466851],[139.7564799,35.5466729]]]}},{"type":"Feature","properties":{"gmlId":"bldg_b931f9ba-dbee-417b-adb2-9b3c2de6186e","name":null,"usage":"不明","majorUsage":null,"usageCode":"461","majorUsageCode":null,"usageCodeSpace":"https://assets.cms.plateau.reearth.io/assets/2c/6a2f27-a1e1-466a-a8cf-4627060f7ca4/13111_ota-ku_pref_2025_citygml_1_op/codelists/Building_usage.xml","majorUsageCodeSpace":null,"measuredHeight":3,"storeysAboveGround":null,"rawMeasuredHeight":"3","rawStoreysAboveGround":"9999","category":"OTHER","city":"大田区","dataYear":2025,"geometrySource":"lod0RoofEdge","sourceMesh":"53392682"},"geometry":{"type":"Polygon","coordinates":[[[139.7817874,35.5684781],[139.7818192,35.5684342],[139.7819066,35.5684763],[139.7818748,35.5685203],[139.7817874,35.5684781]]]}},{"type":"Feature","properties":{"gmlId":"bldg_c9057c92-6d29-4b13-8278-1ac20469bb4e","name":null,"usage":"不明","majorUsage":null,"usageCode":"461","majorUsageCode":null,"usageCodeSpace":"https://assets.cms.plateau.reearth.io/assets/2c/6a2f27-a1e1-466a-a8cf-4627060f7ca4/13111_ota-ku_pref_2025_citygml_1_op/codelists/Building_usage.xml","majorUsageCodeSpace":null,"measuredHeight":2.8,"storeysAboveGround":null,"rawMeasuredHeight":"2.8","rawStoreysAboveGround":"9999","category":"OTHER","city":"大田区","dataYear":2025,"geometrySource":"lod0RoofEdge","sourceMesh":"53392654"},"geometry":{"type":"Polygon","coordinates":[[[139.8029975,35.5456624],[139.8030149,35.5456713],[139.8030021,35.5456881],[139.8029847,35.5456793],[139.8029975,35.5456624]]]}},{"type":"Feature","properties":{"gmlId":"bldg_5916b08f-2291-4a92-bdff-7c4e719931a9","name":null,"usage":"不明","majorUsage":null,"usageCode":"461","majorUsageCode":null,"usageCodeSpace":"https://assets.cms.plateau.reearth.io/assets/2c/6a2f27-a1e1-466a-a8cf-4627060f7ca4/13111_ota-ku_pref_2025_citygml_1_op/codelists/Building_usage.xml","majorUsageCodeSpace":null,"measuredHeight":null,"storeysAboveGround":null,"rawMeasuredHeight":"-9999","rawStoreysAboveGround":"9999","category":"OTHER","city":"大田区","dataYear":2025,"geometrySource":"lod0RoofEdge","sourceMesh":"53392660"},"geometry":{"type":"Polygon","coordinates":[[[139.7566144,35.5531567],[139.756598,35.5531747],[139.7565505,35.553146],[139.7565669,35.553128],[139.7566144,35.5531567]]]}},{"type":"Feature","properties":{"gmlId":"bldg_3c8407e2-72ae-451d-b9b6-554513520bb5","name":null,"usage":"不明","majorUsage":null,"usageCode":"461","majorUsageCode":null,"usageCodeSpace":"https://assets.cms.plateau.reearth.io/assets/2c/6a2f27-a1e1-466a-a8cf-4627060f7ca4/13111_ota-ku_pref_2025_citygml_1_op/codelists/Building_usage.xml","majorUsageCodeSpace":null,"measuredHeight":3.1,"storeysAboveGround":null,"rawMeasuredHeight":"3.1","rawStoreysAboveGround":"9999","category":"OTHER","city":"大田区","dataYear":2025,"geometrySource":"lod0RoofEdge","sourceMesh":"53392650"},"geometry":{"type":"Polygon","coordinates":[[[139.7562878,35.5471689],[139.7562635,35.5471495],[139.7563115,35.5471093],[139.7563358,35.5471287],[139.7562878,35.5471689]]]}},{"type":"Feature","properties":{"gmlId":"bldg_7cc48426-20ac-40a0-99ea-f6c8d6f41e71","name":null,"usage":"不明","majorUsage":null,"usageCode":"461","majorUsageCode":null,"usageCodeSpace":"https://assets.cms.plateau.reearth.io/assets/2c/6a2f27-a1e1-466a-a8cf-4627060f7ca4/13111_ota-ku_pref_2025_citygml_1_op/codelists/Building_usage.xml","majorUsageCodeSpace":null,"measuredHeight":2.9,"storeysAboveGround":null,"rawMeasuredHeight":"2.9","rawStoreysAboveGround":"9999","category":"OTHER","city":"大田区","dataYear":2025,"geometrySource":"lod0RoofEdge","sourceMesh":"53392654"},"geometry":{"type":"Polygon","coordinates":[[[139.8030531,35.5455782],[139.8030768,35.5455893],[139.8030224,35.5456675],[139.8029987,35.5456564],[139.8030531,35.5455782]]]}},{"type":"Feature","properties":{"gmlId":"bldg_6b4c9c4a-c3be-428a-bfa5-adf0645f38d7","name":null,"usage":"不明","majorUsage":null,"usageCode":"461","majorUsageCode":null,"usageCodeSpace":"https://assets.cms.plateau.reearth.io/assets/2c/6a2f27-a1e1-466a-a8cf-4627060f7ca4/13111_ota-ku_pref_2025_citygml_1_op/codelists/Building_usage.xml","majorUsageCodeSpace":null,"measuredHeight":10.9,"storeysAboveGround":null,"rawMeasuredHeight":"10.9","rawStoreysAboveGround":"9999","category":"OTHER","city":"大田区","dataYear":2025,"geometrySource":"lod0RoofEdge","sourceMesh":"53392650"},"geometry":{"type":"Polygon","coordinates":[[[139.7562004,35.5472498],[139.7561602,35.5472369],[139.7561903,35.5471744],[139.7561944,35.5471757],[139.7562029,35.547158],[139.7562325,35.5471675],[139.7562248,35.5471834],[139.7562314,35.5471855],[139.7562004,35.5472498]]]}},{"type":"Feature","properties":{"gmlId":"bldg_967f4314-b5ea-4b2b-8c68-ec9f850c3565","name":null,"usage":"不明","majorUsage":null,"usageCode":"461","majorUsageCode":null,"usageCodeSpace":"https://assets.cms.plateau.reearth.io/assets/2c/6a2f27-a1e1-466a-a8cf-4627060f7ca4/13111_ota-ku_pref_2025_citygml_1_op/codelists/Building_usage.xml","majorUsageCodeSpace":null,"measuredHeight":null,"storeysAboveGround":null,"rawMeasuredHeight":"-9999","rawStoreysAboveGround":"9999","category":"OTHER","city":"大田区","dataYear":2025,"geometrySource":"lod0RoofEdge","sourceMesh":"53392650"},"geometry":{"type":"Polygon","coordinates":[[[139.75617,35.5470778],[139.7561798,35.5470822],[139.7561714,35.5470945],[139.7561616,35.54709],[139.75617,35.5470778]]]}},{"type":"Feature","properties":{"gmlId":"bldg_3f0a6757-e9da-44db-8640-3c73b64a36e2","name":null,"usage":"不明","majorUsage":null,"usageCode":"461","majorUsageCode":null,"usageCodeSpace":"https://assets.cms.plateau.reearth.io/assets/2c/6a2f27-a1e1-466a-a8cf-4627060f7ca4/13111_ota-ku_pref_2025_citygml_1_op/codelists/Building_usage.xml","majorUsageCodeSpace":null,"measuredHeight":null,"storeysAboveGround":null,"rawMeasuredHeight":"-9999","rawStoreysAboveGround":"9999","category":"OTHER","city":"大田区","dataYear":2025,"geometrySource":"lod0RoofEdge","sourceMesh":"53392650"},"geometry":{"type":"Polygon","coordinates":[[[139.7557733,35.5493131],[139.7557485,35.5492941],[139.7557567,35.549287],[139.7557815,35.5493059],[139.7557733,35.5493131]]]}},{"type":"Feature","properties":{"gmlId":"bldg_5ca0ad24-d55a-4e41-8b41-fe93ab33cc25","name":null,"usage":"その他","majorUsage":null,"usageCode":"454","majorUsageCode":null,"usageCodeSpace":"https://assets.cms.plateau.reearth.io/assets/2c/6a2f27-a1e1-466a-a8cf-4627060f7ca4/13111_ota-ku_pref_2025_citygml_1_op/codelists/Building_usage.xml","majorUsageCodeSpace":null,"measuredHeight":3.8,"storeysAboveGround":null,"rawMeasuredHeight":"3.8","rawStoreysAboveGround":"9999","category":"OTHER","city":"大田区","dataYear":2025,"geometrySource":"lod0RoofEdge","sourceMesh":"53392671"},"geometry":{"type":"Polygon","coordinates":[[[139.7655458,35.5652802],[139.765499,35.5652713],[139.7655098,35.5652332],[139.7655566,35.5652421],[139.7655458,35.5652802]]]}},{"type":"Feature","properties":{"gmlId":"bldg_b7feaa1a-da7f-4429-9f5b-5f56f63fec8d","name":null,"usage":"その他","majorUsage":null,"usageCode":"454","majorUsageCode":null,"usageCodeSpace":"https://assets.cms.plateau.reearth.io/assets/2c/6a2f27-a1e1-466a-a8cf-4627060f7ca4/13111_ota-ku_pref_2025_citygml_1_op/codelists/Building_usage.xml","majorUsageCodeSpace":null,"measuredHeight":3.9,"storeysAboveGround":null,"rawMeasuredHeight":"3.9","rawStoreysAboveGround":"9999","category":"OTHER","city":"大田区","dataYear":2025,"geometrySource":"lod0RoofEdge","sourceMesh":"53392671"},"geometry":{"type":"Polygon","coordinates":[[[139.7654881,35.5652811],[139.7654424,35.5652729],[139.765453,35.5652338],[139.7654986,35.565242],[139.7654881,35.5652811]]]}},{"type":"Feature","properties":{"gmlId":"bldg_5db60b9d-9002-4af1-8013-a39237d1475d","name":null,"usage":"不明","majorUsage":null,"usageCode":"461","majorUsageCode":null,"usageCodeSpace":"https://assets.cms.plateau.reearth.io/assets/2c/6a2f27-a1e1-466a-a8cf-4627060f7ca4/13111_ota-ku_pref_2025_citygml_1_op/codelists/Building_usage.xml","majorUsageCodeSpace":null,"measuredHeight":2.6,"storeysAboveGround":null,"rawMeasuredHeight":"2.6","rawStoreysAboveGround":"9999","category":"OTHER","city":"大田区","dataYear":2025,"geometrySource":"lod0RoofEdge","sourceMesh":"53392660"},"geometry":{"type":"Polygon","coordinates":[[[139.755538,35.550405],[139.7555618,35.5503914],[139.7555977,35.5504334],[139.7555739,35.550447],[139.755538,35.550405]]]}},{"type":"Feature","properties":{"gmlId":"bldg_519e8d31-0dfe-40c1-999e-81dd0becbb16","name":null,"usage":"不明","majorUsage":null,"usageCode":"461","majorUsageCode":null,"usageCodeSpace":"https://assets.cms.plateau.reearth.io/assets/2c/6a2f27-a1e1-466a-a8cf-4627060f7ca4/13111_ota-ku_pref_2025_citygml_1_op/codelists/Building_usage.xml","majorUsageCodeSpace":null,"measuredHeight":6,"storeysAboveGround":null,"rawMeasuredHeight":"6","rawStoreysAboveGround":"9999","category":"OTHER","city":"大田区","dataYear":2025,"geometrySource":"lod0RoofEdge","sourceMesh":"53392670"},"geometry":{"type":"Polygon","coordinates":[[[139.7612741,35.5622361],[139.7611778,35.5621854],[139.7611825,35.5621851],[139.7612071,35.5621918],[139.76123,35.5622015],[139.7612509,35.5622141],[139.761269,35.5622292],[139.7612741,35.5622361]]]}},{"type":"Feature","properties":{"gmlId":"bldg_54e8d8bc-f9d9-4668-93e9-be8aedf7849b","name":null,"usage":"不明","majorUsage":null,"usageCode":"461","majorUsageCode":null,"usageCodeSpace":"https://assets.cms.plateau.reearth.io/assets/2c/6a2f27-a1e1-466a-a8cf-4627060f7ca4/13111_ota-ku_pref_2025_citygml_1_op/codelists/Building_usage.xml","majorUsageCodeSpace":null,"measuredHeight":47.6,"storeysAboveGround":null,"rawMeasuredHeight":"47.6","rawStoreysAboveGround":"9999","category":"OTHER","city":"大田区","dataYear":2025,"geometrySource":"lod0RoofEdge","sourceMesh":"53392650"},"geometry":{"type":"Polygon","coordinates":[[[139.7554023,35.5487116],[139.7554349,35.5486891],[139.7554191,35.5486738],[139.7556756,35.5486067],[139.7559041,35.5487977],[139.7560833,35.5489476],[139.7561,35.5489611],[139.7559493,35.5491155],[139.7559361,35.5491025],[139.7559063,35.5491257],[139.7559224,35.5491377],[139.7557589,35.5492816],[139.755744,35.5492686],[139.755717,35.5492917],[139.7557307,35.5493037],[139.7555461,35.5494282],[139.7555317,35.5494162],[139.7555035,35.5494396],[139.7555184,35.5494515],[139.7553071,35.5495532],[139.7552872,35.5495352],[139.7552853,35.5495365],[139.7552548,35.549556],[139.755272,35.5495711],[139.7549336,35.5497528],[139.7545717,35.5493027],[139.7546964,35.5491002],[139.7546698,35.5490789],[139.7547564,35.5490089],[139.7550567,35.5487658],[139.7551154,35.5487516],[139.7553786,35.5486878],[139.7554023,35.5487116]],[[139.7550393,35.5493274],[139.7549898,35.5492863],[139.7549896,35.5492861],[139.7549374,35.5493127],[139.7549741,35.54936],[139.7550108,35.5493416],[139.7550393,35.5493274]]]}},{"type":"Feature","properties":{"gmlId":"bldg_89a7a106-707d-4523-9ae9-bc9245f53f74","name":null,"usage":"その他","majorUsage":null,"usageCode":"454","majorUsageCode":null,"usageCodeSpace":"https://assets.cms.plateau.reearth.io/assets/2c/6a2f27-a1e1-466a-a8cf-4627060f7ca4/13111_ota-ku_pref_2025_citygml_1_op/codelists/Building_usage.xml","majorUsageCodeSpace":null,"measuredHeight":7.7,"storeysAboveGround":null,"rawMeasuredHeight":"7.7","rawStoreysAboveGround":"9999","category":"OTHER","city":"大田区","dataYear":2025,"geometrySource":"lod0RoofEdge","sourceMesh":"53392671"},"geometry":{"type":"Polygon","coordinates":[[[139.7654126,35.5654692],[139.7653741,35.5654185],[139.7654237,35.5653934],[139.7654622,35.5654441],[139.7654126,35.5654692]]]}},{"type":"Feature","properties":{"gmlId":"bldg_1bfbfaf1-942b-4a34-b28a-22e8395b4642","name":null,"usage":"不明","majorUsage":null,"usageCode":"461","majorUsageCode":null,"usageCodeSpace":"https://assets.cms.plateau.reearth.io/assets/2c/6a2f27-a1e1-466a-a8cf-4627060f7ca4/13111_ota-ku_pref_2025_citygml_1_op/codelists/Building_usage.xml","majorUsageCodeSpace":null,"measuredHeight":5.6,"storeysAboveGround":null,"rawMeasuredHeight":"5.6","rawStoreysAboveGround":"9999","category":"OTHER","city":"大田区","dataYear":2025,"geometrySource":"lod0RoofEdge","sourceMesh":"53392660"},"geometry":{"type":"Polygon","coordinates":[[[139.7569577,35.5565318],[139.7569491,35.5564962],[139.7569541,35.5564954],[139.7569448,35.5564576],[139.7569676,35.5564538],[139.7569774,35.5564939],[139.7570159,35.5564876],[139.7570242,35.5565209],[139.7569577,35.5565318]]]}},{"type":"Feature","properties":{"gmlId":"bldg_1911ff0f-19d9-4929-b646-21eb85273007","name":null,"usage":"不明","majorUsage":null,"usageCode":"461","majorUsageCode":null,"usageCodeSpace":"https://assets.cms.plateau.reearth.io/assets/2c/6a2f27-a1e1-466a-a8cf-4627060f7ca4/13111_ota-ku_pref_2025_citygml_1_op/codelists/Building_usage.xml","majorUsageCodeSpace":null,"measuredHeight":2.7,"storeysAboveGround":null,"rawMeasuredHeight":"2.7","rawStoreysAboveGround":"9999","category":"OTHER","city":"大田区","dataYear":2025,"geometrySource":"lod0RoofEdge","sourceMesh":"53392660"},"geometry":{"type":"Polygon","coordinates":[[[139.7569597,35.5565743],[139.7569547,35.5565531],[139.7570164,35.5565434],[139.7570215,35.5565645],[139.7569597,35.5565743]]]}},{"type":"Feature","properties":{"gmlId":"bldg_330bb0f2-409d-4f0e-9793-18e445e530ba","name":null,"usage":"工場","majorUsage":null,"usageCode":"441","majorUsageCode":null,"usageCodeSpace":"https://assets.cms.plateau.reearth.io/assets/2c/6a2f27-a1e1-466a-a8cf-4627060f7ca4/13111_ota-ku_pref_2025_citygml_1_op/codelists/Building_usage.xml","majorUsageCodeSpace":null,"measuredHeight":11.2,"storeysAboveGround":2,"rawMeasuredHeight":"11.2","rawStoreysAboveGround":"2","category":"OTHER","city":"大田区","dataYear":2025,"geometrySource":"lod0RoofEdge","sourceMesh":"53392671"},"geometry":{"type":"Polygon","coordinates":[[[139.7651762,35.565286],[139.7649979,35.5653765],[139.764961,35.565328],[139.7651393,35.5652376],[139.7651762,35.565286]]]}},{"type":"Feature","properties":{"gmlId":"bldg_990aa432-0162-4015-b722-33bcdbd4b7e6","name":null,"usage":"不明","majorUsage":null,"usageCode":"461","majorUsageCode":null,"usageCodeSpace":"https://assets.cms.plateau.reearth.io/assets/2c/6a2f27-a1e1-466a-a8cf-4627060f7ca4/13111_ota-ku_pref_2025_citygml_1_op/codelists/Building_usage.xml","majorUsageCodeSpace":null,"measuredHeight":2.6,"storeysAboveGround":null,"rawMeasuredHeight":"2.6","rawStoreysAboveGround":"9999","category":"OTHER","city":"大田区","dataYear":2025,"geometrySource":"lod0RoofEdge","sourceMesh":"53392660"},"geometry":{"type":"Polygon","coordinates":[[[139.75697,35.5566081],[139.7569641,35.5565871],[139.7570239,35.5565758],[139.7570298,35.5565968],[139.75697,35.5566081]]]}},{"type":"Feature","properties":{"gmlId":"bldg_aa880a11-6df8-4e60-8be1-36776d3e7a4f","name":null,"usage":"不明","majorUsage":null,"usageCode":"461","majorUsageCode":null,"usageCodeSpace":"https://assets.cms.plateau.reearth.io/assets/2c/6a2f27-a1e1-466a-a8cf-4627060f7ca4/13111_ota-ku_pref_2025_citygml_1_op/codelists/Building_usage.xml","majorUsageCodeSpace":null,"measuredHeight":12.4,"storeysAboveGround":null,"rawMeasuredHeight":"12.4","rawStoreysAboveGround":"9999","category":"OTHER","city":"大田区","dataYear":2025,"geometrySource":"lod0RoofEdge","sourceMesh":"53392670"},"geometry":{"type":"Polygon","coordinates":[[[139.761108,35.5624463],[139.7612741,35.5622361],[139.7612841,35.5622464],[139.7612957,35.5622654],[139.7613035,35.5622855],[139.7613074,35.5623064],[139.7613071,35.5623276],[139.7613029,35.5623485],[139.7612946,35.5623685],[139.7612827,35.5623873],[139.7612673,35.5624043],[139.7612489,35.5624192],[139.7612278,35.5624315],[139.7612046,35.5624409],[139.7611799,35.5624473],[139.7611543,35.5624504],[139.7611285,35.5624503],[139.761108,35.5624463]]]}},{"type":"Feature","properties":{"gmlId":"bldg_6eb6f030-457f-47a9-adf1-ab675ca56187","name":null,"usage":"不明","majorUsage":null,"usageCode":"461","majorUsageCode":null,"usageCodeSpace":"https://assets.cms.plateau.reearth.io/assets/2c/6a2f27-a1e1-466a-a8cf-4627060f7ca4/13111_ota-ku_pref_2025_citygml_1_op/codelists/Building_usage.xml","majorUsageCodeSpace":null,"measuredHeight":2.7,"storeysAboveGround":null,"rawMeasuredHeight":"2.7","rawStoreysAboveGround":"9999","category":"OTHER","city":"大田区","dataYear":2025,"geometrySource":"lod0RoofEdge","sourceMesh":"53392644"},"geometry":{"type":"Polygon","coordinates":[[[139.8004701,35.5387316],[139.8004834,35.5387128],[139.8005356,35.5387375],[139.8005224,35.5387562],[139.8004701,35.5387316]]]}},{"type":"Feature","properties":{"gmlId":"bldg_1807d479-18a0-4d51-96af-e744472e8f8e","name":null,"usage":"不明","majorUsage":null,"usageCode":"461","majorUsageCode":null,"usageCodeSpace":"https://assets.cms.plateau.reearth.io/assets/2c/6a2f27-a1e1-466a-a8cf-4627060f7ca4/13111_ota-ku_pref_2025_citygml_1_op/codelists/Building_usage.xml","majorUsageCodeSpace":null,"measuredHeight":2.6,"storeysAboveGround":null,"rawMeasuredHeight":"2.6","rawStoreysAboveGround":"9999","category":"OTHER","city":"大田区","dataYear":2025,"geometrySource":"lod0RoofEdge","sourceMesh":"53392660"},"geometry":{"type":"Polygon","coordinates":[[[139.7569265,35.5565728],[139.7569234,35.5565591],[139.7569461,35.5565557],[139.7569493,35.5565694],[139.7569265,35.5565728]]]}},{"type":"Feature","properties":{"gmlId":"bldg_7ade5568-5af0-4656-b993-2e45a8b02b58","name":null,"usage":"不明","majorUsage":null,"usageCode":"461","majorUsageCode":null,"usageCodeSpace":"https://assets.cms.plateau.reearth.io/assets/2c/6a2f27-a1e1-466a-a8cf-4627060f7ca4/13111_ota-ku_pref_2025_citygml_1_op/codelists/Building_usage.xml","majorUsageCodeSpace":null,"measuredHeight":2.5,"storeysAboveGround":null,"rawMeasuredHeight":"2.5","rawStoreysAboveGround":"9999","category":"OTHER","city":"大田区","dataYear":2025,"geometrySource":"lod0RoofEdge","sourceMesh":"53392660"},"geometry":{"type":"Polygon","coordinates":[[[139.7568818,35.5565131],[139.7568787,35.556502],[139.7569155,35.5564951],[139.7569186,35.5565063],[139.7568818,35.5565131]]]}},{"type":"Feature","properties":{"gmlId":"bldg_602119b0-bdfb-411f-afab-75b23e830362","name":null,"usage":"不明","majorUsage":null,"usageCode":"461","majorUsageCode":null,"usageCodeSpace":"https://assets.cms.plateau.reearth.io/assets/2c/6a2f27-a1e1-466a-a8cf-4627060f7ca4/13111_ota-ku_pref_2025_citygml_1_op/codelists/Building_usage.xml","majorUsageCodeSpace":null,"measuredHeight":12.8,"storeysAboveGround":null,"rawMeasuredHeight":"12.8","rawStoreysAboveGround":"9999","category":"OTHER","city":"大田区","dataYear":2025,"geometrySource":"lod0RoofEdge","sourceMesh":"53392670"},"geometry":{"type":"Polygon","coordinates":[[[139.761108,35.5624463],[139.7610119,35.5623957],[139.7611778,35.5621854],[139.7612741,35.5622361],[139.761108,35.5624463]]]}},{"type":"Feature","properties":{"gmlId":"bldg_99f17122-126f-4dd2-8713-0b997a3f12f9","name":null,"usage":"不明","majorUsage":null,"usageCode":"461","majorUsageCode":null,"usageCodeSpace":"https://assets.cms.plateau.reearth.io/assets/2c/6a2f27-a1e1-466a-a8cf-4627060f7ca4/13111_ota-ku_pref_2025_citygml_1_op/codelists/Building_usage.xml","majorUsageCodeSpace":null,"measuredHeight":null,"storeysAboveGround":null,"rawMeasuredHeight":"-9999","rawStoreysAboveGround":"9999","category":"OTHER","city":"大田区","dataYear":2025,"geometrySource":"lod0RoofEdge","sourceMesh":"53392670"},"geometry":{"type":"Polygon","coordinates":[[[139.7611778,35.5621854],[139.7610119,35.5623957],[139.7610014,35.5623856],[139.7609898,35.5623667],[139.760982,35.5623465],[139.7609782,35.5623256],[139.7609783,35.5623044],[139.7609826,35.5622836],[139.7609908,35.5622635],[139.7610027,35.5622447],[139.7610181,35.5622277],[139.7610365,35.5622128],[139.7610576,35.5622005],[139.7610808,35.5621911],[139.7611055,35.5621847],[139.7611311,35.5621815],[139.761157,35.5621817],[139.7611778,35.5621854]]]}},{"type":"Feature","properties":{"gmlId":"bldg_0388ce10-fafe-47ad-b435-0a6b44097a7f","name":null,"usage":"不明","majorUsage":null,"usageCode":"461","majorUsageCode":null,"usageCodeSpace":"https://assets.cms.plateau.reearth.io/assets/2c/6a2f27-a1e1-466a-a8cf-4627060f7ca4/13111_ota-ku_pref_2025_citygml_1_op/codelists/Building_usage.xml","majorUsageCodeSpace":null,"measuredHeight":3,"storeysAboveGround":null,"rawMeasuredHeight":"3","rawStoreysAboveGround":"9999","category":"OTHER","city":"大田区","dataYear":2025,"geometrySource":"lod0RoofEdge","sourceMesh":"53392660"},"geometry":{"type":"Polygon","coordinates":[[[139.7568752,35.5565558],[139.7568714,35.5565401],[139.7569239,35.5565315],[139.7569277,35.5565471],[139.7568752,35.5565558]]]}},{"type":"Feature","properties":{"gmlId":"bldg_c36e6619-932e-48a5-be1e-9d8c55be0185","name":null,"usage":"不明","majorUsage":null,"usageCode":"461","majorUsageCode":null,"usageCodeSpace":"https://assets.cms.plateau.reearth.io/assets/2c/6a2f27-a1e1-466a-a8cf-4627060f7ca4/13111_ota-ku_pref_2025_citygml_1_op/codelists/Building_usage.xml","majorUsageCodeSpace":null,"measuredHeight":5.4,"storeysAboveGround":null,"rawMeasuredHeight":"5.4","rawStoreysAboveGround":"9999","category":"OTHER","city":"大田区","dataYear":2025,"geometrySource":"lod0RoofEdge","sourceMesh":"53392660"},"geometry":{"type":"Polygon","coordinates":[[[139.7572341,35.5572036],[139.7572614,35.5572184],[139.7572438,35.5572401],[139.7572509,35.557244],[139.7572341,35.5572645],[139.7571946,35.5572429],[139.7572122,35.5572214],[139.7572173,35.5572241],[139.7572341,35.5572036]]]}},{"type":"Feature","properties":{"gmlId":"bldg_6a32f8e5-7444-4c88-a8d0-7c02de72b01b","name":null,"usage":"工場","majorUsage":null,"usageCode":"441","majorUsageCode":null,"usageCodeSpace":"https://assets.cms.plateau.reearth.io/assets/2c/6a2f27-a1e1-466a-a8cf-4627060f7ca4/13111_ota-ku_pref_2025_citygml_1_op/codelists/Building_usage.xml","majorUsageCodeSpace":null,"measuredHeight":8.3,"storeysAboveGround":2,"rawMeasuredHeight":"8.3","rawStoreysAboveGround":"2","category":"OTHER","city":"大田区","dataYear":2025,"geometrySource":"lod0RoofEdge","sourceMesh":"53392671"},"geometry":{"type":"Polygon","coordinates":[[[139.765166,35.5653023],[139.765338,35.5655372],[139.7651831,35.565613],[139.7650111,35.5653781],[139.765166,35.5653023]]]}},{"type":"Feature","properties":{"gmlId":"bldg_e9131d8c-8565-4967-85f3-896caf81e8b5","name":null,"usage":"不明","majorUsage":null,"usageCode":"461","majorUsageCode":null,"usageCodeSpace":"https://assets.cms.plateau.reearth.io/assets/2c/6a2f27-a1e1-466a-a8cf-4627060f7ca4/13111_ota-ku_pref_2025_citygml_1_op/codelists/Building_usage.xml","majorUsageCodeSpace":null,"measuredHeight":1.3,"storeysAboveGround":null,"rawMeasuredHeight":"1.3","rawStoreysAboveGround":"9999","category":"OTHER","city":"大田区","dataYear":2025,"geometrySource":"lod0RoofEdge","sourceMesh":"53392644"},"geometry":{"type":"Polygon","coordinates":[[[139.8005298,35.53871],[139.8005385,35.5386974],[139.8005591,35.5387069],[139.8005503,35.5387196],[139.8005298,35.53871]]]}},{"type":"Feature","properties":{"gmlId":"bldg_aa4fa4c0-bd40-4f03-811c-b5986961c7c7","name":null,"usage":"不明","majorUsage":null,"usageCode":"461","majorUsageCode":null,"usageCodeSpace":"https://assets.cms.plateau.reearth.io/assets/2c/6a2f27-a1e1-466a-a8cf-4627060f7ca4/13111_ota-ku_pref_2025_citygml_1_op/codelists/Building_usage.xml","majorUsageCodeSpace":null,"measuredHeight":5.8,"storeysAboveGround":null,"rawMeasuredHeight":"5.8","rawStoreysAboveGround":"9999","category":"OTHER","city":"大田区","dataYear":2025,"geometrySource":"lod0RoofEdge","sourceMesh":"53392660"},"geometry":{"type":"Polygon","coordinates":[[[139.7569091,35.5565823],[139.7569138,35.5566042],[139.7569052,35.5566055],[139.7569095,35.5566252],[139.7568844,35.5566288],[139.7568797,35.5566071],[139.7568694,35.5566087],[139.7568651,35.5565887],[139.7569091,35.5565823]]]}},{"type":"Feature","properties":{"gmlId":"bldg_bc5cc1f6-1888-476d-9a5f-d042bd632432","name":null,"usage":"不明","majorUsage":null,"usageCode":"461","majorUsageCode":null,"usageCodeSpace":"https://assets.cms.plateau.reearth.io/assets/2c/6a2f27-a1e1-466a-a8cf-4627060f7ca4/13111_ota-ku_pref_2025_citygml_1_op/codelists/Building_usage.xml","majorUsageCodeSpace":null,"measuredHeight":5.8,"storeysAboveGround":null,"rawMeasuredHeight":"5.8","rawStoreysAboveGround":"9999","category":"OTHER","city":"大田区","dataYear":2025,"geometrySource":"lod0RoofEdge","sourceMesh":"53392660"},"geometry":{"type":"Polygon","coordinates":[[[139.7571621,35.5571662],[139.7571899,35.5571804],[139.7571741,35.5572009],[139.7571805,35.5572041],[139.757165,35.5572241],[139.7571269,35.5572047],[139.7571424,35.5571843],[139.7571465,35.5571865],[139.7571621,35.5571662]]]}},{"type":"Feature","properties":{"gmlId":"bldg_16457e3e-242c-4a12-bf81-45704e8bde92","name":null,"usage":"不明","majorUsage":null,"usageCode":"461","majorUsageCode":null,"usageCodeSpace":"https://assets.cms.plateau.reearth.io/assets/2c/6a2f27-a1e1-466a-a8cf-4627060f7ca4/13111_ota-ku_pref_2025_citygml_1_op/codelists/Building_usage.xml","majorUsageCodeSpace":null,"measuredHeight":5.5,"storeysAboveGround":null,"rawMeasuredHeight":"5.5","rawStoreysAboveGround":"9999","category":"OTHER","city":"大田区","dataYear":2025,"geometrySource":"lod0RoofEdge","sourceMesh":"53392660"},"geometry":{"type":"Polygon","coordinates":[[[139.7568112,35.5565126],[139.7568347,35.5565089],[139.7568394,35.5565282],[139.7568159,35.5565319],[139.7568112,35.5565126]]]}}]}